ISO-10303-21;
HEADER;
FILE_DESCRIPTION (( 'STEP AP203' ),
    '1' );
FILE_NAME ('base_Default_sldprt.STEP',
    '2026-05-08T17:32:03',
    ( '' ),
    ( '' ),
    'SwSTEP 2.0',
    'SolidWorks 2024',
    '' );
FILE_SCHEMA (( 'CONFIG_CONTROL_DESIGN' ));
ENDSEC;

DATA;
#1 = LOCAL_TIME ( 19, 32, 3.000000000000000000, #719 ) ;
#2 = VECTOR ( 'NONE', #1254, 1000.000000000000000 ) ;
#3 = CARTESIAN_POINT ( 'NONE',  ( -135.0000000000000284, 150.0000000000000284, -39.99999999999997158 ) ) ;
#4 = AXIS2_PLACEMENT_3D ( 'NONE', #1111, #514, #1696 ) ;
#5 = CARTESIAN_POINT ( 'NONE',  ( -68.00315809295231873, 145.1262939278165049, -48.60105292902596830 ) ) ;
#6 = EDGE_CURVE ( 'NONE', #286, #64, #438, .T. ) ;
#7 = AXIS2_PLACEMENT_3D ( 'NONE', #1718, #1197, #252 ) ;
#8 = CARTESIAN_POINT ( 'NONE',  ( -77.06169037889721096, 149.4793682660771310, 43.19750205077527028 ) ) ;
#9 = DIRECTION ( 'NONE',  ( 0.000000000000000000, 1.000000000000000000, -1.387778780781445676E-15 ) ) ;
#10 = VERTEX_POINT ( 'NONE', #304 ) ;
#11 = CARTESIAN_POINT ( 'NONE',  ( -60.23324324777909311, 119.4387874523969373, 49.99999999999985079 ) ) ;
#12 = ORIENTED_EDGE ( 'NONE', *, *, #234, .T. ) ;
#13 = ADVANCED_FACE ( 'NONE', ( #836 ), #1216, .F. ) ;
#14 =( BOUNDED_SURFACE ( )  B_SPLINE_SURFACE ( 3, 2, ( 
 ( #392, #1043, #1693 ),
 ( #1466, #1314, #529 ),
 ( #114, #1724, #267 ),
 ( #236, #1335, #501 ),
 ( #399, #1566, #647 ),
 ( #1590, #1062, #105 ) ),
 .UNSPECIFIED., .F., .F., .T. ) 
 B_SPLINE_SURFACE_WITH_KNOTS ( ( 4, 2, 4 ),
 ( 3, 3 ),
 ( 0.000000000000000000, 0.03128961449456318239, 0.06257922898912636478 ),
 ( 0.000000000000000000, 1.000000000000000000 ),
 .UNSPECIFIED. ) 
 GEOMETRIC_REPRESENTATION_ITEM ( )  RATIONAL_B_SPLINE_SURFACE ( (
 ( 1.000000000000000000, 0.9164645358378656903, 1.000000000000000000),
 ( 1.000000000000000000, 0.9191866006903303132, 1.000000000000000000),
 ( 1.000000000000000000, 0.9220143675390269911, 1.000000000000000000),
 ( 1.000000000000000000, 0.9279076106118376854, 1.000000000000000000),
 ( 1.000000000000000000, 0.9309730818495014493, 1.000000000000000000),
 ( 1.000000000000000000, 0.9341720921825878987, 1.000000000000000000) ) ) 
 REPRESENTATION_ITEM ( '' )  SURFACE ( )  );
#15 = CARTESIAN_POINT ( 'NONE',  ( -105.0000000000000426, 70.00000000000000000, 50.00000000000002132 ) ) ;
#16 = ORIENTED_EDGE ( 'NONE', *, *, #752, .T. ) ;
#17 = CARTESIAN_POINT ( 'NONE',  ( -63.70205301579529333, 156.0020152136505942, -47.56598953707497657 ) ) ;
#18 = CARTESIAN_POINT ( 'NONE',  ( -68.05942881510829068, 151.1115167678730984, 40.03252434726016418 ) ) ;
#19 = CARTESIAN_POINT ( 'NONE',  ( -60.75185481078094085, 152.0462247857585965, -50.51387159521578241 ) ) ;
#20 = ORIENTED_EDGE ( 'NONE', *, *, #643, .F. ) ;
#21 = DIRECTION ( 'NONE',  ( 0.000000000000000000, 0.000000000000000000, -1.000000000000000000 ) ) ;
#22 = VERTEX_POINT ( 'NONE', #1508 ) ;
#23 = ORIENTED_EDGE ( 'NONE', *, *, #1253, .T. ) ;
#24 = CARTESIAN_POINT ( 'NONE',  ( -66.38113033275052999, 143.7444525736771652, -49.27614094113592103 ) ) ;
#25 = CARTESIAN_POINT ( 'NONE',  ( -77.41191866876619088, 149.5685837198684283, 42.92013299090445599 ) ) ;
#26 = DIRECTION ( 'NONE',  ( -0.000000000000000000, 1.000000000000000000, -0.000000000000000000 ) ) ;
#27 = ORIENTED_EDGE ( 'NONE', *, *, #254, .F. ) ;
#28 = DIRECTION ( 'NONE',  ( -1.000000000000000000, -0.000000000000000000, -0.000000000000000000 ) ) ;
#29 = ADVANCED_FACE ( 'NONE', ( #559 ), #679, .F. ) ;
#30 = EDGE_LOOP ( 'NONE', ( #1204, #1217 ) ) ;
#31 = CARTESIAN_POINT ( 'NONE',  ( -61.61945075965302010, 145.8887211891361915, -48.41319523133971359 ) ) ;
#32 = VECTOR ( 'NONE', #513, 1000.000000000000000 ) ;
#33 = CARTESIAN_POINT ( 'NONE',  ( -69.36491213983975967, 150.9661882587801074, -38.33354148872086142 ) ) ;
#34 = CIRCLE ( 'NONE', #1028, 61.91391109268658965 ) ;
#35 = CARTESIAN_POINT ( 'NONE',  ( -76.09368350484936627, 149.2107860576947473, 43.92417741047519542 ) ) ;
#36 = CIRCLE ( 'NONE', #1109, 10.00000000000000178 ) ;
#37 = PLANE ( 'NONE',  #409 ) ;
#38 = VERTEX_POINT ( 'NONE', #1087 ) ;
#39 = CARTESIAN_POINT ( 'NONE',  ( 0.000000000000000000, 159.9999999999999716, 7.500000000000000000 ) ) ;
#40 = ORIENTED_EDGE ( 'NONE', *, *, #1265, .F. ) ;
#41 = CARTESIAN_POINT ( 'NONE',  ( -57.18666222060886639, 144.0709169111553365, -53.05748874749252764 ) ) ;
#42 = CARTESIAN_POINT ( 'NONE',  ( -69.93815967031389391, 150.8190575596809708, -37.82726283084046770 ) ) ;
#43 = CARTESIAN_POINT ( 'NONE',  ( -74.21058745788729993, 148.5410593513381627, 45.20661252762715776 ) ) ;
#44 = APPROVAL_STATUS ( 'not_yet_approved' ) ;
#45 = EDGE_LOOP ( 'NONE', ( #393, #581, #122, #530 ) ) ;
#46 = DIRECTION ( 'NONE',  ( 1.850371707708594563E-16, -0.000000000000000000, 1.000000000000000000 ) ) ;
#47 = ORIENTED_EDGE ( 'NONE', *, *, #6, .T. ) ;
#48 = CARTESIAN_POINT ( 'NONE',  ( -175.0000000000000568, 0.000000000000000000, -39.99999999999996447 ) ) ;
#49 = EDGE_CURVE ( 'NONE', #993, #383, #933, .T. ) ;
#50 = LINE ( 'NONE', #202, #847 ) ;
#51 = CARTESIAN_POINT ( 'NONE',  ( -68.83824163311004440, 160.0000000000009948, -40.76319217417136542 ) ) ;
#52 = CARTESIAN_POINT ( 'NONE',  ( -105.0000000000000426, 80.00000000000000000, -49.99999999999997158 ) ) ;
#53 = DIRECTION ( 'NONE',  ( 0.000000000000000000, 1.000000000000000000, 0.000000000000000000 ) ) ;
#54 = EDGE_LOOP ( 'NONE', ( #1457, #663, #115, #326 ) ) ;
#55 = CARTESIAN_POINT ( 'NONE',  ( -52.72878491860249994, 78.39290321799315109, 49.99999999999990763 ) ) ;
#56 = DIRECTION ( 'NONE',  ( -1.850371707708594316E-16, 0.000000000000000000, -1.000000000000000000 ) ) ;
#57 = CARTESIAN_POINT ( 'NONE',  ( -63.79557146646519783, 140.0000000000000568, 59.99999999999982236 ) ) ;
#58 = CARTESIAN_POINT ( 'NONE',  ( -71.66451331820934456, 150.0000000000000000, -35.55555555555554292 ) ) ;
#59 = EDGE_CURVE ( 'NONE', #67, #1193, #973, .T. ) ;
#60 = VECTOR ( 'NONE', #1716, 1000.000000000000000 ) ;
#61 = DIRECTION ( 'NONE',  ( -0.000000000000000000, -0.000000000000000000, 1.000000000000000000 ) ) ;
#62 = VECTOR ( 'NONE', #155, 1000.000000000000000 ) ;
#63 = PERSON_AND_ORGANIZATION ( #926, #127 ) ;
#64 = VERTEX_POINT ( 'NONE', #1294 ) ;
#65 = AXIS2_PLACEMENT_3D ( 'NONE', #371, #1174, #510 ) ;
#66 = CARTESIAN_POINT ( 'NONE',  ( -75.00000000000002842, 10.00000000000000000, -54.99999999999998579 ) ) ;
#67 = VERTEX_POINT ( 'NONE', #360 ) ;
#68 = CONICAL_SURFACE ( 'NONE', #1659, 60.00000000000000000, 0.1243549945467614520 ) ;
#69 = EDGE_CURVE ( 'NONE', #196, #680, #1486, .T. ) ;
#70 = CARTESIAN_POINT ( 'NONE',  ( -175.0000000000000284, 110.0000000000000142, 39.99999999999988631 ) ) ;
#71 = DIRECTION ( 'NONE',  ( 0.000000000000000000, 0.000000000000000000, 1.000000000000000000 ) ) ;
#72 = EDGE_CURVE ( 'NONE', #1556, #1108, #483, .T. ) ;
#73 = CARTESIAN_POINT ( 'NONE',  ( 0.000000000000000000, 15.62017367294603964, 61.95252170911825118 ) ) ;
#74 =( NAMED_UNIT ( * ) PLANE_ANGLE_UNIT ( ) SI_UNIT ( $, .RADIAN. ) );
#75 = ORIENTED_EDGE ( 'NONE', *, *, #669, .F. ) ;
#76 = CARTESIAN_POINT ( 'NONE',  ( -68.88112261760744559, 145.7418199307214763, 48.19099558220931812 ) ) ;
#77 = DIRECTION ( 'NONE',  ( 2.775557561562891351E-16, 0.000000000000000000, 1.000000000000000000 ) ) ;
#78 = ORIENTED_EDGE ( 'NONE', *, *, #1674, .T. ) ;
#79 = CARTESIAN_POINT ( 'NONE',  ( -63.89449724633902861, 140.2882477080772787, -49.99999999999998579 ) ) ;
#80 = CARTESIAN_POINT ( 'NONE',  ( -57.44898059234822085, 144.9510720224443787, 52.93579652829303228 ) ) ;
#81 = CARTESIAN_POINT ( 'NONE',  ( -67.61608789455459601, 144.8150413661178675, -48.76791047015795755 ) ) ;
#82 = ORIENTED_EDGE ( 'NONE', *, *, #1726, .T. ) ;
#83 = CARTESIAN_POINT ( 'NONE',  ( -175.0000000000000568, 0.000000000000000000, -49.99999999999997158 ) ) ;
#84 = VERTEX_POINT ( 'NONE', #73 ) ;
#85 = CARTESIAN_POINT ( 'NONE',  ( 0.000000000000000000, 149.9999999999999716, 0.000000000000000000 ) ) ;
#86 = DIRECTION ( 'NONE',  ( 0.000000000000000000, -0.000000000000000000, 1.000000000000000000 ) ) ;
#87 = MANIFOLD_SOLID_BREP ( 'Cut-Extrude3', #767 ) ;
#88 = CARTESIAN_POINT ( 'NONE',  ( -56.56737914347183249, 141.2403473458921610, 53.20185509102955024 ) ) ;
#89 = DIRECTION ( 'NONE',  ( 1.224646799147352468E-16, 0.000000000000000000, -1.000000000000000000 ) ) ;
#90 = SECURITY_CLASSIFICATION_LEVEL ( 'unclassified' ) ;
#91 = ORIENTED_EDGE ( 'NONE', *, *, #1484, .T. ) ;
#92 = TOROIDAL_SURFACE ( 'NONE', #1347, 66.91391109268658965, 5.000000000000000000 ) ;
#93 = VECTOR ( 'NONE', #1657, 1000.000000000000000 ) ;
#94 = DIRECTION ( 'NONE',  ( 0.000000000000000000, 0.000000000000000000, -1.000000000000000000 ) ) ;
#95 = EDGE_LOOP ( 'NONE', ( #1355, #1699, #1007, #523, #1309 ) ) ;
#96 = VECTOR ( 'NONE', #359, 1000.000000000000000 ) ;
#97 = VECTOR ( 'NONE', #1331, 1000.000000000000000 ) ;
#98 = SECURITY_CLASSIFICATION ( '', '', #90 ) ;
#99 = FACE_OUTER_BOUND ( 'NONE', #1725, .T. ) ;
#100 = CARTESIAN_POINT ( 'NONE',  ( -80.62257748298557658, 160.0000000000000000, 39.99999999999984368 ) ) ;
#101 = DIRECTION ( 'NONE',  ( -0.000000000000000000, 1.000000000000000000, -0.000000000000000000 ) ) ;
#102 = COORDINATED_UNIVERSAL_TIME_OFFSET ( 1, 0, .AHEAD. ) ;
#103 = EDGE_LOOP ( 'NONE', ( #676, #1647 ) ) ;
#104 = DIRECTION ( 'NONE',  ( -0.000000000000000000, -1.000000000000000000, -0.000000000000000000 ) ) ;
#105 = CARTESIAN_POINT ( 'NONE',  ( -46.17850770987782738, 79.63325056388524104, -52.54645004374412309 ) ) ;
#106 = VERTEX_POINT ( 'NONE', #1038 ) ;
#107 = ADVANCED_FACE ( 'NONE', ( #611 ), #1561, .F. ) ;
#108 = DIRECTION ( 'NONE',  ( 0.000000000000000000, -1.000000000000000000, 0.000000000000000000 ) ) ;
#109 = CARTESIAN_POINT ( 'NONE',  ( -57.61624012807367023, 145.4633177823797894, 52.84862082850472120 ) ) ;
#110 = CARTESIAN_POINT ( 'NONE',  ( -64.42679496246881854, 141.3640486062870139, -49.91211625323585110 ) ) ;
#111 = EDGE_CURVE ( 'NONE', #690, #1556, #555, .T. ) ;
#112 = PERSON_AND_ORGANIZATION ( #926, #127 ) ;
#113 = DIRECTION ( 'NONE',  ( 0.000000000000000000, 0.000000000000000000, 1.000000000000000000 ) ) ;
#114 = CARTESIAN_POINT ( 'NONE',  ( -60.23324324777895811, 119.4387874523969231, -49.99999999999998579 ) ) ;
#115 = ORIENTED_EDGE ( 'NONE', *, *, #965, .F. ) ;
#116 = B_SPLINE_CURVE_WITH_KNOTS ( 'NONE', 3,
 ( #269, #776, #1301, #1615, #1090, #1436 ),
 .UNSPECIFIED., .F., .F.,
 ( 4, 2, 4 ),
 ( 2.860979249076398407E-17, 0.03047885071392575709, 0.06095770142785148643 ),
 .UNSPECIFIED. ) ;
#117 = CARTESIAN_POINT ( 'NONE',  ( -135.0000000000000284, 140.0000000000000000, -49.99999999999997158 ) ) ;
#118 = DIRECTION ( 'NONE',  ( 0.000000000000000000, 0.000000000000000000, -1.000000000000000000 ) ) ;
#119 = EDGE_CURVE ( 'NONE', #775, #1251, #862, .T. ) ;
#120 = DIRECTION ( 'NONE',  ( 0.000000000000000000, -1.000000000000000000, 0.000000000000000000 ) ) ;
#121 = CARTESIAN_POINT ( 'NONE',  ( 0.000000000000000000, 8.266365894244635122E-15, 0.000000000000000000 ) ) ;
#122 = ORIENTED_EDGE ( 'NONE', *, *, #1505, .T. ) ;
#123 = AXIS2_PLACEMENT_3D ( 'NONE', #1686, #1559, #1482 ) ;
#124 = CIRCLE ( 'NONE', #487, 5.000000000000004441 ) ;
#125 = AXIS2_PLACEMENT_3D ( 'NONE', #1519, #1288, #470 ) ;
#126 = CARTESIAN_POINT ( 'NONE',  ( -75.00000000000000000, 0.000000000000000000, 75.00000000000000000 ) ) ;
#127 = ORGANIZATION ( 'UNSPECIFIED', 'UNSPECIFIED', '' ) ;
#128 = FACE_OUTER_BOUND ( 'NONE', #1531, .T. ) ;
#129 = PERSON_AND_ORGANIZATION ( #926, #127 ) ;
#130 = EDGE_CURVE ( 'NONE', #1114, #286, #378, .T. ) ;
#131 = DIRECTION ( 'NONE',  ( 0.000000000000000000, 0.000000000000000000, 1.000000000000000000 ) ) ;
#132 = ORIENTED_EDGE ( 'NONE', *, *, #1168, .F. ) ;
#133 = ADVANCED_FACE ( 'NONE', ( #753 ), #92, .F. ) ;
#134 = LINE ( 'NONE', #1727, #713 ) ;
#135 = FACE_OUTER_BOUND ( 'NONE', #1173, .T. ) ;
#136 = EDGE_CURVE ( 'NONE', #1249, #1656, #224, .T. ) ;
#137 = CARTESIAN_POINT ( 'NONE',  ( -56.65599703544310728, 141.7857793953029670, -53.20714742134996555 ) ) ;
#138 = ORIENTED_EDGE ( 'NONE', *, *, #1238, .T. ) ;
#139 = DIRECTION ( 'NONE',  ( 0.000000000000000000, 1.000000000000000000, 0.000000000000000000 ) ) ;
#140 = EDGE_CURVE ( 'NONE', #680, #1467, #1077, .T. ) ;
#141 = DIRECTION ( 'NONE',  ( 0.000000000000000000, 0.000000000000000000, 1.000000000000000000 ) ) ;
#142 = CARTESIAN_POINT ( 'NONE',  ( -72.29151050052355743, 147.6991796769474661, -46.38602777418283551 ) ) ;
#143 = CARTESIAN_POINT ( 'NONE',  ( -58.59306385314657462, 147.9734106037534218, -52.23637108194916578 ) ) ;
#144 = ORIENTED_EDGE ( 'NONE', *, *, #1346, .T. ) ;
#145 = CARTESIAN_POINT ( 'NONE',  ( 0.000000000000000000, 149.9999999999999716, 0.000000000000000000 ) ) ;
#146 = VECTOR ( 'NONE', #347, 1000.000000000000000 ) ;
#147 = CARTESIAN_POINT ( 'NONE',  ( -53.22231597463287756, 120.8104465489714130, 52.99929497095414632 ) ) ;
#148 = AXIS2_PLACEMENT_3D ( 'NONE', #1191, #398, #786 ) ;
#149 = CARTESIAN_POINT ( 'NONE',  ( -75.46021921643503561, 149.0060573563362425, -44.37300601775978492 ) ) ;
#150 = CIRCLE ( 'NONE', #320, 4.999999999999997335 ) ;
#151 = CARTESIAN_POINT ( 'NONE',  ( -71.65439575139737372, 147.3892193340213055, 46.75512359723138189 ) ) ;
#152 = CARTESIAN_POINT ( 'NONE',  ( -57.14830022948413557, 143.9303692509104451, -53.07295605789781945 ) ) ;
#153 = ORIENTED_EDGE ( 'NONE', *, *, #1069, .T. ) ;
#154 =( BOUNDED_SURFACE ( )  B_SPLINE_SURFACE ( 3, 2, ( 
 ( #193, #58, #999 ),
 ( #1527, #1138, #175 ),
 ( #475, #725, #1637 ),
 ( #602, #1018, #441 ),
 ( #329, #42, #1246 ),
 ( #870, #33, #51 ),
 ( #1236, #307, #831 ),
 ( #610, #987, #1651 ) ),
 .UNSPECIFIED., .F., .F., .T. ) 
 B_SPLINE_SURFACE_WITH_KNOTS ( ( 4, 2, 2, 4 ),
 ( 3, 3 ),
 ( 0.02023851857089339207, 0.02429214234302974618, 0.02631895422909791976, 0.02834576611516609682 ),
 ( 0.000000000000000000, 1.000000000000000000 ),
 .UNSPECIFIED. ) 
 GEOMETRIC_REPRESENTATION_ITEM ( )  RATIONAL_B_SPLINE_SURFACE ( (
 ( 1.000000000000000000, 0.7071067811865473507, 1.000000000000000000),
 ( 1.000000000000000000, 0.7166674699840003271, 1.000000000000000000),
 ( 1.000000000000000000, 0.7227720278071159132, 1.000000000000000000),
 ( 1.000000000000000000, 0.7279113172100030171, 1.000000000000000000),
 ( 1.000000000000000000, 0.7289535966997552352, 1.000000000000000000),
 ( 1.000000000000000000, 0.7298688222262766923, 1.000000000000000000),
 ( 1.000000000000000000, 0.7297397066730462178, 1.000000000000000000),
 ( 1.000000000000000000, 0.7291108010398478223, 1.000000000000000000) ) ) 
 REPRESENTATION_ITEM ( '' )  SURFACE ( )  );
#155 = DIRECTION ( 'NONE',  ( -1.000000000000000000, 0.000000000000000000, 1.850371707708594563E-16 ) ) ;
#156 = ORIENTED_EDGE ( 'NONE', *, *, #916, .T. ) ;
#157 = ADVANCED_FACE ( 'NONE', ( #627 ), #1139, .F. ) ;
#158 = CARTESIAN_POINT ( 'NONE',  ( -66.02301351484058500, 150.3477213518384588, -43.19499889035875384 ) ) ;
#159 = EDGE_CURVE ( 'NONE', #84, #377, #674, .T. ) ;
#160 = CARTESIAN_POINT ( 'NONE',  ( -66.28759308147186857, 158.5686333037833720, 44.46998249049809004 ) ) ;
#161 = DIRECTION ( 'NONE',  ( 0.000000000000000000, 0.000000000000000000, 1.000000000000000000 ) ) ;
#162 = ORIENTED_EDGE ( 'NONE', *, *, #919, .T. ) ;
#163 = DIRECTION ( 'NONE',  ( -0.000000000000000000, -1.000000000000000000, -0.000000000000000000 ) ) ;
#164 = ORIENTED_EDGE ( 'NONE', *, *, #367, .T. ) ;
#165 = CARTESIAN_POINT ( 'NONE',  ( -76.08593742266042170, 149.2086368375528878, -43.92999233518478519 ) ) ;
#166 = LINE ( 'NONE', #317, #318 ) ;
#167 = CARTESIAN_POINT ( 'NONE',  ( -68.53920456099987746, 160.0000000000112266, 41.26388763411285510 ) ) ;
#168 = DIRECTION ( 'NONE',  ( 0.000000000000000000, 0.000000000000000000, 1.000000000000000000 ) ) ;
#169 = ORIENTED_EDGE ( 'NONE', *, *, #1276, .T. ) ;
#170 = CARTESIAN_POINT ( 'NONE',  ( 69.99999999999997158, 10.00000000000000000, -75.00000000000000000 ) ) ;
#171 = ORIENTED_EDGE ( 'NONE', *, *, #59, .F. ) ;
#172 = AXIS2_PLACEMENT_3D ( 'NONE', #604, #726, #1146 ) ;
#173 = CARTESIAN_POINT ( 'NONE',  ( -60.50149857013059318, 143.8638828585118574, -49.40277555530308007 ) ) ;
#174 = CIRCLE ( 'NONE', #819, 4.999999999999997335 ) ;
#175 = CARTESIAN_POINT ( 'NONE',  ( -71.12756436602474253, 160.0000000000000000, -36.63781076810331427 ) ) ;
#176 = AXIS2_PLACEMENT_3D ( 'NONE', #1414, #1179, #1677 ) ;
#177 = CARTESIAN_POINT ( 'NONE',  ( -73.57152006462466431, 148.2793365538118167, 45.61347442183899403 ) ) ;
#178 = AXIS2_PLACEMENT_3D ( 'NONE', #955, #1491, #1367 ) ;
#179 = EDGE_CURVE ( 'NONE', #1105, #690, #1299, .T. ) ;
#180 = DIRECTION ( 'NONE',  ( 0.000000000000000000, 0.000000000000000000, 1.000000000000000000 ) ) ;
#181 = EDGE_LOOP ( 'NONE', ( #587, #1571, #639, #427, #1280, #153, #310, #1362, #557, #1371 ) ) ;
#182 = CARTESIAN_POINT ( 'NONE',  ( -175.0000000000000568, 80.00000000000000000, -49.99999999999997158 ) ) ;
#183 = ORIENTED_EDGE ( 'NONE', *, *, #1666, .T. ) ;
#184 = DIRECTION ( 'NONE',  ( 0.000000000000000000, 1.000000000000000000, -1.387778780781445478E-15 ) ) ;
#185 = LINE ( 'NONE', #724, #2 ) ;
#186 = CARTESIAN_POINT ( 'NONE',  ( 74.99999999999997158, 10.00000000000000000, -69.99999999999998579 ) ) ;
#187 = COORDINATED_UNIVERSAL_TIME_OFFSET ( 1, 0, .AHEAD. ) ;
#188 = ORIENTED_EDGE ( 'NONE', *, *, #1168, .T. ) ;
#189 = LINE ( 'NONE', #294, #1681 ) ;
#190 = CARTESIAN_POINT ( 'NONE',  ( -80.00000000000002842, 0.000000000000000000, -54.99999999999998579 ) ) ;
#191 = EDGE_CURVE ( 'NONE', #1556, #993, #299, .T. ) ;
#192 = CARTESIAN_POINT ( 'NONE',  ( -80.00000000000002842, 0.000000000000000000, -49.99999999999998579 ) ) ;
#193 = CARTESIAN_POINT ( 'NONE',  ( -80.62257748298551974, 150.0000000000000000, -39.99999999999997868 ) ) ;
#194 = CARTESIAN_POINT ( 'NONE',  ( -76.11835190594386802, 149.2176305272748209, -43.90565903048408103 ) ) ;
#195 = COORDINATED_UNIVERSAL_TIME_OFFSET ( 1, 0, .AHEAD. ) ;
#196 = VERTEX_POINT ( 'NONE', #389 ) ;
#197 = CARTESIAN_POINT ( 'NONE',  ( 7.401486830834342752E-15, 140.0000000000000000, 39.99999999999980815 ) ) ;
#198 = CARTESIAN_POINT ( 'NONE',  ( -48.26435740902334715, 80.00000000000000000, -51.14479648213266216 ) ) ;
#199 = ORIENTED_EDGE ( 'NONE', *, *, #904, .F. ) ;
#200 = EDGE_CURVE ( 'NONE', #1108, #227, #1652, .T. ) ;
#201 = ADVANCED_FACE ( 'NONE', ( #651 ), #912, .F. ) ;
#202 = CARTESIAN_POINT ( 'NONE',  ( 7.347880794884118356E-15, 8.266365894244635122E-15, -60.00000000000000000 ) ) ;
#203 = CARTESIAN_POINT ( 'NONE',  ( -75.53406333854000820, 149.0298384492086257, 44.32061844106073067 ) ) ;
#204 = AXIS2_PLACEMENT_3D ( 'NONE', #856, #453, #1242 ) ;
#205 = CARTESIAN_POINT ( 'NONE',  ( -76.70292766824400132, 149.3798263270539621, -43.46682247516446296 ) ) ;
#206 = CIRCLE ( 'NONE', #352, 10.00000000000000000 ) ;
#207 = ORIENTED_EDGE ( 'NONE', *, *, #179, .T. ) ;
#208 = CIRCLE ( 'NONE', #915, 10.00000000000000178 ) ;
#209 = PLANE ( 'NONE',  #1439 ) ;
#210 = VERTEX_POINT ( 'NONE', #1580 ) ;
#211 = AXIS2_PLACEMENT_3D ( 'NONE', #697, #161, #1088 ) ;
#212 = DIRECTION ( 'NONE',  ( 0.9855943413173953171, 0.1691265631505871891, 0.000000000000000000 ) ) ;
#213 = DIRECTION ( 'NONE',  ( 0.000000000000000000, 0.000000000000000000, -1.000000000000000000 ) ) ;
#214 = CARTESIAN_POINT ( 'NONE',  ( -79.99840679766575136, 150.0000000000000284, -40.62902811799749969 ) ) ;
#215 = CARTESIAN_POINT ( 'NONE',  ( -76.70292766823141051, 158.7596526541008473, 46.93364495034784767 ) ) ;
#216 = ORIENTED_EDGE ( 'NONE', *, *, #439, .F. ) ;
#217 = EDGE_CURVE ( 'NONE', #1596, #373, #922, .T. ) ;
#218 = CARTESIAN_POINT ( 'NONE',  ( -68.58216086765149555, 145.5353680882410288, 48.33204637454520025 ) ) ;
#219 = DIRECTION ( 'NONE',  ( -1.850371707708594316E-16, -0.000000000000000000, -1.000000000000000000 ) ) ;
#220 = ORIENTED_EDGE ( 'NONE', *, *, #934, .F. ) ;
#221 = CARTESIAN_POINT ( 'NONE',  ( -64.01551171346096680, 140.5729708819177119, -49.98756765478326258 ) ) ;
#222 = CARTESIAN_POINT ( 'NONE',  ( -63.53564216222075345, 155.8263464546105865, 47.75665117302289531 ) ) ;
#223 = ADVANCED_FACE ( 'NONE', ( #1319 ), #1056, .F. ) ;
#224 = LINE ( 'NONE', #871, #1434 ) ;
#225 = EDGE_LOOP ( 'NONE', ( #283, #540, #552, #463 ) ) ;
#226 = CARTESIAN_POINT ( 'NONE',  ( -52.40817001738714964, 80.00000000000001421, -49.99999999999998579 ) ) ;
#227 = VERTEX_POINT ( 'NONE', #638 ) ;
#228 = CARTESIAN_POINT ( 'NONE',  ( -53.20064335259726107, 120.6791347982903346, 52.99796377257654001 ) ) ;
#229 = CARTESIAN_POINT ( 'NONE',  ( -63.79557146646501309, 140.0000000000000000, -49.99999999999998579 ) ) ;
#230 = CARTESIAN_POINT ( 'NONE',  ( -80.00000000000002842, 0.000000000000000000, -49.99999999999998579 ) ) ;
#231 = APPROVAL_DATE_TIME ( #771, #971 ) ;
#232 = ORIENTED_EDGE ( 'NONE', *, *, #885, .F. ) ;
#233 = CARTESIAN_POINT ( 'NONE',  ( -58.92190198243797994, 148.7271310211147295, 52.00958572668103841 ) ) ;
#234 = EDGE_CURVE ( 'NONE', #615, #491, #877, .T. ) ;
#235 = PRODUCT_DEFINITION_FORMATION_WITH_SPECIFIED_SOURCE ( 'ANY', '', #923, .NOT_KNOWN. ) ;
#236 = CARTESIAN_POINT ( 'NONE',  ( -56.55242026120461674, 98.90145496357807531, -49.99999999999998579 ) ) ;
#237 = ORIENTED_EDGE ( 'NONE', *, *, #200, .T. ) ;
#238 = CONICAL_SURFACE ( 'NONE', #4, 60.00000000000000000, 0.1243549945467614520 ) ;
#239 = AXIS2_PLACEMENT_3D ( 'NONE', #598, #1540, #1418 ) ;
#240 = ADVANCED_FACE ( 'NONE', ( #135 ), #646, .F. ) ;
#241 = CYLINDRICAL_SURFACE ( 'NONE', #1350, 10.00000000000000178 ) ;
#242 = CARTESIAN_POINT ( 'NONE',  ( -75.00000000000002842, 10.00000000000000000, -75.00000000000000000 ) ) ;
#243 = CARTESIAN_POINT ( 'NONE',  ( -70.40291235480574983, 146.7053833457911765, 47.43438574235510430 ) ) ;
#244 = CARTESIAN_POINT ( 'NONE',  ( 69.99999999999998579, 0.000000000000000000, 69.99999999999998579 ) ) ;
#245 = CARTESIAN_POINT ( 'NONE',  ( -75.00000000000002842, 0.000000000000000000, -75.00000000000000000 ) ) ;
#246 = VERTEX_POINT ( 'NONE', #505 ) ;
#247 = EDGE_CURVE ( 'NONE', #477, #1289, #1435, .T. ) ;
#248 = FACE_OUTER_BOUND ( 'NONE', #181, .T. ) ;
#249 = CARTESIAN_POINT ( 'NONE',  ( 9.184850993605147944E-16, 149.9999999999999716, -7.500000000000000000 ) ) ;
#250 = DATE_AND_TIME ( #727, #1464 ) ;
#251 = CARTESIAN_POINT ( 'NONE',  ( 0.000000000000000000, 159.9999999999999716, 0.000000000000000000 ) ) ;
#252 = DIRECTION ( 'NONE',  ( 0.000000000000000000, 0.000000000000000000, -1.000000000000000000 ) ) ;
#253 = ORIENTED_EDGE ( 'NONE', *, *, #1400, .F. ) ;
#254 = EDGE_CURVE ( 'NONE', #1193, #210, #1628, .T. ) ;
#255 = DIRECTION ( 'NONE',  ( 0.000000000000000000, 0.000000000000000000, 1.000000000000000000 ) ) ;
#256 = DIRECTION ( 'NONE',  ( 0.000000000000000000, 1.387778780781445478E-15, 1.000000000000000000 ) ) ;
#257 = CARTESIAN_POINT ( 'NONE',  ( 0.000000000000000000, 160.0000000000000000, 0.000000000000000000 ) ) ;
#258 = DIRECTION ( 'NONE',  ( 0.000000000000000000, 1.000000000000000000, 0.000000000000000000 ) ) ;
#259 = EDGE_LOOP ( 'NONE', ( #302, #596, #619, #1558 ) ) ;
#260 = TOROIDAL_SURFACE ( 'NONE', #406, 30.00000000000000000, 10.00000000000000000 ) ;
#261 = AXIS2_PLACEMENT_3D ( 'NONE', #804, #1207, #1070 ) ;
#262 = TOROIDAL_SURFACE ( 'NONE', #1327, 66.91391109268658965, 5.000000000000000000 ) ;
#263 = CARTESIAN_POINT ( 'NONE',  ( -56.56737914347183249, 141.2403473458921610, 53.20185509102955024 ) ) ;
#264 = CARTESIAN_POINT ( 'NONE',  ( -66.52890156829182899, 143.8845064423688029, -49.21867105514419904 ) ) ;
#265 = CYLINDRICAL_SURFACE ( 'NONE', #148, 4.999999999999997335 ) ;
#266 = ADVANCED_FACE ( 'NONE', ( #789 ), #528, .T. ) ;
#267 = CARTESIAN_POINT ( 'NONE',  ( -53.20064335259714028, 120.6791347982902920, -52.99796377257665370 ) ) ;
#268 = ORIENTED_EDGE ( 'NONE', *, *, #1674, .F. ) ;
#269 = CARTESIAN_POINT ( 'NONE',  ( -53.03260889256965527, 80.00000000000000000, 50.00000000000000711 ) ) ;
#270 = DIRECTION ( 'NONE',  ( 0.000000000000000000, 1.000000000000000000, 0.000000000000000000 ) ) ;
#271 = CARTESIAN_POINT ( 'NONE',  ( -65.35849135574508750, 149.9221612741374656, -44.11196574948311167 ) ) ;
#272 = ADVANCED_FACE ( 'NONE', ( #128 ), #1593, .T. ) ;
#273 = DESIGN_CONTEXT ( 'detailed design', #701, 'design' ) ;
#274 = CARTESIAN_POINT ( 'NONE',  ( -69.78593095339860497, 146.3374000263509060, 47.75119215891515267 ) ) ;
#275 = DIRECTION ( 'NONE',  ( 0.000000000000000000, 1.000000000000000000, 0.000000000000000000 ) ) ;
#276 = ORIENTED_EDGE ( 'NONE', *, *, #1316, .T. ) ;
#277 = CARTESIAN_POINT ( 'NONE',  ( -49.74386238398663096, 100.1418023094688863, 52.77992297496714258 ) ) ;
#278 = LINE ( 'NONE', #1333, #1437 ) ;
#279 = VERTEX_POINT ( 'NONE', #1429 ) ;
#280 = CARTESIAN_POINT ( 'NONE',  ( -64.27684057887969971, 156.6387066998298678, -46.92145886105943475 ) ) ;
#281 = CARTESIAN_POINT ( 'NONE',  ( -54.91700888081280141, 89.98375278911338171, -49.99999999999999289 ) ) ;
#282 = DIRECTION ( 'NONE',  ( 0.000000000000000000, 0.000000000000000000, 1.000000000000000000 ) ) ;
#283 = ORIENTED_EDGE ( 'NONE', *, *, #421, .F. ) ;
#284 = EDGE_CURVE ( 'NONE', #1154, #502, #769, .T. ) ;
#285 = CARTESIAN_POINT ( 'NONE',  ( 9.184850993605147944E-16, 159.9999999999999716, -7.500000000000000000 ) ) ;
#286 = VERTEX_POINT ( 'NONE', #783 ) ;
#287 = AXIS2_PLACEMENT_3D ( 'NONE', #1137, #315, #850 ) ;
#288 = ADVANCED_BREP_SHAPE_REPRESENTATION ( 'base_Default_sldprt', ( #87, #323 ), #1462 ) ;
#289 = CARTESIAN_POINT ( 'NONE',  ( -58.06695726791974010, 146.7470913460215627, -52.59440637038611044 ) ) ;
#290 = VECTOR ( 'NONE', #531, 1000.000000000000000 ) ;
#291 = CARTESIAN_POINT ( 'NONE',  ( -64.69893013132714543, 149.4333928546253674, 44.98140621075202716 ) ) ;
#292 = CARTESIAN_POINT ( 'NONE',  ( -57.97706164452181810, 146.5111354906781855, -52.64936465657842746 ) ) ;
#293 = ORIENTED_EDGE ( 'NONE', *, *, #1117, .T. ) ;
#294 = CARTESIAN_POINT ( 'NONE',  ( -75.00000000000002842, 0.000000000000000000, -75.00000000000000000 ) ) ;
#295 = ORIENTED_EDGE ( 'NONE', *, *, #859, .F. ) ;
#296 = B_SPLINE_CURVE_WITH_KNOTS ( 'NONE', 3,
 ( #1175, #1183, #522, #833, #1359, #309 ),
 .UNSPECIFIED., .F., .F.,
 ( 4, 2, 4 ),
 ( 0.000000000000000000, 0.002652766262313098304, 0.005305532524626196608 ),
 .UNSPECIFIED. ) ;
#297 = CARTESIAN_POINT ( 'NONE',  ( -66.23942018185900338, 150.4683821110492090, -42.88499600330487738 ) ) ;
#298 = CC_DESIGN_DATE_AND_TIME_ASSIGNMENT ( #1655, #735, ( #1230 ) ) ;
#299 = B_SPLINE_CURVE_WITH_KNOTS ( 'NONE', 3,
 ( #1653, #194, #734, #460, #1001, #1287, #1264, #1671, #476, #884, #1415, #81, #618, #936, #264, #929, #516, #532, #110, #665, #1455, #1326 ),
 .UNSPECIFIED., .F., .F.,
 ( 4, 2, 2, 2, 2, 2, 2, 2, 2, 2, 4 ),
 ( 0.005334219920940973074, 0.007565645179190679838, 0.009797070437440387469, 0.01202849569569009250, 0.01425992095393980100, 0.01649134621218950603, 0.01760705884131437415, 0.01872277147043923534, 0.02095419672868891262, 0.02206990935781377033, 0.02318562198693863152 ),
 .UNSPECIFIED. ) ;
#300 = CARTESIAN_POINT ( 'NONE',  ( -76.70292766823263264, 149.3798263270507789, 43.46682247517290421 ) ) ;
#301 = DIRECTION ( 'NONE',  ( -1.850371707708594563E-16, -1.387778780781445676E-15, -1.000000000000000000 ) ) ;
#302 = ORIENTED_EDGE ( 'NONE', *, *, #1687, .F. ) ;
#303 = LINE ( 'NONE', #1641, #626 ) ;
#304 = CARTESIAN_POINT ( 'NONE',  ( -46.24306715814305591, 80.00000000000001421, -52.55072539753823690 ) ) ;
#305 = CARTESIAN_POINT ( 'NONE',  ( -64.99843104719342080, 142.2337905896136192, -49.76302566574776165 ) ) ;
#306 = ADVANCED_FACE ( 'NONE', ( #1171 ), #1697, .F. ) ;
#307 = CARTESIAN_POINT ( 'NONE',  ( -69.05926994597689372, 151.0355059294027740, -38.57569722678426416 ) ) ;
#308 = CARTESIAN_POINT ( 'NONE',  ( -63.70343122906496802, 156.0187860139609768, 47.57272805205034416 ) ) ;
#309 = CARTESIAN_POINT ( 'NONE',  ( -80.62257748298557658, 150.0000000000000284, 39.99999999999982947 ) ) ;
#310 = ORIENTED_EDGE ( 'NONE', *, *, #49, .T. ) ;
#311 = FACE_OUTER_BOUND ( 'NONE', #95, .T. ) ;
#312 = ORIENTED_EDGE ( 'NONE', *, *, #1612, .T. ) ;
#313 = DIRECTION ( 'NONE',  ( 1.000000000000000000, -0.000000000000000000, -1.850371707708594563E-16 ) ) ;
#314 = AXIS2_PLACEMENT_3D ( 'NONE', #52, #1689, #1129 ) ;
#315 = DIRECTION ( 'NONE',  ( 0.000000000000000000, 1.000000000000000000, 0.000000000000000000 ) ) ;
#316 = AXIS2_PLACEMENT_3D ( 'NONE', #1226, #992, #445 ) ;
#317 = CARTESIAN_POINT ( 'NONE',  ( -70.00000000000001421, 10.00000000000000000, -75.00000000000000000 ) ) ;
#318 = VECTOR ( 'NONE', #703, 1000.000000000000000 ) ;
#319 = CARTESIAN_POINT ( 'NONE',  ( -78.42317647912290113, 149.7873826832190503, 42.07213838830751484 ) ) ;
#320 = AXIS2_PLACEMENT_3D ( 'NONE', #190, #1133, #1155 ) ;
#321 = MECHANICAL_CONTEXT ( 'NONE', #547, 'mechanical' ) ;
#322 = VERTEX_POINT ( 'NONE', #1312 ) ;
#323 = AXIS2_PLACEMENT_3D ( 'NONE', #1011, #180, #1679 ) ;
#324 = CARTESIAN_POINT ( 'NONE',  ( -80.00000000000000000, 10.00000000000000000, 50.00000000000000000 ) ) ;
#325 = ADVANCED_FACE ( 'NONE', ( #565 ), #337, .F. ) ;
#326 = ORIENTED_EDGE ( 'NONE', *, *, #1135, .F. ) ;
#327 = CARTESIAN_POINT ( 'NONE',  ( -46.71197076290880545, 80.00000000000000000, -52.13810424489295769 ) ) ;
#328 = CARTESIAN_POINT ( 'NONE',  ( -7.401486830834379040E-15, 140.0000000000000000, -40.00000000000000000 ) ) ;
#329 = CARTESIAN_POINT ( 'NONE',  ( -78.09215833487390057, 149.7224345216702943, -42.35780365181978624 ) ) ;
#330 = DIRECTION ( 'NONE',  ( 1.000000000000000000, -0.000000000000000000, 1.224646799147353207E-16 ) ) ;
#331 = EDGE_CURVE ( 'NONE', #1291, #775, #1654, .T. ) ;
#332 = CARTESIAN_POINT ( 'NONE',  ( -67.65491169140217664, 159.6223424363615209, -42.60886839942273241 ) ) ;
#333 = ORIENTED_EDGE ( 'NONE', *, *, #130, .F. ) ;
#334 = CARTESIAN_POINT ( 'NONE',  ( -60.84046761818978410, 150.0000000000000284, 39.99999999999982236 ) ) ;
#335 = CARTESIAN_POINT ( 'NONE',  ( -135.0000000000000000, 110.0000000000000142, 39.99999999999987921 ) ) ;
#336 = ORIENTED_EDGE ( 'NONE', *, *, #868, .F. ) ;
#337 =( BOUNDED_SURFACE ( )  B_SPLINE_SURFACE ( 3, 2, ( 
 ( #952, #1609, #1471 ),
 ( #165, #1101, #1487 ),
 ( #149, #978, #583 ),
 ( #838, #416, #1627 ),
 ( #824, #702, #805 ),
 ( #945, #297, #1356 ),
 ( #142, #158, #280 ),
 ( #558, #548, #17 ),
 ( #1498, #271, #433 ),
 ( #1478, #812, #694 ),
 ( #440, #1118, #1372 ),
 ( #1364, #1619, #686 ),
 ( #5, #1340, #672 ),
 ( #1228, #1094, #972 ),
 ( #1221, #830, #1235 ),
 ( #24, #31, #1636 ),
 ( #424, #574, #960 ),
 ( #1110, #1506, #289 ),
 ( #305, #173, #714 ),
 ( #1208, #1245, #41 ),
 ( #1642, #1086, #474 ),
 ( #221, #358, #1649 ),
 ( #79, #338, #1413 ),
 ( #860, #447, #1543 ) ),
 .UNSPECIFIED., .F., .F., .T. ) 
 B_SPLINE_SURFACE_WITH_KNOTS ( ( 4, 2, 2, 2, 2, 2, 2, 2, 2, 2, 2, 4 ),
 ( 3, 3 ),
 ( 0.008103076889823554105, 0.01154594832654733463, 0.01498881976327111343, 0.01671025548163300456, 0.01843169119999489569, 0.02187456263671867449, 0.02531743407344245328, 0.02703886979180434441, 0.02876030551016623554, 0.03220317694689001087, 0.03392461266525190200, 0.03564604838361379313 ),
 ( 0.000000000000000000, 1.000000000000000000 ),
 .UNSPECIFIED. ) 
 GEOMETRIC_REPRESENTATION_ITEM ( )  RATIONAL_B_SPLINE_SURFACE ( (
 ( 1.000000000000000000, 0.7291108010398478223, 1.000000000000000000),
 ( 1.000000000000000000, 0.7393090731255065329, 1.000000000000000000),
 ( 1.000000000000000000, 0.7495178736623543392, 1.000000000000000000),
 ( 1.000000000000000000, 0.7697254068059201648, 1.000000000000000000),
 ( 1.000000000000000000, 0.7797345921561980031, 1.000000000000000000),
 ( 1.000000000000000000, 0.7945153731209414483, 1.000000000000000000),
 ( 1.000000000000000000, 0.7994035932946189638, 1.000000000000000000),
 ( 1.000000000000000000, 0.8090879533858913453, 1.000000000000000000),
 ( 1.000000000000000000, 0.8138750013179433251, 1.000000000000000000),
 ( 1.000000000000000000, 0.8278905108529990287, 1.000000000000000000),
 ( 1.000000000000000000, 0.8368368929783279730, 1.000000000000000000),
 ( 1.000000000000000000, 0.8538469375968703590, 1.000000000000000000),
 ( 1.000000000000000000, 0.8619120279807468421, 1.000000000000000000),
 ( 1.000000000000000000, 0.8732372557615083464, 1.000000000000000000),
 ( 1.000000000000000000, 0.8768956908126697147, 1.000000000000000000),
 ( 1.000000000000000000, 0.8838640332324245730, 1.000000000000000000),
 ( 1.000000000000000000, 0.8871572927380357854, 1.000000000000000000),
 ( 1.000000000000000000, 0.8964364341905947109, 1.000000000000000000),
 ( 1.000000000000000000, 0.9018283091251656503, 1.000000000000000000),
 ( 1.000000000000000000, 0.9085178262925950321, 1.000000000000000000),
 ( 1.000000000000000000, 0.9105092208270336718, 1.000000000000000000),
 ( 1.000000000000000000, 0.9139133334298138456, 1.000000000000000000),
 ( 1.000000000000000000, 0.9153364416828775330, 1.000000000000000000),
 ( 1.000000000000000000, 0.9164645358378656903, 1.000000000000000000) ) ) 
 REPRESENTATION_ITEM ( '' )  SURFACE ( )  );
#338 = CARTESIAN_POINT ( 'NONE',  ( -59.57790838645744458, 141.1456015580405392, -49.97869009094494430 ) ) ;
#339 = DIRECTION ( 'NONE',  ( 0.000000000000000000, 0.000000000000000000, -1.000000000000000000 ) ) ;
#340 = CARTESIAN_POINT ( 'NONE',  ( 8.194590703808919799E-15, 15.00000000000000000, -66.91391109268658965 ) ) ;
#341 = APPROVAL_STATUS ( 'not_yet_approved' ) ;
#342 = EDGE_LOOP ( 'NONE', ( #1143, #720, #1683, #1496 ) ) ;
#343 = CARTESIAN_POINT ( 'NONE',  ( -60.50159758431040302, 143.8242800645524540, 49.39388332608882592 ) ) ;
#344 = CYLINDRICAL_SURFACE ( 'NONE', #1494, 5.000000000000004441 ) ;
#345 = ORIENTED_EDGE ( 'NONE', *, *, #1128, .F. ) ;
#346 = ADVANCED_FACE ( 'NONE', ( #1017 ), #1393, .F. ) ;
#347 = DIRECTION ( 'NONE',  ( 1.000000000000000000, 0.000000000000000000, 0.000000000000000000 ) ) ;
#348 = EDGE_CURVE ( 'NONE', #210, #1690, #1262, .T. ) ;
#349 = FACE_OUTER_BOUND ( 'NONE', #454, .T. ) ;
#350 = AXIS2_PLACEMENT_3D ( 'NONE', #644, #108, #1731 ) ;
#351 = DIRECTION ( 'NONE',  ( 1.000000000000000000, -0.000000000000000000, 1.224646799147353207E-16 ) ) ;
#352 = AXIS2_PLACEMENT_3D ( 'NONE', #1459, #846, #1382 ) ;
#353 = ORIENTED_EDGE ( 'NONE', *, *, #1400, .T. ) ;
#354 = CARTESIAN_POINT ( 'NONE',  ( -57.68223360495979790, 145.6581025084384464, 52.81269922497484259 ) ) ;
#355 = VECTOR ( 'NONE', #662, 1000.000000000000000 ) ;
#356 = CARTESIAN_POINT ( 'NONE',  ( -49.98762880389906371, 80.00000000000000000, -50.43836429788700570 ) ) ;
#357 = ORIENTED_EDGE ( 'NONE', *, *, #822, .T. ) ;
#358 = CARTESIAN_POINT ( 'NONE',  ( -59.68094122992906136, 141.5468166728493031, -49.93490967446615514 ) ) ;
#359 = DIRECTION ( 'NONE',  ( -3.851859888774472582E-31, 1.000000000000000000, -1.387778780781445676E-15 ) ) ;
#360 = CARTESIAN_POINT ( 'NONE',  ( -105.0000000000000426, 70.00000000000000000, -49.99999999999997158 ) ) ;
#361 = PERSON_AND_ORGANIZATION ( #926, #127 ) ;
#362 = EDGE_LOOP ( 'NONE', ( #1447, #253 ) ) ;
#363 = CARTESIAN_POINT ( 'NONE',  ( -50.58539497891140968, 80.00000000000000000, 50.27467699523245415 ) ) ;
#364 = ORIENTED_EDGE ( 'NONE', *, *, #1013, .F. ) ;
#365 = CARTESIAN_POINT ( 'NONE',  ( -59.49260089312915767, 140.7383835254509847, 49.99999999999982236 ) ) ;
#366 = DIRECTION ( 'NONE',  ( 0.000000000000000000, 1.000000000000000000, 0.000000000000000000 ) ) ;
#367 = EDGE_CURVE ( 'NONE', #1249, #446, #601, .T. ) ;
#368 = CARTESIAN_POINT ( 'NONE',  ( 8.194590703808919799E-15, 15.00000000000000000, -66.91391109268658965 ) ) ;
#369 = CALENDAR_DATE ( 2026, 8, 5 ) ;
#370 = ORIENTED_EDGE ( 'NONE', *, *, #1433, .T. ) ;
#371 = CARTESIAN_POINT ( 'NONE',  ( 0.000000000000000000, 160.0000000000000000, 0.000000000000000000 ) ) ;
#372 = DIRECTION ( 'NONE',  ( 3.851859888774472582E-31, -1.000000000000000000, 1.387778780781445676E-15 ) ) ;
#373 = VERTEX_POINT ( 'NONE', #192 ) ;
#374 = CARTESIAN_POINT ( 'NONE',  ( -47.98311604347625803, 89.88173326620062653, 52.66598952308252279 ) ) ;
#375 = CARTESIAN_POINT ( 'NONE',  ( -58.79412689927226410, 148.4523517680538305, 52.10195536243504932 ) ) ;
#376 = DIRECTION ( 'NONE',  ( 0.000000000000000000, -1.387778780781446464E-15, -1.000000000000000000 ) ) ;
#377 = VERTEX_POINT ( 'NONE', #880 ) ;
#378 = CIRCLE ( 'NONE', #172, 5.000000000000004441 ) ;
#379 = CARTESIAN_POINT ( 'NONE',  ( -60.93249388457405047, 152.3110835223870652, 50.34380336153004265 ) ) ;
#380 = AXIS2_PLACEMENT_3D ( 'NONE', #242, #778, #1188 ) ;
#381 = CYLINDRICAL_SURFACE ( 'NONE', #628, 5.000000000000004441 ) ;
#382 = FACE_OUTER_BOUND ( 'NONE', #1426, .T. ) ;
#383 = VERTEX_POINT ( 'NONE', #891 ) ;
#384 = CIRCLE ( 'NONE', #1460, 10.00000000000000178 ) ;
#385 = EDGE_CURVE ( 'NONE', #1574, #1154, #1134, .T. ) ;
#386 = AXIS2_PLACEMENT_3D ( 'NONE', #335, #866, #1648 ) ;
#387 = PLANE ( 'NONE',  #1157 ) ;
#388 = DIRECTION ( 'NONE',  ( 1.850371707708594316E-16, 0.000000000000000000, 1.000000000000000000 ) ) ;
#389 = CARTESIAN_POINT ( 'NONE',  ( 8.692085067098341315E-15, 15.62017367294603964, -61.95252170911825118 ) ) ;
#390 = APPROVAL_ROLE ( '' ) ;
#391 = DIRECTION ( 'NONE',  ( -0.000000000000000000, 1.000000000000000000, -0.000000000000000000 ) ) ;
#392 = CARTESIAN_POINT ( 'NONE',  ( -63.79557146646501309, 140.0000000000000000, -49.99999999999998579 ) ) ;
#393 = ORIENTED_EDGE ( 'NONE', *, *, #695, .F. ) ;
#394 = ADVANCED_FACE ( 'NONE', ( #1420, #750 ), #592, .T. ) ;
#395 = ADVANCED_FACE ( 'NONE', ( #616 ), #456, .T. ) ;
#396 = DIRECTION ( 'NONE',  ( 1.000000000000000000, 0.000000000000000000, -2.775557561562891844E-16 ) ) ;
#397 = DIRECTION ( 'NONE',  ( 0.000000000000000000, 0.000000000000000000, 1.000000000000000000 ) ) ;
#398 = DIRECTION ( 'NONE',  ( 0.000000000000000000, 1.000000000000000000, 0.000000000000000000 ) ) ;
#399 = CARTESIAN_POINT ( 'NONE',  ( -54.66941500117993513, 88.64137518295029849, -49.99999999999998579 ) ) ;
#400 = ORIENTED_EDGE ( 'NONE', *, *, #650, .F. ) ;
#401 = LINE ( 'NONE', #126, #290 ) ;
#402 = DIRECTION ( 'NONE',  ( 0.000000000000000000, 1.000000000000000000, -1.387778780781446464E-15 ) ) ;
#403 = FACE_OUTER_BOUND ( 'NONE', #925, .T. ) ;
#404 = CARTESIAN_POINT ( 'NONE',  ( 8.194590703808919799E-15, 9.999999999999998224, -66.91391109268658965 ) ) ;
#405 = ORIENTED_EDGE ( 'NONE', *, *, #1182, .T. ) ;
#406 = AXIS2_PLACEMENT_3D ( 'NONE', #1397, #588, #563 ) ;
#407 = AXIS2_PLACEMENT_3D ( 'NONE', #1634, #163, #21 ) ;
#408 = EDGE_CURVE ( 'NONE', #1645, #507, #519, .T. ) ;
#409 = AXIS2_PLACEMENT_3D ( 'NONE', #963, #301, #9 ) ;
#410 = FACE_OUTER_BOUND ( 'NONE', #918, .T. ) ;
#411 = DIRECTION ( 'NONE',  ( 0.000000000000000000, 1.000000000000000000, 0.000000000000000000 ) ) ;
#412 = CARTESIAN_POINT ( 'NONE',  ( -65.29917493170574971, 157.6915082795815692, -45.72476036944725308 ) ) ;
#413 = ORIENTED_EDGE ( 'NONE', *, *, #1172, .F. ) ;
#414 = CARTESIAN_POINT ( 'NONE',  ( -75.00000000000002842, 10.00000000000000000, -75.00000000000000000 ) ) ;
#415 = DIRECTION ( 'NONE',  ( -0.000000000000000000, 1.000000000000000000, -0.000000000000000000 ) ) ;
#416 = CARTESIAN_POINT ( 'NONE',  ( -67.28479379600136667, 150.9339060426003698, -41.31010903534117773 ) ) ;
#417 = ADVANCED_FACE ( 'NONE', ( #1027, #998 ), #599, .F. ) ;
#418 = CARTESIAN_POINT ( 'NONE',  ( -62.07726138249445569, 129.9864535538268910, -49.99999999999999289 ) ) ;
#419 = EDGE_LOOP ( 'NONE', ( #333, #1049, #634, #1054 ) ) ;
#420 = DIRECTION ( 'NONE',  ( -0.000000000000000000, 1.000000000000000000, -0.000000000000000000 ) ) ;
#421 = EDGE_CURVE ( 'NONE', #680, #377, #653, .T. ) ;
#422 = ORIENTED_EDGE ( 'NONE', *, *, #1069, .F. ) ;
#423 = LINE ( 'NONE', #1219, #654 ) ;
#424 = CARTESIAN_POINT ( 'NONE',  ( -66.13175501040257132, 143.5007228768282062, -49.37093036208851515 ) ) ;
#425 = CARTESIAN_POINT ( 'NONE',  ( -70.95491055829461402, 150.4795256950726525, 36.73588378215897166 ) ) ;
#426 = CARTESIAN_POINT ( 'NONE',  ( 69.99999999999997158, 10.00000000000000000, -69.99999999999998579 ) ) ;
#427 = ORIENTED_EDGE ( 'NONE', *, *, #934, .T. ) ;
#428 = CYLINDRICAL_SURFACE ( 'NONE', #1578, 10.00000000000000178 ) ;
#429 = AXIS2_PLACEMENT_3D ( 'NONE', #340, #330, #89 ) ;
#430 = ORIENTED_EDGE ( 'NONE', *, *, #591, .F. ) ;
#431 = AXIS2_PLACEMENT_3D ( 'NONE', #843, #699, #1521 ) ;
#432 = AXIS2_PLACEMENT_3D ( 'NONE', #85, #391, #632 ) ;
#433 = CARTESIAN_POINT ( 'NONE',  ( -63.41486989313563072, 155.6690739028857706, -47.87898752262530166 ) ) ;
#434 = CARTESIAN_POINT ( 'NONE',  ( -76.70292766823138209, 149.3798263270504378, 43.46682247517384212 ) ) ;
#435 = CARTESIAN_POINT ( 'NONE',  ( -175.0000000000000284, 0.000000000000000000, 40.00000000000002842 ) ) ;
#436 = VERTEX_POINT ( 'NONE', #1384 ) ;
#437 = CARTESIAN_POINT ( 'NONE',  ( -80.62257748298550553, 150.0000000000000284, -39.99999999999997868 ) ) ;
#438 = LINE ( 'NONE', #977, #1025 ) ;
#439 = EDGE_CURVE ( 'NONE', #535, #615, #185, .T. ) ;
#440 = CARTESIAN_POINT ( 'NONE',  ( -69.77567712467308070, 146.3308165277321677, -47.75624939611727626 ) ) ;
#441 = CARTESIAN_POINT ( 'NONE',  ( -69.71608038515122985, 160.0000000000005400, -39.24304143733588290 ) ) ;
#442 = CARTESIAN_POINT ( 'NONE',  ( -60.32761324069983999, 119.9785286133786997, -49.99999999999998579 ) ) ;
#443 = CARTESIAN_POINT ( 'NONE',  ( 0.000000000000000000, 149.9999999999999716, 7.500000000000000000 ) ) ;
#444 = EDGE_LOOP ( 'NONE', ( #1336, #1167, #1668, #422, #1391 ) ) ;
#445 = DIRECTION ( 'NONE',  ( 0.000000000000000000, 0.000000000000000000, 1.000000000000000000 ) ) ;
#446 = VERTEX_POINT ( 'NONE', #1660 ) ;
#447 = CARTESIAN_POINT ( 'NONE',  ( -59.49260089312900135, 140.7383835254509279, -49.99999999999999289 ) ) ;
#448 = LINE ( 'NONE', #1127, #1243 ) ;
#449 = CC_DESIGN_DATE_AND_TIME_ASSIGNMENT ( #1698, #902, ( #98 ) ) ;
#450 = CARTESIAN_POINT ( 'NONE',  ( -71.66451331820941562, 160.0000000000000000, 35.55555555555537950 ) ) ;
#451 = CALENDAR_DATE ( 2026, 8, 5 ) ;
#452 = ORIENTED_EDGE ( 'NONE', *, *, #536, .T. ) ;
#453 = DIRECTION ( 'NONE',  ( -1.850371707708594563E-16, 0.000000000000000000, -1.000000000000000000 ) ) ;
#454 = EDGE_LOOP ( 'NONE', ( #1098, #754, #1502, #220 ) ) ;
#455 = PLANE ( 'NONE',  #1715 ) ;
#456 = CYLINDRICAL_SURFACE ( 'NONE', #571, 10.00000000000000178 ) ;
#457 = VECTOR ( 'NONE', #1511, 1000.000000000000000 ) ;
#458 = DIRECTION ( 'NONE',  ( 0.000000000000000000, -1.000000000000000000, 0.000000000000000000 ) ) ;
#459 = CIRCLE ( 'NONE', #261, 9.999999999999996447 ) ;
#460 = CARTESIAN_POINT ( 'NONE',  ( -74.34315381047001381, 148.5987183512276602, -45.12522237985498208 ) ) ;
#461 = CIRCLE ( 'NONE', #7, 80.00000000000000000 ) ;
#462 = CARTESIAN_POINT ( 'NONE',  ( -67.94897452743794020, 159.8204586821386783, -42.18549227065588525 ) ) ;
#463 = ORIENTED_EDGE ( 'NONE', *, *, #1261, .F. ) ;
#464 = CARTESIAN_POINT ( 'NONE',  ( -105.0000000000000426, 80.00000000000000000, -49.99999999999997158 ) ) ;
#465 = CARTESIAN_POINT ( 'NONE',  ( -48.26562998030266982, 80.00000000000000000, 51.14409569805779654 ) ) ;
#466 = DIRECTION ( 'NONE',  ( 0.000000000000000000, 0.000000000000000000, -1.000000000000000000 ) ) ;
#467 = CARTESIAN_POINT ( 'NONE',  ( -165.0000000000000000, 0.000000000000000000, -49.99999999999997158 ) ) ;
#468 = DIRECTION ( 'NONE',  ( -1.000000000000000000, 0.000000000000000000, 0.000000000000000000 ) ) ;
#469 = EDGE_CURVE ( 'NONE', #196, #227, #50, .T. ) ;
#470 = DIRECTION ( 'NONE',  ( 0.000000000000000000, 0.000000000000000000, 1.000000000000000000 ) ) ;
#471 = VERTEX_POINT ( 'NONE', #741 ) ;
#472 = CARTESIAN_POINT ( 'NONE',  ( -68.23893008632344959, 160.0000000000000000, 41.75462154868440479 ) ) ;
#473 = ORIENTED_EDGE ( 'NONE', *, *, #515, .F. ) ;
#474 = CARTESIAN_POINT ( 'NONE',  ( -57.03665788857636443, 143.5121358664411275, -53.11613397355622368 ) ) ;
#475 = CARTESIAN_POINT ( 'NONE',  ( -79.39597163447855621, 149.9447678297638333, -41.20335446331830553 ) ) ;
#476 = CARTESIAN_POINT ( 'NONE',  ( -70.18340994665624066, 146.5764008673054377, -47.54769687703742420 ) ) ;
#477 = VERTEX_POINT ( 'NONE', #70 ) ;
#478 = CARTESIAN_POINT ( 'NONE',  ( -61.02925398261602652, 144.8871911549792628, 48.95463163195093870 ) ) ;
#479 = CARTESIAN_POINT ( 'NONE',  ( -53.03260889256954158, 80.00000000000000000, -49.99999999999997158 ) ) ;
#480 = ORIENTED_EDGE ( 'NONE', *, *, #1128, .T. ) ;
#481 = CYLINDRICAL_SURFACE ( 'NONE', #432, 7.500000000000000000 ) ;
#482 = CARTESIAN_POINT ( 'NONE',  ( -95.00000000000004263, 70.00000000000000000, 0.000000000000000000 ) ) ;
#483 = CIRCLE ( 'NONE', #709, 9.999999999999994671 ) ;
#484 = CARTESIAN_POINT ( 'NONE',  ( -59.24907913382669022, 149.3891952580468399, 51.76361463688781583 ) ) ;
#485 = CIRCLE ( 'NONE', #204, 30.00000000000000000 ) ;
#486 = CARTESIAN_POINT ( 'NONE',  ( 0.000000000000000000, 0.000000000000000000, 0.000000000000000000 ) ) ;
#487 = AXIS2_PLACEMENT_3D ( 'NONE', #1385, #1507, #575 ) ;
#488 = ORIENTED_EDGE ( 'NONE', *, *, #718, .T. ) ;
#489 = B_SPLINE_CURVE_WITH_KNOTS ( 'NONE', 3,
 ( #788, #1325, #1557, #465, #1125, #756, #363, #889, #1533, #1260 ),
 .UNSPECIFIED., .F., .F.,
 ( 4, 2, 2, 2, 4 ),
 ( 0.000000000000000000, 0.001843776410112992273, 0.003687552820225984546, 0.005531329230338976818, 0.007375105640451969091 ),
 .UNSPECIFIED. ) ;
#490 = DIRECTION ( 'NONE',  ( 0.000000000000000000, -1.000000000000000000, 0.000000000000000000 ) ) ;
#491 = VERTEX_POINT ( 'NONE', #609 ) ;
#492 = APPROVAL_PERSON_ORGANIZATION ( #361, #927, #863 ) ;
#493 = EDGE_CURVE ( 'NONE', #1399, #1467, #1408, .T. ) ;
#494 = CARTESIAN_POINT ( 'NONE',  ( 0.000000000000000000, 10.00000000000000000, 0.000000000000000000 ) ) ;
#495 = DIRECTION ( 'NONE',  ( 2.775557561562891844E-16, -0.000000000000000000, 1.000000000000000000 ) ) ;
#496 = DIRECTION ( 'NONE',  ( 0.000000000000000000, 0.000000000000000000, 1.000000000000000000 ) ) ;
#497 = PERSON_AND_ORGANIZATION ( #926, #127 ) ;
#498 = ORIENTED_EDGE ( 'NONE', *, *, #367, .F. ) ;
#499 = CARTESIAN_POINT ( 'NONE',  ( -62.02181310705503847, 146.5098270604530910, 48.02659633342151579 ) ) ;
#500 = CARTESIAN_POINT ( 'NONE',  ( -46.24306715814305591, 80.00000000000001421, -52.55072539753823690 ) ) ;
#501 = CARTESIAN_POINT ( 'NONE',  ( -49.74386238398651017, 100.1418023094688721, -52.77992297496724916 ) ) ;
#502 = VERTEX_POINT ( 'NONE', #285 ) ;
#503 = CARTESIAN_POINT ( 'NONE',  ( -52.60470380198824358, 99.65434050746530659, 49.99999999999987210 ) ) ;
#504 = CARTESIAN_POINT ( 'NONE',  ( -64.11847970522414641, 156.4824439423208275, 47.11147072240390088 ) ) ;
#505 = CARTESIAN_POINT ( 'NONE',  ( -80.00000000000000000, 0.000000000000000000, 50.00000000000001421 ) ) ;
#506 = COORDINATED_UNIVERSAL_TIME_OFFSET ( 1, 0, .AHEAD. ) ;
#507 = VERTEX_POINT ( 'NONE', #1475 ) ;
#508 = EDGE_CURVE ( 'NONE', #436, #246, #174, .T. ) ;
#509 = CARTESIAN_POINT ( 'NONE',  ( -66.88162496147029401, 144.2166180792517878, 49.08175574081440828 ) ) ;
#510 = DIRECTION ( 'NONE',  ( 0.000000000000000000, 0.000000000000000000, -1.000000000000000000 ) ) ;
#511 = FACE_OUTER_BOUND ( 'NONE', #1719, .T. ) ;
#512 = ORIENTED_EDGE ( 'NONE', *, *, #130, .T. ) ;
#513 = DIRECTION ( 'NONE',  ( -0.000000000000000000, 1.000000000000000000, -0.000000000000000000 ) ) ;
#514 = DIRECTION ( 'NONE',  ( 0.000000000000000000, 1.000000000000000000, 0.000000000000000000 ) ) ;
#515 = EDGE_CURVE ( 'NONE', #1690, #1249, #116, .T. ) ;
#516 = CARTESIAN_POINT ( 'NONE',  ( -65.27092186508974692, 142.5859717943278326, -49.67935654363432008 ) ) ;
#517 = PERSON_AND_ORGANIZATION_ROLE ( 'creator' ) ;
#518 = EDGE_CURVE ( 'NONE', #570, #1114, #1607, .T. ) ;
#519 = CIRCLE ( 'NONE', #1458, 5.000000000000004441 ) ;
#520 = AXIS2_PLACEMENT_3D ( 'NONE', #1461, #1075, #1071 ) ;
#521 = CARTESIAN_POINT ( 'NONE',  ( -53.22234117572783418, 120.8105982394763060, -52.99929653290341491 ) ) ;
#522 = CARTESIAN_POINT ( 'NONE',  ( -78.06192431075950822, 149.7272774854676811, 42.39329347642464541 ) ) ;
#523 = ORIENTED_EDGE ( 'NONE', *, *, #718, .F. ) ;
#524 = AXIS2_PLACEMENT_3D ( 'NONE', #1708, #1051, #71 ) ;
#525 = ADVANCED_FACE ( 'NONE', ( #99 ), #818, .T. ) ;
#526 = VECTOR ( 'NONE', #219, 1000.000000000000000 ) ;
#527 = PLANE ( 'NONE',  #967 ) ;
#528 = CYLINDRICAL_SURFACE ( 'NONE', #520, 10.00000000000000178 ) ;
#529 = CARTESIAN_POINT ( 'NONE',  ( -54.89652244336433284, 130.9564331841108071, -53.10207021258226945 ) ) ;
#530 = ORIENTED_EDGE ( 'NONE', *, *, #1620, .T. ) ;
#531 = DIRECTION ( 'NONE',  ( 1.000000000000000000, 0.000000000000000000, 0.000000000000000000 ) ) ;
#532 = CARTESIAN_POINT ( 'NONE',  ( -64.62830557611037818, 141.6830445228758322, -49.86213260096337763 ) ) ;
#533 = SHAPE_DEFINITION_REPRESENTATION ( #1587, #288 ) ;
#534 = CARTESIAN_POINT ( 'NONE',  ( -165.0000000000000000, 1.283953296258155367E-30, 50.00000000000003553 ) ) ;
#535 = VERTEX_POINT ( 'NONE', #1055 ) ;
#536 = EDGE_CURVE ( 'NONE', #1624, #1368, #920, .T. ) ;
#537 = LINE ( 'NONE', #664, #996 ) ;
#538 = CARTESIAN_POINT ( 'NONE',  ( -95.00000000000004263, 70.00000000000000000, 49.99999999999992895 ) ) ;
#539 = CARTESIAN_POINT ( 'NONE',  ( -62.38032535851677807, 154.3977103962710942, -48.96754742059189880 ) ) ;
#540 = ORIENTED_EDGE ( 'NONE', *, *, #140, .T. ) ;
#541 = CARTESIAN_POINT ( 'NONE',  ( -54.89652244322324748, 130.9564331841323224, 53.10207021273622985 ) ) ;
#542 = AXIS2_PLACEMENT_3D ( 'NONE', #1048, #1570, #376 ) ;
#543 = VECTOR ( 'NONE', #1061, 1000.000000000000000 ) ;
#544 = VECTOR ( 'NONE', #931, 1000.000000000000000 ) ;
#545 = ADVANCED_FACE ( 'NONE', ( #670 ), #635, .T. ) ;
#546 = CARTESIAN_POINT ( 'NONE',  ( 69.99999999999998579, 10.00000000000000000, 75.00000000000000000 ) ) ;
#547 = APPLICATION_CONTEXT ( 'configuration controlled 3d designs of mechanical parts and assemblies' ) ;
#548 = CARTESIAN_POINT ( 'NONE',  ( -65.58236159430803980, 150.0743879213462719, -43.80867620931065431 ) ) ;
#549 = ADVANCED_FACE ( 'NONE', ( #677 ), #387, .T. ) ;
#550 = CARTESIAN_POINT ( 'NONE',  ( -70.20758025664338220, 150.7407785700077341, 37.56170763378938204 ) ) ;
#551 = DIRECTION ( 'NONE',  ( -0.000000000000000000, -0.000000000000000000, -1.000000000000000000 ) ) ;
#552 = ORIENTED_EDGE ( 'NONE', *, *, #493, .F. ) ;
#553 = DIRECTION ( 'NONE',  ( -1.000000000000000000, 0.000000000000000000, 2.775557561562891844E-16 ) ) ;
#554 = ORIENTED_EDGE ( 'NONE', *, *, #1194, .T. ) ;
#555 = B_SPLINE_CURVE_WITH_KNOTS ( 'NONE', 3,
 ( #1278, #214, #1537, #1555, #1153, #205 ),
 .UNSPECIFIED., .F., .F.,
 ( 4, 2, 4 ),
 ( 6.938893903907228378E-18, 0.002658455014979226733, 0.005316910029958446526 ),
 .UNSPECIFIED. ) ;
#556 = CARTESIAN_POINT ( 'NONE',  ( -48.03701019003035100, 90.19415393078379850, 52.66949481024749247 ) ) ;
#557 = ORIENTED_EDGE ( 'NONE', *, *, #643, .T. ) ;
#558 = CARTESIAN_POINT ( 'NONE',  ( -71.65300451281565586, 147.3808339339007318, -46.75144494687879160 ) ) ;
#559 = FACE_OUTER_BOUND ( 'NONE', #1298, .T. ) ;
#560 = EDGE_CURVE ( 'NONE', #690, #1147, #1354, .T. ) ;
#561 = CARTESIAN_POINT ( 'NONE',  ( -165.0000000000000000, 110.0000000000000142, -49.99999999999997158 ) ) ;
#562 = ORIENTED_EDGE ( 'NONE', *, *, #1493, .T. ) ;
#563 = DIRECTION ( 'NONE',  ( 1.000000000000000000, 0.000000000000000000, -1.850371707708594563E-16 ) ) ;
#564 = ORIENTED_EDGE ( 'NONE', *, *, #408, .T. ) ;
#565 = FACE_OUTER_BOUND ( 'NONE', #964, .T. ) ;
#566 = CARTESIAN_POINT ( 'NONE',  ( -71.37331495104913870, 150.2674613480211576, 36.14248462716667376 ) ) ;
#567 = EDGE_CURVE ( 'NONE', #507, #322, #1568, .T. ) ;
#568 = CARTESIAN_POINT ( 'NONE',  ( -135.0000000000000000, 140.0000000000000284, 49.99999999999983658 ) ) ;
#569 = ORIENTED_EDGE ( 'NONE', *, *, #591, .T. ) ;
#570 = VERTEX_POINT ( 'NONE', #691 ) ;
#571 = AXIS2_PLACEMENT_3D ( 'NONE', #328, #1401, #732 ) ;
#572 = EDGE_CURVE ( 'NONE', #1467, #1399, #1324, .T. ) ;
#573 = CIRCLE ( 'NONE', #1629, 40.00000000000000711 ) ;
#574 = CARTESIAN_POINT ( 'NONE',  ( -61.41965195448359083, 145.5677649446734563, -48.60157619080661817 ) ) ;
#575 = DIRECTION ( 'NONE',  ( 0.000000000000000000, 0.000000000000000000, 1.000000000000000000 ) ) ;
#576 = LOCAL_TIME ( 19, 32, 3.000000000000000000, #195 ) ;
#577 = CARTESIAN_POINT ( 'NONE',  ( -68.41670569592140794, 151.1359745717361989, 39.40539961824975279 ) ) ;
#578 = FACE_OUTER_BOUND ( 'NONE', #623, .T. ) ;
#579 = ORIENTED_EDGE ( 'NONE', *, *, #755, .F. ) ;
#580 = DIRECTION ( 'NONE',  ( 0.000000000000000000, -0.000000000000000000, 1.000000000000000000 ) ) ;
#581 = ORIENTED_EDGE ( 'NONE', *, *, #59, .T. ) ;
#582 = ADVANCED_FACE ( 'NONE', ( #1337 ), #1177, .F. ) ;
#583 = CARTESIAN_POINT ( 'NONE',  ( -67.12464862293066403, 159.2524620584813988, -43.36146500105230217 ) ) ;
#584 = CARTESIAN_POINT ( 'NONE',  ( -70.77258636266171266, 146.9470182613139286, 47.25346317608175895 ) ) ;
#585 = CARTESIAN_POINT ( 'NONE',  ( -67.13621594979520069, 159.2611871519928286, 43.34558134106760008 ) ) ;
#586 = CARTESIAN_POINT ( 'NONE',  ( -75.00000000000002842, 10.00000000000000000, -54.99999999999998579 ) ) ;
#587 = ORIENTED_EDGE ( 'NONE', *, *, #1296, .T. ) ;
#588 = DIRECTION ( 'NONE',  ( 1.850371707708594563E-16, -0.000000000000000000, 1.000000000000000000 ) ) ;
#589 = ORIENTED_EDGE ( 'NONE', *, *, #1330, .T. ) ;
#590 = CARTESIAN_POINT ( 'NONE',  ( 0.000000000000000000, 15.00000000000000000, 66.91391109268658965 ) ) ;
#591 = EDGE_CURVE ( 'NONE', #1147, #1035, #1488, .T. ) ;
#592 = PLANE ( 'NONE',  #1576 ) ;
#593 = CARTESIAN_POINT ( 'NONE',  ( -67.32738043871425759, 144.5940571868334246, 48.89609687625716106 ) ) ;
#594 = DIRECTION ( 'NONE',  ( 0.000000000000000000, 0.000000000000000000, 1.000000000000000000 ) ) ;
#595 = PERSON_AND_ORGANIZATION_ROLE ( 'design_owner' ) ;
#596 = ORIENTED_EDGE ( 'NONE', *, *, #567, .F. ) ;
#597 = CARTESIAN_POINT ( 'NONE',  ( 0.000000000000000000, 80.00000000000000000, 0.000000000000000000 ) ) ;
#598 = CARTESIAN_POINT ( 'NONE',  ( 0.000000000000000000, 160.0000000000000000, 0.000000000000000000 ) ) ;
#599 = PLANE ( 'NONE',  #1711 ) ;
#600 = EDGE_CURVE ( 'NONE', #1618, #1040, #485, .T. ) ;
#601 = CIRCLE ( 'NONE', #911, 10.00000000000000533 ) ;
#602 = CARTESIAN_POINT ( 'NONE',  ( -78.42317647912960865, 149.7873826832206134, -42.07213838830001151 ) ) ;
#603 = AXIS2_PLACEMENT_3D ( 'NONE', #244, #104, #113 ) ;
#604 = CARTESIAN_POINT ( 'NONE',  ( 69.99999999999998579, 10.00000000000000000, 69.99999999999998579 ) ) ;
#605 = CARTESIAN_POINT ( 'NONE',  ( 0.000000000000000000, 15.00000000000000000, 0.000000000000000000 ) ) ;
#606 = EDGE_LOOP ( 'NONE', ( #1541, #430, #749, #1680 ) ) ;
#607 = DIRECTION ( 'NONE',  ( -2.775557561562891844E-16, -0.000000000000000000, -1.000000000000000000 ) ) ;
#608 = ORIENTED_EDGE ( 'NONE', *, *, #1199, .T. ) ;
#609 = CARTESIAN_POINT ( 'NONE',  ( -75.00000000000000000, 10.00000000000000000, 55.00000000000000711 ) ) ;
#610 = CARTESIAN_POINT ( 'NONE',  ( -76.70292766824398711, 149.3798263270539621, -43.46682247516445585 ) ) ;
#611 = FACE_OUTER_BOUND ( 'NONE', #903, .T. ) ;
#612 = ORIENTED_EDGE ( 'NONE', *, *, #1317, .F. ) ;
#613 = CARTESIAN_POINT ( 'NONE',  ( -65.00085351474845652, 142.2088775812818824, 49.75672531397073328 ) ) ;
#614 = LINE ( 'NONE', #1034, #526 ) ;
#615 = VERTEX_POINT ( 'NONE', #324 ) ;
#616 = FACE_OUTER_BOUND ( 'NONE', #444, .T. ) ;
#617 = LINE ( 'NONE', #1688, #1211 ) ;
#618 = CARTESIAN_POINT ( 'NONE',  ( -67.34018997192050904, 144.5929994644209557, -48.88657105281475168 ) ) ;
#619 = ORIENTED_EDGE ( 'NONE', *, *, #408, .F. ) ;
#620 = CARTESIAN_POINT ( 'NONE',  ( -56.75496161175909293, 142.3948939874949531, 53.21305766267788329 ) ) ;
#621 = EDGE_CURVE ( 'NONE', #286, #1251, #303, .T. ) ;
#622 = CARTESIAN_POINT ( 'NONE',  ( -165.0000000000000000, 110.0000000000000284, 49.99999999999988631 ) ) ;
#623 = EDGE_LOOP ( 'NONE', ( #968, #932, #1405, #656 ) ) ;
#624 = DIRECTION ( 'NONE',  ( 0.000000000000000000, 1.000000000000000000, 0.000000000000000000 ) ) ;
#625 = LINE ( 'NONE', #1160, #1302 ) ;
#626 = VECTOR ( 'NONE', #1646, 1000.000000000000000 ) ;
#627 = FACE_OUTER_BOUND ( 'NONE', #45, .T. ) ;
#628 = AXIS2_PLACEMENT_3D ( 'NONE', #1465, #120, #1165 ) ;
#629 = ORIENTED_EDGE ( 'NONE', *, *, #668, .T. ) ;
#630 = CARTESIAN_POINT ( 'NONE',  ( -58.06556037621642474, 146.7041191210621491, 52.58593530041095221 ) ) ;
#631 = CIRCLE ( 'NONE', #178, 10.00000000000000178 ) ;
#632 = DIRECTION ( 'NONE',  ( 0.000000000000000000, 0.000000000000000000, 1.000000000000000000 ) ) ;
#633 = CARTESIAN_POINT ( 'NONE',  ( 0.000000000000000000, 159.9999999999999716, 0.000000000000000000 ) ) ;
#634 = ORIENTED_EDGE ( 'NONE', *, *, #837, .F. ) ;
#635 = CYLINDRICAL_SURFACE ( 'NONE', #350, 5.000000000000004441 ) ;
#636 = ADVANCED_FACE ( 'NONE', ( #1123 ), #260, .T. ) ;
#637 = CARTESIAN_POINT ( 'NONE',  ( -175.0000000000000568, 0.000000000000000000, -49.99999999999997158 ) ) ;
#638 = CARTESIAN_POINT ( 'NONE',  ( 9.797174393178826052E-15, 160.0000000000000000, -80.00000000000000000 ) ) ;
#639 = ORIENTED_EDGE ( 'NONE', *, *, #1253, .F. ) ;
#640 = CARTESIAN_POINT ( 'NONE',  ( -56.56737914347167617, 141.2403473458921042, -53.20185509102969945 ) ) ;
#641 = FACE_OUTER_BOUND ( 'NONE', #225, .T. ) ;
#642 = EDGE_LOOP ( 'NONE', ( #793, #1539, #693, #579 ) ) ;
#643 = EDGE_CURVE ( 'NONE', #1068, #67, #1375, .T. ) ;
#644 = CARTESIAN_POINT ( 'NONE',  ( 69.99999999999997158, 10.00000000000000000, -69.99999999999998579 ) ) ;
#645 = CARTESIAN_POINT ( 'NONE',  ( -61.83485465534829473, 153.6603761853960179, 49.50581187361483160 ) ) ;
#646 = PLANE ( 'NONE',  #380 ) ;
#647 = CARTESIAN_POINT ( 'NONE',  ( -47.98311604356094051, 89.88173326618658621, -52.66598952300577707 ) ) ;
#648 = ORIENTED_EDGE ( 'NONE', *, *, #1687, .T. ) ;
#649 = DIRECTION ( 'NONE',  ( -0.8958064164776173843, 0.000000000000000000, 0.4444444444444428099 ) ) ;
#650 = EDGE_CURVE ( 'NONE', #383, #1068, #976, .T. ) ;
#651 = FACE_OUTER_BOUND ( 'NONE', #897, .T. ) ;
#652 = AXIS2_PLACEMENT_3D ( 'NONE', #368, #351, #1162 ) ;
#653 = CIRCLE ( 'NONE', #287, 61.91391109268658965 ) ;
#654 = VECTOR ( 'NONE', #1195, 1000.000000000000000 ) ;
#655 = DIRECTION ( 'NONE',  ( 0.000000000000000000, 0.000000000000000000, 1.000000000000000000 ) ) ;
#656 = ORIENTED_EDGE ( 'NONE', *, *, #179, .F. ) ;
#657 = AXIS2_PLACEMENT_3D ( 'NONE', #590, #928, #255 ) ;
#658 = B_SPLINE_CURVE_WITH_KNOTS ( 'NONE', 3,
 ( #263, #1085, #147, #935, #556, #1252 ),
 .UNSPECIFIED., .F., .F.,
 ( 4, 2, 4 ),
 ( 0.000000000000000000, 0.03105428878958047673, 0.06210857757916095345 ),
 .UNSPECIFIED. ) ;
#659 = CARTESIAN_POINT ( 'NONE',  ( -75.00000000000002842, 10.00000000000000000, -75.00000000000000000 ) ) ;
#660 = CARTESIAN_POINT ( 'NONE',  ( 0.000000000000000000, 160.0000000000000000, 0.000000000000000000 ) ) ;
#661 = DIRECTION ( 'NONE',  ( 0.000000000000000000, 0.000000000000000000, -1.000000000000000000 ) ) ;
#662 = DIRECTION ( 'NONE',  ( 1.850371707708594316E-16, 0.000000000000000000, 1.000000000000000000 ) ) ;
#663 = ORIENTED_EDGE ( 'NONE', *, *, #953, .F. ) ;
#664 = CARTESIAN_POINT ( 'NONE',  ( -75.00000000000002842, 10.00000000000000000, -69.99999999999998579 ) ) ;
#665 = CARTESIAN_POINT ( 'NONE',  ( -64.07244482040987066, 140.7022454411384444, -49.98085810731601697 ) ) ;
#666 = CARTESIAN_POINT ( 'NONE',  ( -56.76231619604811840, 142.3262224668494582, -53.19263412687154613 ) ) ;
#667 = ORIENTED_EDGE ( 'NONE', *, *, #111, .F. ) ;
#668 = EDGE_CURVE ( 'NONE', #1368, #1596, #1026, .T. ) ;
#669 = EDGE_CURVE ( 'NONE', #1291, #1512, #189, .T. ) ;
#670 = FACE_OUTER_BOUND ( 'NONE', #1093, .T. ) ;
#671 = DIRECTION ( 'NONE',  ( -1.000000000000000000, -0.000000000000000000, -0.000000000000000000 ) ) ;
#672 = CARTESIAN_POINT ( 'NONE',  ( -60.40929424161991790, 151.4929352016697806, -50.81452033784362499 ) ) ;
#673 = CARTESIAN_POINT ( 'NONE',  ( -66.66441058557455790, 150.6796664209939820, 42.25930701902927211 ) ) ;
#674 = CIRCLE ( 'NONE', #1406, 5.000000000000004441 ) ;
#675 = CARTESIAN_POINT ( 'NONE',  ( -58.80990222752692631, 148.4523192769790967, -52.08264965466071317 ) ) ;
#676 = ORIENTED_EDGE ( 'NONE', *, *, #385, .T. ) ;
#677 = FACE_OUTER_BOUND ( 'NONE', #103, .T. ) ;
#678 = AXIS2_PLACEMENT_3D ( 'NONE', #1180, #1728, #256 ) ;
#679 =( BOUNDED_SURFACE ( )  B_SPLINE_SURFACE ( 3, 2, ( 
 ( #450, #988, #1096 ),
 ( #1517, #566, #1120 ),
 ( #1358, #425, #1112 ),
 ( #1210, #550, #319 ),
 ( #1102, #825, #696 ),
 ( #840, #1229, #25 ),
 ( #167, #1638, #8 ),
 ( #1489, #1630, #434 ) ),
 .UNSPECIFIED., .F., .F., .T. ) 
 B_SPLINE_SURFACE_WITH_KNOTS ( ( 4, 2, 2, 4 ),
 ( 3, 3 ),
 ( 0.02023851857088781320, 0.02429214234303608833, 0.02631895422911022242, 0.02834576611518435998 ),
 ( 0.000000000000000000, 1.000000000000000000 ),
 .UNSPECIFIED. ) 
 GEOMETRIC_REPRESENTATION_ITEM ( )  RATIONAL_B_SPLINE_SURFACE ( (
 ( 1.000000000000000000, 0.7071067811865476838, 1.000000000000000000),
 ( 1.000000000000000000, 0.7166674699835380302, 1.000000000000000000),
 ( 1.000000000000000000, 0.7227720278078083593, 1.000000000000000000),
 ( 1.000000000000000000, 0.7279113172097033679, 1.000000000000000000),
 ( 1.000000000000000000, 0.7289535966998789140, 1.000000000000000000),
 ( 1.000000000000000000, 0.7298688222261783265, 1.000000000000000000),
 ( 1.000000000000000000, 0.7297397066731148296, 1.000000000000000000),
 ( 1.000000000000000000, 0.7291108010398255068, 1.000000000000000000) ) ) 
 REPRESENTATION_ITEM ( '' )  SURFACE ( )  );
#680 = VERTEX_POINT ( 'NONE', #1390 ) ;
#681 = EDGE_CURVE ( 'NONE', #1710, #1291, #1259, .T. ) ;
#682 = VECTOR ( 'NONE', #388, 1000.000000000000000 ) ;
#683 = AXIS2_PLACEMENT_3D ( 'NONE', #426, #974, #1613 ) ;
#684 = CARTESIAN_POINT ( 'NONE',  ( 0.000000000000000000, 8.266365894244635122E-15, 60.00000000000000000 ) ) ;
#685 = EDGE_LOOP ( 'NONE', ( #706, #295, #199, #132 ) ) ;
#686 = CARTESIAN_POINT ( 'NONE',  ( -60.93239017674317637, 152.3296964327387855, -50.35172752561570775 ) ) ;
#687 = ADVANCED_FACE ( 'NONE', ( #1132 ), #1106, .F. ) ;
#688 = CARTESIAN_POINT ( 'NONE',  ( -74.52799844995911371, 148.6641429789463871, 44.99907562942699002 ) ) ;
#689 = CARTESIAN_POINT ( 'NONE',  ( -59.26484089896624852, 149.3938939541051809, -51.74351353553307575 ) ) ;
#690 = VERTEX_POINT ( 'NONE', #437 ) ;
#691 = CARTESIAN_POINT ( 'NONE',  ( 69.99999999999998579, 0.000000000000000000, 75.00000000000000000 ) ) ;
#692 = ORIENTED_EDGE ( 'NONE', *, *, #668, .F. ) ;
#693 = ORIENTED_EDGE ( 'NONE', *, *, #159, .F. ) ;
#694 = CARTESIAN_POINT ( 'NONE',  ( -62.56499946104063525, 154.6373554943722581, -48.78003438525841062 ) ) ;
#695 = EDGE_CURVE ( 'NONE', #67, #106, #983, .T. ) ;
#696 = CARTESIAN_POINT ( 'NONE',  ( -78.09215833487061786, 149.7224345216681627, 42.35780365182831275 ) ) ;
#697 = CARTESIAN_POINT ( 'NONE',  ( -75.00000000000002842, 10.00000000000000000, -75.00000000000000000 ) ) ;
#698 = ORIENTED_EDGE ( 'NONE', *, *, #1076, .F. ) ;
#699 = DIRECTION ( 'NONE',  ( 1.850371707708594563E-16, -0.000000000000000000, 1.000000000000000000 ) ) ;
#700 = ORIENTED_EDGE ( 'NONE', *, *, #508, .F. ) ;
#701 = APPLICATION_CONTEXT ( 'configuration controlled 3d designs of mechanical parts and assemblies' ) ;
#702 = CARTESIAN_POINT ( 'NONE',  ( -66.87925988505585906, 150.7864812106153067, -41.94299822897842489 ) ) ;
#703 = DIRECTION ( 'NONE',  ( -0.000000000000000000, 1.000000000000000000, -0.000000000000000000 ) ) ;
#704 = CARTESIAN_POINT ( 'NONE',  ( -67.69293095966526153, 159.6619157666571311, 42.56597015253403526 ) ) ;
#705 = CARTESIAN_POINT ( 'NONE',  ( -76.70292766824400132, 149.3798263270539621, -43.46682247516446296 ) ) ;
#706 = ORIENTED_EDGE ( 'NONE', *, *, #247, .T. ) ;
#707 = DIRECTION ( 'NONE',  ( 0.000000000000000000, 0.000000000000000000, 1.000000000000000000 ) ) ;
#708 = CC_DESIGN_PERSON_AND_ORGANIZATION_ASSIGNMENT ( #112, #1181, ( #98 ) ) ;
#709 = AXIS2_PLACEMENT_3D ( 'NONE', #1528, #1010, #901 ) ;
#710 = VERTEX_POINT ( 'NONE', #1004 ) ;
#711 = AXIS2_PLACEMENT_3D ( 'NONE', #1503, #46, #1378 ) ;
#712 = CIRCLE ( 'NONE', #1684, 5.000000000000004441 ) ;
#713 = VECTOR ( 'NONE', #671, 1000.000000000000000 ) ;
#714 = CARTESIAN_POINT ( 'NONE',  ( -57.68056946659852002, 145.7079285251933811, -52.82438877816646539 ) ) ;
#715 = CARTESIAN_POINT ( 'NONE',  ( -64.04162473220479512, 140.7169444641280620, 49.99999999999980815 ) ) ;
#716 = LOCAL_TIME ( 19, 32, 3.000000000000000000, #506 ) ;
#717 = CARTESIAN_POINT ( 'NONE',  ( -64.27466446440057268, 156.6504038941397710, 46.93338610882920392 ) ) ;
#718 = EDGE_CURVE ( 'NONE', #1360, #1105, #835, .T. ) ;
#719 = COORDINATED_UNIVERSAL_TIME_OFFSET ( 1, 0, .AHEAD. ) ;
#720 = ORIENTED_EDGE ( 'NONE', *, *, #1172, .T. ) ;
#721 = CARTESIAN_POINT ( 'NONE',  ( 74.99999999999997158, 0.000000000000000000, -69.99999999999998579 ) ) ;
#722 = ORIENTED_EDGE ( 'NONE', *, *, #284, .T. ) ;
#723 = CARTESIAN_POINT ( 'NONE',  ( -70.00000000000001421, 10.00000000000000000, -69.99999999999998579 ) ) ;
#724 = CARTESIAN_POINT ( 'NONE',  ( -175.0000000000000000, 10.00000000000000000, 50.00000000000002132 ) ) ;
#725 = CARTESIAN_POINT ( 'NONE',  ( -70.95491055826988713, 150.4795256950527005, -36.73588378213658956 ) ) ;
#726 = DIRECTION ( 'NONE',  ( 0.000000000000000000, 1.000000000000000000, 0.000000000000000000 ) ) ;
#727 = CALENDAR_DATE ( 2026, 8, 5 ) ;
#728 = ORIENTED_EDGE ( 'NONE', *, *, #1194, .F. ) ;
#729 = DIRECTION ( 'NONE',  ( 0.000000000000000000, -1.000000000000000000, 0.000000000000000000 ) ) ;
#730 = CARTESIAN_POINT ( 'NONE',  ( -175.0000000000000568, 110.0000000000000142, -49.99999999999997158 ) ) ;
#731 = EDGE_CURVE ( 'NONE', #1044, #1082, #1079, .T. ) ;
#732 = DIRECTION ( 'NONE',  ( -1.850371707708593577E-16, 0.000000000000000000, -1.000000000000000000 ) ) ;
#733 = CARTESIAN_POINT ( 'NONE',  ( -64.40249375822536138, 141.3630935740692678, 49.92581479742832329 ) ) ;
#734 = CARTESIAN_POINT ( 'NONE',  ( -75.52710616449687109, 149.0275157348521589, -44.32548510385865370 ) ) ;
#735 = DATE_TIME_ROLE ( 'creation_date' ) ;
#736 = EDGE_LOOP ( 'NONE', ( #405, #1492, #1396, #667 ) ) ;
#737 = CARTESIAN_POINT ( 'NONE',  ( -57.01821433808410688, 143.5082629345580472, 53.13612981766863896 ) ) ;
#738 = LINE ( 'NONE', #1290, #1603 ) ;
#739 = ORIENTED_EDGE ( 'NONE', *, *, #1190, .T. ) ;
#740 = AXIS2_PLACEMENT_3D ( 'NONE', #1144, #1669, #985 ) ;
#741 = CARTESIAN_POINT ( 'NONE',  ( -70.00000000000001421, 10.00000000000000000, -75.00000000000000000 ) ) ;
#742 = CARTESIAN_POINT ( 'NONE',  ( -69.02717171555079290, 145.8485177196167797, 48.12485619415984672 ) ) ;
#743 = CIRCLE ( 'NONE', #1713, 10.00000000000000711 ) ;
#744 = B_SPLINE_CURVE_WITH_KNOTS ( 'NONE', 3,
 ( #921, #768, #892, #1029, #1286, #1438, #1311, #504, #222, #1569, #645, #759, #1448, #1714, #1428, #484, #375, #1705, #1303, #109, #80, #910, #1293, #88 ),
 .UNSPECIFIED., .F., .F.,
 ( 4, 2, 2, 2, 2, 2, 2, 2, 2, 2, 2, 4 ),
 ( 0.007275305267249168248, 0.01057251040654613901, 0.01222111297619460531, 0.01386971554584307161, 0.01716692068514000247, 0.02046412582443694894, 0.02211272839408542218, 0.02376133096373390236, 0.02705853610303084189, 0.02870713867267931513, 0.03035574124232778837, 0.03365294638162473484 ),
 .UNSPECIFIED. ) ;
#745 = AXIS2_PLACEMENT_3D ( 'NONE', #633, #258, #1595 ) ;
#746 = CARTESIAN_POINT ( 'NONE',  ( -165.0000000000000000, 0.000000000000000000, 50.00000000000003553 ) ) ;
#747 = ORIENTED_EDGE ( 'NONE', *, *, #1666, .F. ) ;
#748 = DIRECTION ( 'NONE',  ( 1.000000000000000000, -0.000000000000000000, -1.850371707708594563E-16 ) ) ;
#749 = ORIENTED_EDGE ( 'NONE', *, *, #1369, .F. ) ;
#750 = FACE_OUTER_BOUND ( 'NONE', #1547, .T. ) ;
#751 = CARTESIAN_POINT ( 'NONE',  ( -71.66451331820940140, 159.9999999999999716, 35.55555555555540792 ) ) ;
#752 = EDGE_CURVE ( 'NONE', #951, #10, #790, .T. ) ;
#753 = FACE_OUTER_BOUND ( 'NONE', #342, .T. ) ;
#754 = ORIENTED_EDGE ( 'NONE', *, *, #919, .F. ) ;
#755 = EDGE_CURVE ( 'NONE', #196, #84, #1522, .T. ) ;
#756 = CARTESIAN_POINT ( 'NONE',  ( -49.99088672281024515, 80.00000000000000000, 50.43736852363903722 ) ) ;
#757 = VERTEX_POINT ( 'NONE', #39 ) ;
#758 = DIRECTION ( 'NONE',  ( 1.000000000000000000, 0.000000000000000000, 0.000000000000000000 ) ) ;
#759 = CARTESIAN_POINT ( 'NONE',  ( -61.02111692472914228, 152.4478714239324688, 50.26337307227544926 ) ) ;
#760 = DIRECTION ( 'NONE',  ( -1.000000000000000000, -0.000000000000000000, 1.850371707708594563E-16 ) ) ;
#761 = ORIENTED_EDGE ( 'NONE', *, *, #669, .T. ) ;
#762 = CARTESIAN_POINT ( 'NONE',  ( -63.99371336310240110, 140.5773413923898829, 49.99999999999981526 ) ) ;
#763 = ADVANCED_FACE ( 'NONE', ( #311 ), #428, .T. ) ;
#764 = FACE_OUTER_BOUND ( 'NONE', #419, .T. ) ;
#765 = ORIENTED_EDGE ( 'NONE', *, *, #1365, .F. ) ;
#766 = CARTESIAN_POINT ( 'NONE',  ( -80.00000000000000000, 0.000000000000000000, 55.00000000000001421 ) ) ;
#767 = CLOSED_SHELL ( 'NONE', ( #133, #1706, #1650, #1387, #1443, #240, #1357, #1380, #1552, #201, #394, #107, #1064, #1529, #1218, #157, #986, #687, #272, #525, #346, #1005, #636, #395, #266, #1343, #763, #582, #13, #29, #1622, #895, #325, #1497, #223, #853, #1472, #545, #1321, #817, #306, #417, #781, #549 ) ) ;
#768 = CARTESIAN_POINT ( 'NONE',  ( -67.66526274997865187, 159.6447835317398471, 42.60708480316609581 ) ) ;
#769 = LINE ( 'NONE', #249, #1300 ) ;
#770 = VECTOR ( 'NONE', #1277, 1000.000000000000000 ) ;
#771 = DATE_AND_TIME ( #369, #1078 ) ;
#772 = ORIENTED_EDGE ( 'NONE', *, *, #348, .T. ) ;
#773 = CARTESIAN_POINT ( 'NONE',  ( -60.34176379476915741, 143.4585150971041116, 49.51617615998357280 ) ) ;
#774 = DIRECTION ( 'NONE',  ( -0.000000000000000000, -1.000000000000000000, -0.000000000000000000 ) ) ;
#775 = VERTEX_POINT ( 'NONE', #721 ) ;
#776 = CARTESIAN_POINT ( 'NONE',  ( -54.91700888081292931, 89.98375278911331066, 49.99999999999988631 ) ) ;
#777 = DIRECTION ( 'NONE',  ( 0.4444444444444428655, -8.857866372551643536E-16, 0.8958064164776174954 ) ) ;
#778 = DIRECTION ( 'NONE',  ( 1.000000000000000000, 0.000000000000000000, -1.850371707708594316E-16 ) ) ;
#779 = VERTEX_POINT ( 'NONE', #1495 ) ;
#780 = B_SPLINE_CURVE_WITH_KNOTS ( 'NONE', 3,
 ( #841, #137, #666, #1203, #152, #1632, #292, #143, #675, #689, #1097, #1729, #19, #1473, #539, #1605, #1623, #412, #947, #807, #1341, #332, #462, #1404 ),
 .UNSPECIFIED., .F., .F.,
 ( 4, 2, 2, 2, 2, 2, 2, 2, 2, 2, 2, 4 ),
 ( 0.000000000000000000, 0.001651943646169228268, 0.003303887292338456537, 0.006607774584676907002, 0.008259718230846164327, 0.009911661877015422520, 0.01321554916935393717, 0.01651943646169246049, 0.01982332375403097341, 0.02312721104636948632, 0.02477915469253874278, 0.02643109833870800271 ),
 .UNSPECIFIED. ) ;
#781 = ADVANCED_FACE ( 'NONE', ( #1361 ), #481, .F. ) ;
#782 = DIRECTION ( 'NONE',  ( 1.850371707708594563E-16, -0.000000000000000000, 1.000000000000000000 ) ) ;
#783 = CARTESIAN_POINT ( 'NONE',  ( 75.00000000000000000, 10.00000000000000000, 69.99999999999998579 ) ) ;
#784 = CARTESIAN_POINT ( 'NONE',  ( -63.79557146646519783, 140.0000000000000284, 49.99999999999981526 ) ) ;
#785 = UNCERTAINTY_MEASURE_WITH_UNIT (LENGTH_MEASURE( 1.000000000000000082E-05 ), #1020, 'distance_accuracy_value', 'NONE');
#786 = DIRECTION ( 'NONE',  ( 0.000000000000000000, 0.000000000000000000, 1.000000000000000000 ) ) ;
#787 = ORIENTED_EDGE ( 'NONE', *, *, #1620, .F. ) ;
#788 = CARTESIAN_POINT ( 'NONE',  ( -46.24306715814314117, 80.00000000000000000, 52.55072539753818006 ) ) ;
#789 = FACE_OUTER_BOUND ( 'NONE', #1381, .T. ) ;
#790 = CIRCLE ( 'NONE', #1080, 70.00000000000000000 ) ;
#791 = DIRECTION ( 'NONE',  ( -0.000000000000000000, -1.000000000000000000, -0.000000000000000000 ) ) ;
#792 = CARTESIAN_POINT ( 'NONE',  ( 0.000000000000000000, 9.999999999999998224, 66.91391109268658965 ) ) ;
#793 = ORIENTED_EDGE ( 'NONE', *, *, #69, .T. ) ;
#794 = AXIS2_PLACEMENT_3D ( 'NONE', #944, #396, #1092 ) ;
#795 = CC_DESIGN_APPROVAL ( #971, ( #98 ) ) ;
#796 = CARTESIAN_POINT ( 'NONE',  ( 9.184850993605147944E-16, 149.9999999999999716, -7.500000000000000000 ) ) ;
#797 = ORIENTED_EDGE ( 'NONE', *, *, #1582, .F. ) ;
#798 = DIRECTION ( 'NONE',  ( 0.000000000000000000, 0.000000000000000000, -1.000000000000000000 ) ) ;
#799 = B_SPLINE_CURVE_WITH_KNOTS ( 'NONE', 3,
 ( #1373, #715, #733, #839, #1009, #1255, #593, #979, #742, #584, #1536, #1661, #1670, #203, #1119, #1145 ),
 .UNSPECIFIED., .F., .F.,
 ( 4, 2, 2, 2, 2, 2, 2, 4 ),
 ( 0.000000000000000000, 0.002231276001094343285, 0.004462552002188686570, 0.006693828003283028988, 0.008925104004377373140, 0.01338765600656609787, 0.01561893200766043856, 0.01785020800875478098 ),
 .UNSPECIFIED. ) ;
#800 = EDGE_CURVE ( 'NONE', #1082, #1108, #1273, .T. ) ;
#801 = DIRECTION ( 'NONE',  ( 0.000000000000000000, 1.000000000000000000, 0.000000000000000000 ) ) ;
#802 = ORIENTED_EDGE ( 'NONE', *, *, #284, .F. ) ;
#803 = DIRECTION ( 'NONE',  ( 0.000000000000000000, 0.000000000000000000, 1.000000000000000000 ) ) ;
#804 = CARTESIAN_POINT ( 'NONE',  ( -80.62257748298550553, 160.0000000000000284, -39.99999999999998579 ) ) ;
#805 = CARTESIAN_POINT ( 'NONE',  ( -65.42327151085835624, 157.8082871694859932, -45.57214408635940828 ) ) ;
#806 = CARTESIAN_POINT ( 'NONE',  ( -64.24603489894002450, 149.0456979413153817, 45.54695728640278674 ) ) ;
#807 = CARTESIAN_POINT ( 'NONE',  ( -66.77370488610199573, 158.9678982221068679, -43.82788267565342011 ) ) ;
#808 = EDGE_LOOP ( 'NONE', ( #589, #1227, #1664, #47 ) ) ;
#809 = CARTESIAN_POINT ( 'NONE',  ( -46.17850770987791975, 79.63325056388524104, 52.54645004374404493 ) ) ;
#810 = EDGE_CURVE ( 'NONE', #491, #436, #1329, .T. ) ;
#811 = PLANE ( 'NONE',  #794 ) ;
#812 = CARTESIAN_POINT ( 'NONE',  ( -64.69027814987808256, 149.4264709294832869, -44.99250658985761220 ) ) ;
#813 = CARTESIAN_POINT ( 'NONE',  ( -53.03260889256954158, 80.00000000000000000, -49.99999999999997158 ) ) ;
#814 = AXIS2_PLACEMENT_3D ( 'NONE', #1722, #798, #1202 ) ;
#815 = CARTESIAN_POINT ( 'NONE',  ( -75.00000000000002842, 10.00000000000000000, -69.99999999999998579 ) ) ;
#816 = VERTEX_POINT ( 'NONE', #1445 ) ;
#817 = ADVANCED_FACE ( 'NONE', ( #930 ), #381, .T. ) ;
#818 = CYLINDRICAL_SURFACE ( 'NONE', #1272, 40.00000000000000711 ) ;
#819 = AXIS2_PLACEMENT_3D ( 'NONE', #766, #139, #1344 ) ;
#820 = DIRECTION ( 'NONE',  ( 0.000000000000000000, -1.000000000000000000, 0.000000000000000000 ) ) ;
#821 = CIRCLE ( 'NONE', #848, 29.99999999999998579 ) ;
#822 = EDGE_CURVE ( 'NONE', #757, #502, #1379, .T. ) ;
#823 = VECTOR ( 'NONE', #1600, 1000.000000000000000 ) ;
#824 = CARTESIAN_POINT ( 'NONE',  ( -73.56597251979387408, 148.2839699117769499, -45.62200773111260332 ) ) ;
#825 = CARTESIAN_POINT ( 'NONE',  ( -69.93815967030720060, 150.8190575596827330, 37.82726283085801100 ) ) ;
#826 = FACE_OUTER_BOUND ( 'NONE', #867, .T. ) ;
#827 = ORIENTED_EDGE ( 'NONE', *, *, #1499, .F. ) ;
#828 = DIRECTION ( 'NONE',  ( -0.000000000000000000, -1.000000000000000000, -0.000000000000000000 ) ) ;
#829 = ORIENTED_EDGE ( 'NONE', *, *, #752, .F. ) ;
#830 = CARTESIAN_POINT ( 'NONE',  ( -62.03361186940016836, 146.5075184075527375, -48.00754137401526123 ) ) ;
#831 = CARTESIAN_POINT ( 'NONE',  ( -68.53920456101047876, 160.0000000000133298, -41.26388763409573102 ) ) ;
#832 = CARTESIAN_POINT ( 'NONE',  ( -65.59036795915089613, 150.0936479733476858, 43.80609719934486890 ) ) ;
#833 = CARTESIAN_POINT ( 'NONE',  ( -79.36390562140212523, 149.9411536077821268, 41.23338797223957641 ) ) ;
#834 = ORIENTED_EDGE ( 'NONE', *, *, #331, .F. ) ;
#835 = LINE ( 'NONE', #334, #457 ) ;
#836 = FACE_OUTER_BOUND ( 'NONE', #1116, .T. ) ;
#837 = EDGE_CURVE ( 'NONE', #64, #570, #1187, .T. ) ;
#838 = CARTESIAN_POINT ( 'NONE',  ( -74.20056074025407611, 148.5438063624407050, -45.21877606130966853 ) ) ;
#839 = CARTESIAN_POINT ( 'NONE',  ( -65.25884751694280794, 142.5716010596944443, 49.68332027118250949 ) ) ;
#840 = CARTESIAN_POINT ( 'NONE',  ( -68.83824163310238475, 160.0000000000009379, 40.76319217418427598 ) ) ;
#841 = CARTESIAN_POINT ( 'NONE',  ( -56.56737914347167617, 141.2403473458921042, -53.20185509102969945 ) ) ;
#842 = ORIENTED_EDGE ( 'NONE', *, *, #1150, .F. ) ;
#843 = CARTESIAN_POINT ( 'NONE',  ( -95.00000000000004263, 70.00000000000000000, -49.99999999999997868 ) ) ;
#844 = VECTOR ( 'NONE', #1019, 1000.000000000000000 ) ;
#845 = ORIENTED_EDGE ( 'NONE', *, *, #755, .T. ) ;
#846 = DIRECTION ( 'NONE',  ( -0.1691265631505840250, 0.9855943413173958723, 0.000000000000000000 ) ) ;
#847 = VECTOR ( 'NONE', #1126, 1000.000000000000000 ) ;
#848 = AXIS2_PLACEMENT_3D ( 'NONE', #1701, #1692, #1717 ) ;
#849 = CIRCLE ( 'NONE', #1412, 10.00000000000000000 ) ;
#850 = DIRECTION ( 'NONE',  ( 0.000000000000000000, 0.000000000000000000, 1.000000000000000000 ) ) ;
#851 = CARTESIAN_POINT ( 'NONE',  ( -175.0000000000000284, 0.000000000000000000, -39.99999999999996447 ) ) ;
#852 = CARTESIAN_POINT ( 'NONE',  ( -72.28895854817984912, 147.7050282740800924, 46.39265088947162496 ) ) ;
#853 = ADVANCED_FACE ( 'NONE', ( #403 ), #265, .F. ) ;
#854 = DIRECTION ( 'NONE',  ( 0.8322864058621550765, 0.000000000000000000, -0.5543458655181403572 ) ) ;
#855 = ORIENTED_EDGE ( 'NONE', *, *, #331, .T. ) ;
#856 = CARTESIAN_POINT ( 'NONE',  ( -135.0000000000000000, 110.0000000000000142, -49.99999999999997158 ) ) ;
#857 = ORIENTED_EDGE ( 'NONE', *, *, #1582, .T. ) ;
#858 = FACE_OUTER_BOUND ( 'NONE', #1342, .T. ) ;
#859 = EDGE_CURVE ( 'NONE', #1656, #1289, #821, .T. ) ;
#860 = CARTESIAN_POINT ( 'NONE',  ( -63.79557146646501309, 140.0000000000000000, -49.99999999999998579 ) ) ;
#861 = LINE ( 'NONE', #467, #770 ) ;
#862 = LINE ( 'NONE', #186, #844 ) ;
#863 = APPROVAL_ROLE ( '' ) ;
#864 = ORIENTED_EDGE ( 'NONE', *, *, #837, .T. ) ;
#865 = DIRECTION ( 'NONE',  ( 0.000000000000000000, 1.000000000000000000, 0.000000000000000000 ) ) ;
#866 = DIRECTION ( 'NONE',  ( -1.850371707708594563E-16, -1.387778780781445676E-15, -1.000000000000000000 ) ) ;
#867 = EDGE_LOOP ( 'NONE', ( #169, #1534, #216, #1567, #942, #772, #1073, #1424, #1416, #914 ) ) ;
#868 = EDGE_CURVE ( 'NONE', #10, #779, #1469, .T. ) ;
#869 = CARTESIAN_POINT ( 'NONE',  ( -175.0000000000000568, 80.00000000000000000, 50.00000000000000711 ) ) ;
#870 = CARTESIAN_POINT ( 'NONE',  ( -77.41191866878085648, 149.5685837198703894, -42.92013299089833112 ) ) ;
#871 = CARTESIAN_POINT ( 'NONE',  ( -135.0000000000000000, 140.0000000000000284, 49.99999999999983658 ) ) ;
#872 = PERSON_AND_ORGANIZATION ( #926, #127 ) ;
#873 = ORIENTED_EDGE ( 'NONE', *, *, #1016, .T. ) ;
#874 = CARTESIAN_POINT ( 'NONE',  ( -62.88835859105254400, 147.6177706018299318, 47.11193732725485006 ) ) ;
#875 = DIRECTION ( 'NONE',  ( 0.000000000000000000, 0.000000000000000000, -1.000000000000000000 ) ) ;
#876 = ORIENTED_EDGE ( 'NONE', *, *, #439, .T. ) ;
#877 = CIRCLE ( 'NONE', #1209, 4.999999999999997335 ) ;
#878 = EDGE_CURVE ( 'NONE', #227, #1244, #1712, .T. ) ;
#879 = VECTOR ( 'NONE', #28, 1000.000000000000000 ) ;
#880 = CARTESIAN_POINT ( 'NONE',  ( 0.000000000000000000, 15.00000000000000000, 61.91391109268658965 ) ) ;
#881 = CIRCLE ( 'NONE', #524, 7.500000000000000000 ) ;
#882 = DIRECTION ( 'NONE',  ( 0.000000000000000000, -1.000000000000000000, 0.000000000000000000 ) ) ;
#883 = AXIS2_PLACEMENT_3D ( 'NONE', #1224, #26, #1509 ) ;
#884 = CARTESIAN_POINT ( 'NONE',  ( -69.02449114829732935, 145.8466401947106874, -48.12610453715247161 ) ) ;
#885 = EDGE_CURVE ( 'NONE', #1154, #1574, #881, .T. ) ;
#886 = DIRECTION ( 'NONE',  ( 0.000000000000000000, 0.000000000000000000, 1.000000000000000000 ) ) ;
#887 = EDGE_LOOP ( 'NONE', ( #232, #722, #353, #728 ) ) ;
#888 = CARTESIAN_POINT ( 'NONE',  ( -67.71183682310444851, 144.8907020327273187, 48.72614304647800765 ) ) ;
#889 = CARTESIAN_POINT ( 'NONE',  ( -51.79403823684025099, 80.00000000000000000, 50.05599111414021962 ) ) ;
#890 = ORIENTED_EDGE ( 'NONE', *, *, #508, .T. ) ;
#891 = CARTESIAN_POINT ( 'NONE',  ( -53.03260889256954158, 80.00000000000000000, -49.99999999999997158 ) ) ;
#892 = CARTESIAN_POINT ( 'NONE',  ( -67.08261292970050249, 159.2222352713141618, 43.42033147630899492 ) ) ;
#893 = CARTESIAN_POINT ( 'NONE',  ( -105.0000000000000426, 70.00000000000000000, 50.00000000000002132 ) ) ;
#894 = ORIENTED_EDGE ( 'NONE', *, *, #1363, .T. ) ;
#895 = ADVANCED_FACE ( 'NONE', ( #1402 ), #154, .F. ) ;
#896 = DIRECTION ( 'NONE',  ( 1.000000000000000000, 0.000000000000000000, -1.850371707708594316E-16 ) ) ;
#897 = EDGE_LOOP ( 'NONE', ( #982, #1672, #345, #156 ) ) ;
#898 = CARTESIAN_POINT ( 'NONE',  ( -57.81430928123133128, 130.4805482477358964, 49.99999999999982236 ) ) ;
#899 = DIRECTION ( 'NONE',  ( 0.000000000000000000, 0.000000000000000000, 1.000000000000000000 ) ) ;
#900 = EDGE_CURVE ( 'NONE', #1249, #710, #799, .T. ) ;
#901 = DIRECTION ( 'NONE',  ( 0.8322864058623582473, 0.000000000000000000, 0.5543458655178352679 ) ) ;
#902 = DATE_TIME_ROLE ( 'classification_date' ) ;
#903 = EDGE_LOOP ( 'NONE', ( #364, #1453, #75, #855, #1389, #864, #1140, #564, #1441, #890, #975, #312, #612, #1163, #23, #276 ) ) ;
#904 = EDGE_CURVE ( 'NONE', #1360, #1656, #384, .T. ) ;
#905 = CARTESIAN_POINT ( 'NONE',  ( -59.66367403426674088, 141.5550066045086055, 49.95726573407063853 ) ) ;
#906 = LINE ( 'NONE', #924, #997 ) ;
#907 = ORIENTED_EDGE ( 'NONE', *, *, #1513, .F. ) ;
#908 = CARTESIAN_POINT ( 'NONE',  ( -50.81911246564197171, 89.39213687338815362, 49.99999999999990763 ) ) ;
#909 = VECTOR ( 'NONE', #61, 1000.000000000000000 ) ;
#910 = CARTESIAN_POINT ( 'NONE',  ( -56.99134651104608906, 143.3951665069247952, 53.14408184454944717 ) ) ;
#911 = AXIS2_PLACEMENT_3D ( 'NONE', #57, #1008, #212 ) ;
#912 = PLANE ( 'NONE',  #814 ) ;
#913 = AXIS2_PLACEMENT_3D ( 'NONE', #251, #1594, #1723 ) ;
#914 = ORIENTED_EDGE ( 'NONE', *, *, #1499, .T. ) ;
#915 = AXIS2_PLACEMENT_3D ( 'NONE', #1113, #1501, #168 ) ;
#916 = EDGE_CURVE ( 'NONE', #816, #1645, #448, .T. ) ;
#917 = CARTESIAN_POINT ( 'NONE',  ( -95.00000000000004263, 80.00000000000000000, -49.99999999999997158 ) ) ;
#918 = EDGE_LOOP ( 'NONE', ( #144, #162, #1477, #1063 ) ) ;
#919 = EDGE_CURVE ( 'NONE', #1035, #1258, #1515, .T. ) ;
#920 = LINE ( 'NONE', #414, #1103 ) ;
#921 = CARTESIAN_POINT ( 'NONE',  ( -68.23893008632344959, 160.0000000000000000, 41.75462154868440479 ) ) ;
#922 = LINE ( 'NONE', #230, #60 ) ;
#923 = PRODUCT ( 'base_Default_sldprt', 'base_Default_sldprt', '', ( #321 ) ) ;
#924 = CARTESIAN_POINT ( 'NONE',  ( -105.0000000000000426, 80.00000000000000000, 50.00000000000002132 ) ) ;
#925 = EDGE_LOOP ( 'NONE', ( #692, #1295, #1021, #1089 ) ) ;
#926 = PERSON ( 'UNSPECIFIED', 'UNSPECIFIED', 'UNSPECIFIED', ('UNSPECIFIED'), ('UNSPECIFIED'), ('UNSPECIFIED') ) ;
#927 = APPROVAL ( #341, 'UNSPECIFIED' ) ;
#928 = DIRECTION ( 'NONE',  ( -1.000000000000000000, 0.000000000000000000, 0.000000000000000000 ) ) ;
#929 = CARTESIAN_POINT ( 'NONE',  ( -65.75432055293759959, 143.1278322531220795, -49.51366441973662802 ) ) ;
#930 = FACE_OUTER_BOUND ( 'NONE', #259, .T. ) ;
#931 = DIRECTION ( 'NONE',  ( 0.000000000000000000, 0.000000000000000000, -1.000000000000000000 ) ) ;
#932 = ORIENTED_EDGE ( 'NONE', *, *, #731, .T. ) ;
#933 = B_SPLINE_CURVE_WITH_KNOTS ( 'NONE', 3,
 ( #1610, #418, #442, #954, #281, #813 ),
 .UNSPECIFIED., .F., .F.,
 ( 4, 2, 4 ),
 ( 0.000000000000000000, 0.03047885071392569811, 0.06095770142785139623 ),
 .UNSPECIFIED. ) ;
#934 = EDGE_CURVE ( 'NONE', #38, #1618, #861, .T. ) ;
#935 = CARTESIAN_POINT ( 'NONE',  ( -49.78704636572874875, 100.3958625571889627, 52.78268201820586825 ) ) ;
#936 = CARTESIAN_POINT ( 'NONE',  ( -66.79665400406851461, 144.1278529369427588, -49.11194925841168413 ) ) ;
#937 = AXIS2_PLACEMENT_3D ( 'NONE', #486, #1423, #1031 ) ;
#938 = VECTOR ( 'NONE', #729, 1000.000000000000000 ) ;
#939 = CARTESIAN_POINT ( 'NONE',  ( -63.56379653513467787, 148.3681702983697335, 46.35218104206855116 ) ) ;
#940 = CIRCLE ( 'NONE', #176, 61.95252170911825118 ) ;
#941 = DIRECTION ( 'NONE',  ( 0.000000000000000000, -1.000000000000000000, 0.000000000000000000 ) ) ;
#942 = ORIENTED_EDGE ( 'NONE', *, *, #254, .T. ) ;
#943 = VECTOR ( 'NONE', #551, 1000.000000000000000 ) ;
#944 = CARTESIAN_POINT ( 'NONE',  ( -175.0000000000000284, 0.000000000000000000, 3.932039878880763589E-14 ) ) ;
#945 = CARTESIAN_POINT ( 'NONE',  ( -72.61056052468273947, 147.8508271826609359, -46.19857198514070262 ) ) ;
#946 = PRODUCT_RELATED_PRODUCT_CATEGORY ( 'detail', '', ( #923 ) ) ;
#947 = CARTESIAN_POINT ( 'NONE',  ( -65.88998314440991066, 158.2376345919889786, -44.99174107037674020 ) ) ;
#948 = ORIENTED_EDGE ( 'NONE', *, *, #572, .F. ) ;
#949 = CARTESIAN_POINT ( 'NONE',  ( -54.66941500116681851, 88.64137518295285645, 49.99999999999989342 ) ) ;
#950 = CARTESIAN_POINT ( 'NONE',  ( 0.000000000000000000, 160.0000000000000000, 80.00000000000000000 ) ) ;
#951 = VERTEX_POINT ( 'NONE', #1263 ) ;
#952 = CARTESIAN_POINT ( 'NONE',  ( -76.70292766824400132, 149.3798263270539906, -43.46682247516446296 ) ) ;
#953 = EDGE_CURVE ( 'NONE', #1512, #471, #166, .T. ) ;
#954 = CARTESIAN_POINT ( 'NONE',  ( -56.74740227316357277, 99.97719342773230267, -49.99999999999998579 ) ) ;
#955 = CARTESIAN_POINT ( 'NONE',  ( -165.0000000000000000, 0.000000000000000000, -39.99999999999996447 ) ) ;
#956 = EDGE_LOOP ( 'NONE', ( #700, #1225, #1640, #1339 ) ) ;
#957 = CARTESIAN_POINT ( 'NONE',  ( -135.0000000000000000, 110.0000000000000142, 3.747002708109903955E-14 ) ) ;
#958 = ORIENTED_EDGE ( 'NONE', *, *, #953, .T. ) ;
#959 = DIRECTION ( 'NONE',  ( 0.000000000000000000, 0.000000000000000000, 1.000000000000000000 ) ) ;
#960 = CARTESIAN_POINT ( 'NONE',  ( -58.71298930197928456, 148.2417930995838447, -52.15213531951975057 ) ) ;
#961 = CARTESIAN_POINT ( 'NONE',  ( -67.28257442954893008, 150.9204117957956726, 41.30524635993177895 ) ) ;
#962 = VECTOR ( 'NONE', #420, 1000.000000000000000 ) ;
#963 = CARTESIAN_POINT ( 'NONE',  ( -175.0000000000000000, 0.000000000000000000, 50.00000000000003553 ) ) ;
#964 = EDGE_LOOP ( 'NONE', ( #1352, #747, #1483, #1033 ) ) ;
#965 = EDGE_CURVE ( 'NONE', #22, #1512, #124, .T. ) ;
#966 = DIRECTION ( 'NONE',  ( -1.000000000000000000, 0.000000000000000000, 1.850371707708594563E-16 ) ) ;
#967 = AXIS2_PLACEMENT_3D ( 'NONE', #637, #782, #1554 ) ;
#968 = ORIENTED_EDGE ( 'NONE', *, *, #1052, .T. ) ;
#969 = CIRCLE ( 'NONE', #683, 5.000000000000004441 ) ;
#970 = VECTOR ( 'NONE', #372, 1000.000000000000000 ) ;
#971 = APPROVAL ( #1450, 'UNSPECIFIED' ) ;
#972 = CARTESIAN_POINT ( 'NONE',  ( -59.65828965095006708, 150.1487680535341553, -51.43425315740589099 ) ) ;
#973 = LINE ( 'NONE', #893, #909 ) ;
#974 = DIRECTION ( 'NONE',  ( 0.000000000000000000, 1.000000000000000000, 0.000000000000000000 ) ) ;
#975 = ORIENTED_EDGE ( 'NONE', *, *, #1276, .F. ) ;
#976 = LINE ( 'NONE', #182, #879 ) ;
#977 = CARTESIAN_POINT ( 'NONE',  ( 75.00000000000000000, 10.00000000000000000, 69.99999999999998579 ) ) ;
#978 = CARTESIAN_POINT ( 'NONE',  ( -68.05184177034414006, 151.1105318857149484, -40.04553195128360699 ) ) ;
#979 = CARTESIAN_POINT ( 'NONE',  ( -68.44875046636994398, 145.4516413539380153, 48.39794663091405624 ) ) ;
#980 = CARTESIAN_POINT ( 'NONE',  ( -65.42813956608411274, 157.7990204534900727, 45.55683808717067507 ) ) ;
#981 = CYLINDRICAL_SURFACE ( 'NONE', #883, 7.500000000000000000 ) ;
#982 = ORIENTED_EDGE ( 'NONE', *, *, #1222, .T. ) ;
#983 = LINE ( 'NONE', #464, #93 ) ;
#984 = ORIENTED_EDGE ( 'NONE', *, *, #385, .F. ) ;
#985 = DIRECTION ( 'NONE',  ( 0.000000000000000000, 0.000000000000000000, 1.000000000000000000 ) ) ;
#986 = ADVANCED_FACE ( 'NONE', ( #1394 ), #238, .T. ) ;
#987 = CARTESIAN_POINT ( 'NONE',  ( -68.74209544535401051, 151.1040471410275643, -38.80177489905615573 ) ) ;
#988 = CARTESIAN_POINT ( 'NONE',  ( -71.66451331820941562, 150.0000000000000000, 35.55555555555537239 ) ) ;
#989 = APPROVAL_DATE_TIME ( #1130, #927 ) ;
#990 = ORIENTED_EDGE ( 'NONE', *, *, #681, .T. ) ;
#991 = EDGE_CURVE ( 'NONE', #1550, #477, #1057, .T. ) ;
#992 = DIRECTION ( 'NONE',  ( -0.000000000000000000, -1.000000000000000000, -0.000000000000000000 ) ) ;
#993 = VERTEX_POINT ( 'NONE', #229 ) ;
#994 = CARTESIAN_POINT ( 'NONE',  ( -50.58396906095464374, 80.00000000000000000, -50.27498820529027768 ) ) ;
#995 = APPROVAL_PERSON_ORGANIZATION ( #129, #971, #390 ) ;
#996 = VECTOR ( 'NONE', #1476, 1000.000000000000000 ) ;
#997 = VECTOR ( 'NONE', #774, 1000.000000000000000 ) ;
#998 = FACE_OUTER_BOUND ( 'NONE', #1306, .T. ) ;
#999 = CARTESIAN_POINT ( 'NONE',  ( -71.66451331820934456, 160.0000000000000000, -35.55555555555554292 ) ) ;
#1000 = CC_DESIGN_APPROVAL ( #927, ( #1230 ) ) ;
#1001 = CARTESIAN_POINT ( 'NONE',  ( -73.74891748320871443, 148.3596081395637327, -45.50626224873003878 ) ) ;
#1002 =( NAMED_UNIT ( * ) SI_UNIT ( $, .STERADIAN. ) SOLID_ANGLE_UNIT ( ) );
#1003 = ORIENTED_EDGE ( 'NONE', *, *, #731, .F. ) ;
#1004 = CARTESIAN_POINT ( 'NONE',  ( -76.70292766823141051, 149.3798263270504378, 43.46682247517383502 ) ) ;
#1005 = ADVANCED_FACE ( 'NONE', ( #349 ), #241, .T. ) ;
#1006 = CARTESIAN_POINT ( 'NONE',  ( 69.99999999999998579, 10.00000000000000000, 69.99999999999998579 ) ) ;
#1007 = ORIENTED_EDGE ( 'NONE', *, *, #1513, .T. ) ;
#1008 = DIRECTION ( 'NONE',  ( 0.1691265631505860234, -0.9855943413173955392, 2.735573826677093533E-15 ) ) ;
#1009 = CARTESIAN_POINT ( 'NONE',  ( -65.75226213301375822, 143.1255913063356502, 49.51438852387511247 ) ) ;
#1010 = DIRECTION ( 'NONE',  ( -0.5298434325517720200, 0.2940196458447306704, 0.7954988276792712698 ) ) ;
#1011 = CARTESIAN_POINT ( 'NONE',  ( 0.000000000000000000, 0.000000000000000000, 0.000000000000000000 ) ) ;
#1012 = ORIENTED_EDGE ( 'NONE', *, *, #560, .T. ) ;
#1013 = EDGE_CURVE ( 'NONE', #22, #279, #1579, .T. ) ;
#1014 = CARTESIAN_POINT ( 'NONE',  ( -75.00000000000002842, 10.00000000000000000, -75.00000000000000000 ) ) ;
#1015 = ORIENTED_EDGE ( 'NONE', *, *, #1047, .T. ) ;
#1016 = EDGE_CURVE ( 'NONE', #84, #196, #940, .T. ) ;
#1017 = FACE_OUTER_BOUND ( 'NONE', #1100, .T. ) ;
#1018 = CARTESIAN_POINT ( 'NONE',  ( -70.20758025666255264, 150.7407785700151521, -37.56170763379299871 ) ) ;
#1019 = DIRECTION ( 'NONE',  ( -0.000000000000000000, 1.000000000000000000, -0.000000000000000000 ) ) ;
#1020 =( LENGTH_UNIT ( ) NAMED_UNIT ( * ) SI_UNIT ( .MILLI., .METRE. ) );
#1021 = ORIENTED_EDGE ( 'NONE', *, *, #1316, .F. ) ;
#1022 = CARTESIAN_POINT ( 'NONE',  ( -61.60684363987935086, 145.8951951271283747, 48.43259934362182406 ) ) ;
#1023 = CARTESIAN_POINT ( 'NONE',  ( -51.79373212246365910, 80.00000000000001421, -50.05599336550027090 ) ) ;
#1024 = ORIENTED_EDGE ( 'NONE', *, *, #1135, .T. ) ;
#1025 = VECTOR ( 'NONE', #820, 1000.000000000000000 ) ;
#1026 = CIRCLE ( 'NONE', #316, 4.999999999999997335 ) ;
#1027 = FACE_BOUND ( 'NONE', #362, .T. ) ;
#1028 = AXIS2_PLACEMENT_3D ( 'NONE', #1608, #270, #141 ) ;
#1029 = CARTESIAN_POINT ( 'NONE',  ( -66.19821647721194324, 158.4927916326877835, 44.58614649500204763 ) ) ;
#1030 = CIRCLE ( 'NONE', #745, 7.500000000000000000 ) ;
#1031 = DIRECTION ( 'NONE',  ( 0.000000000000000000, -0.000000000000000000, 1.000000000000000000 ) ) ;
#1032 = CARTESIAN_POINT ( 'NONE',  ( 69.99999999999997158, 10.00000000000000000, -75.00000000000000000 ) ) ;
#1033 = ORIENTED_EDGE ( 'NONE', *, *, #191, .F. ) ;
#1034 = CARTESIAN_POINT ( 'NONE',  ( 74.99999999999997158, 0.000000000000000000, -75.00000000000000000 ) ) ;
#1035 = VERTEX_POINT ( 'NONE', #1046 ) ;
#1036 = DIRECTION ( 'NONE',  ( -0.000000000000000000, -1.000000000000000000, -0.000000000000000000 ) ) ;
#1037 = CARTESIAN_POINT ( 'NONE',  ( -71.66451331820934456, 160.0000000000000000, -35.55555555555553582 ) ) ;
#1038 = CARTESIAN_POINT ( 'NONE',  ( -105.0000000000000426, 10.00000000000000000, -49.99999999999997158 ) ) ;
#1039 = CALENDAR_DATE ( 2026, 8, 5 ) ;
#1040 = VERTEX_POINT ( 'NONE', #117 ) ;
#1041 = CARTESIAN_POINT ( 'NONE',  ( -62.66745031557837819, 147.3497330958379621, 47.35055961282443349 ) ) ;
#1042 = CARTESIAN_POINT ( 'NONE',  ( -48.03700601194723419, 90.19413018865783727, -52.66949453363430678 ) ) ;
#1043 = CARTESIAN_POINT ( 'NONE',  ( -59.49260089312900135, 140.7383835254509279, -49.99999999999999289 ) ) ;
#1044 = VERTEX_POINT ( 'NONE', #751 ) ;
#1045 = CARTESIAN_POINT ( 'NONE',  ( -56.55242026120475884, 98.90145496357807531, 49.99999999999987921 ) ) ;
#1046 = CARTESIAN_POINT ( 'NONE',  ( -175.0000000000000568, 110.0000000000000142, -39.99999999999996447 ) ) ;
#1047 = EDGE_CURVE ( 'NONE', #1267, #446, #744, .T. ) ;
#1048 = CARTESIAN_POINT ( 'NONE',  ( -80.00000000000000000, 6.938893903907228378E-15, 55.00000000000001421 ) ) ;
#1049 = ORIENTED_EDGE ( 'NONE', *, *, #518, .F. ) ;
#1050 = CARTESIAN_POINT ( 'NONE',  ( -59.39383699784156079, 149.6735835043196516, 51.65190241496615187 ) ) ;
#1051 = DIRECTION ( 'NONE',  ( 0.000000000000000000, 1.000000000000000000, 0.000000000000000000 ) ) ;
#1052 = EDGE_CURVE ( 'NONE', #1105, #1044, #743, .T. ) ;
#1053 = CARTESIAN_POINT ( 'NONE',  ( -70.00000000000001421, 10.00000000000000000, -69.99999999999998579 ) ) ;
#1054 = ORIENTED_EDGE ( 'NONE', *, *, #6, .F. ) ;
#1055 = CARTESIAN_POINT ( 'NONE',  ( -105.0000000000000426, 10.00000000000000000, 50.00000000000000711 ) ) ;
#1056 = TOROIDAL_SURFACE ( 'NONE', #1268, 66.91391109268658965, 5.000000000000000000 ) ;
#1057 = LINE ( 'NONE', #1318, #96 ) ;
#1058 = AXIS2_PLACEMENT_3D ( 'NONE', #494, #1036, #803 ) ;
#1059 = AXIS2_PLACEMENT_3D ( 'NONE', #1625, #1370, #707 ) ;
#1060 = AXIS2_PLACEMENT_3D ( 'NONE', #1053, #941, #1192 ) ;
#1061 = DIRECTION ( 'NONE',  ( 2.567906592516314763E-31, -1.000000000000000000, 1.387778780781445676E-15 ) ) ;
#1062 = CARTESIAN_POINT ( 'NONE',  ( -48.97580788806038044, 79.10355941630281507, -50.00000000000000000 ) ) ;
#1063 = ORIENTED_EDGE ( 'NONE', *, *, #991, .T. ) ;
#1064 = ADVANCED_FACE ( 'NONE', ( #248 ), #527, .F. ) ;
#1065 = DIRECTION ( 'NONE',  ( 1.000000000000000000, -0.000000000000000000, -1.850371707708594563E-16 ) ) ;
#1066 = CARTESIAN_POINT ( 'NONE',  ( 0.000000000000000000, 150.0000000000000284, 0.000000000000000000 ) ) ;
#1067 = CARTESIAN_POINT ( 'NONE',  ( -80.00000000000000000, 10.00000000000000000, 50.00000000000000000 ) ) ;
#1068 = VERTEX_POINT ( 'NONE', #1186 ) ;
#1069 = EDGE_CURVE ( 'NONE', #1040, #993, #625, .T. ) ;
#1070 = DIRECTION ( 'NONE',  ( 0.8958064164776169402, 0.000000000000000000, 0.4444444444444439757 ) ) ;
#1071 = DIRECTION ( 'NONE',  ( 0.000000000000000000, 1.387778780781445478E-15, 1.000000000000000000 ) ) ;
#1072 = LINE ( 'NONE', #534, #970 ) ;
#1073 = ORIENTED_EDGE ( 'NONE', *, *, #515, .T. ) ;
#1074 = DIRECTION ( 'NONE',  ( 1.850371707708594316E-16, 0.000000000000000000, 1.000000000000000000 ) ) ;
#1075 = DIRECTION ( 'NONE',  ( -3.851859888774472582E-31, 1.000000000000000000, -1.387778780781445676E-15 ) ) ;
#1076 = EDGE_CURVE ( 'NONE', #1147, #1360, #617, .T. ) ;
#1077 = CIRCLE ( 'NONE', #429, 5.000000000000004441 ) ;
#1078 = LOCAL_TIME ( 19, 32, 3.000000000000000000, #102 ) ;
#1079 = CIRCLE ( 'NONE', #407, 80.00000000000000000 ) ;
#1080 = AXIS2_PLACEMENT_3D ( 'NONE', #1532, #828, #1099 ) ;
#1081 = CARTESIAN_POINT ( 'NONE',  ( -69.99999999999998579, 0.000000000000000000, 75.00000000000000000 ) ) ;
#1082 = VERTEX_POINT ( 'NONE', #1037 ) ;
#1083 = CIRCLE ( 'NONE', #125, 5.000000000000004441 ) ;
#1084 = CARTESIAN_POINT ( 'NONE',  ( -56.10309035065588290, 120.2011184405247661, 49.99999999999987210 ) ) ;
#1085 = CARTESIAN_POINT ( 'NONE',  ( -54.90739463972352752, 131.0233501941031591, 53.10271950875652891 ) ) ;
#1086 = CARTESIAN_POINT ( 'NONE',  ( -59.91896159985047632, 142.3361541392142726, -49.80539123889105468 ) ) ;
#1087 = CARTESIAN_POINT ( 'NONE',  ( -165.0000000000000000, 0.000000000000000000, -49.99999999999997158 ) ) ;
#1088 = DIRECTION ( 'NONE',  ( 1.000000000000000000, 0.000000000000000000, -0.000000000000000000 ) ) ;
#1089 = ORIENTED_EDGE ( 'NONE', *, *, #217, .F. ) ;
#1090 = CARTESIAN_POINT ( 'NONE',  ( -62.07726138249461201, 129.9864535538268626, 49.99999999999983658 ) ) ;
#1091 = ORIENTED_EDGE ( 'NONE', *, *, #1265, .T. ) ;
#1092 = DIRECTION ( 'NONE',  ( -2.775557561562891844E-16, 0.000000000000000000, -1.000000000000000000 ) ) ;
#1093 = EDGE_LOOP ( 'NONE', ( #797, #1504, #834, #1614 ) ) ;
#1094 = CARTESIAN_POINT ( 'NONE',  ( -62.24720120348924723, 146.8037065115795485, -47.79085032198458549 ) ) ;
#1095 = EDGE_CURVE ( 'NONE', #1618, #1035, #1107, .T. ) ;
#1096 = CARTESIAN_POINT ( 'NONE',  ( -80.62257748298556237, 150.0000000000000000, 39.99999999999982947 ) ) ;
#1097 = CARTESIAN_POINT ( 'NONE',  ( -59.50330838633090735, 149.8569944581361426, -51.55773050079152853 ) ) ;
#1098 = ORIENTED_EDGE ( 'NONE', *, *, #1597, .F. ) ;
#1099 = DIRECTION ( 'NONE',  ( 0.000000000000000000, 0.000000000000000000, 1.000000000000000000 ) ) ;
#1100 = EDGE_LOOP ( 'NONE', ( #27, #171, #20, #1176 ) ) ;
#1101 = CARTESIAN_POINT ( 'NONE',  ( -68.41261896869445991, 151.1363755639758892, -39.41298083306870126 ) ) ;
#1102 = CARTESIAN_POINT ( 'NONE',  ( -69.42626399196342390, 159.9999999999990621, 39.75343023545326560 ) ) ;
#1103 = VECTOR ( 'NONE', #1310, 1000.000000000000000 ) ;
#1104 = PLANE ( 'NONE',  #211 ) ;
#1105 = VERTEX_POINT ( 'NONE', #1170 ) ;
#1106 = PLANE ( 'NONE',  #1599 ) ;
#1107 = CIRCLE ( 'NONE', #1411, 10.00000000000000178 ) ;
#1108 = VERTEX_POINT ( 'NONE', #1470 ) ;
#1109 = AXIS2_PLACEMENT_3D ( 'NONE', #1142, #1667, #875 ) ;
#1110 = CARTESIAN_POINT ( 'NONE',  ( -65.42164179507241784, 142.7533720001001711, -49.62790364902488705 ) ) ;
#1111 = CARTESIAN_POINT ( 'NONE',  ( 0.000000000000000000, 8.266365894244635122E-15, 0.000000000000000000 ) ) ;
#1112 = CARTESIAN_POINT ( 'NONE',  ( -79.39597163447473349, 149.9447678297640607, 41.20335446331842633 ) ) ;
#1113 = CARTESIAN_POINT ( 'NONE',  ( -165.0000000000000000, 0.000000000000000000, 40.00000000000003553 ) ) ;
#1114 = VERTEX_POINT ( 'NONE', #546 ) ;
#1115 = CARTESIAN_POINT ( 'NONE',  ( -48.97580788806049412, 79.10355941630282928, 49.99999999999991473 ) ) ;
#1116 = EDGE_LOOP ( 'NONE', ( #164, #1703, #268, #1131 ) ) ;
#1117 = EDGE_CURVE ( 'NONE', #993, #779, #206, .T. ) ;
#1118 = CARTESIAN_POINT ( 'NONE',  ( -64.23829006798828800, 149.0382733276771887, -45.55623005583594676 ) ) ;
#1119 = CARTESIAN_POINT ( 'NONE',  ( -76.12127160242273760, 149.2184406233065772, 43.90346723665982864 ) ) ;
#1120 = CARTESIAN_POINT ( 'NONE',  ( -80.01834083012113297, 150.0000000000000000, 40.60893895470911730 ) ) ;
#1121 = APPLICATION_PROTOCOL_DEFINITION ( 'international standard', 'config_control_design', 1994, #547 ) ;
#1122 = EDGE_LOOP ( 'NONE', ( #802, #984, #554, #357 ) ) ;
#1123 = FACE_OUTER_BOUND ( 'NONE', #606, .T. ) ;
#1124 = ORIENTED_EDGE ( 'NONE', *, *, #1205, .F. ) ;
#1125 = CARTESIAN_POINT ( 'NONE',  ( -48.82254113221004133, 80.00000000000000000, 50.87512522533616988 ) ) ;
#1126 = DIRECTION ( 'NONE',  ( 1.518987406977656509E-17, 0.9922778767136676281, -0.1240347345892084674 ) ) ;
#1127 = CARTESIAN_POINT ( 'NONE',  ( -69.99999999999998579, 10.00000000000000000, 75.00000000000000000 ) ) ;
#1128 = EDGE_CURVE ( 'NONE', #816, #1114, #423, .T. ) ;
#1129 = DIRECTION ( 'NONE',  ( 0.000000000000000000, 0.000000000000000000, 1.000000000000000000 ) ) ;
#1130 = DATE_AND_TIME ( #451, #576 ) ;
#1131 = ORIENTED_EDGE ( 'NONE', *, *, #900, .F. ) ;
#1132 = FACE_OUTER_BOUND ( 'NONE', #1213, .T. ) ;
#1133 = DIRECTION ( 'NONE',  ( 0.000000000000000000, 1.000000000000000000, 0.000000000000000000 ) ) ;
#1134 = CIRCLE ( 'NONE', #1239, 7.500000000000000000 ) ;
#1135 = EDGE_CURVE ( 'NONE', #1624, #22, #537, .T. ) ;
#1136 = TOROIDAL_SURFACE ( 'NONE', #1214, 66.91391109268658965, 5.000000000000000000 ) ;
#1137 = CARTESIAN_POINT ( 'NONE',  ( 0.000000000000000000, 15.00000000000000000, 0.000000000000000000 ) ) ;
#1138 = CARTESIAN_POINT ( 'NONE',  ( -71.37331495103681789, 150.2674613479578341, -36.14248462719614707 ) ) ;
#1139 = PLANE ( 'NONE',  #314 ) ;
#1140 = ORIENTED_EDGE ( 'NONE', *, *, #1222, .F. ) ;
#1141 = CARTESIAN_POINT ( 'NONE',  ( -64.27756305213441124, 141.1339577943497829, 49.95056302570583284 ) ) ;
#1142 = CARTESIAN_POINT ( 'NONE',  ( -135.0000000000000284, 140.0000000000000000, -39.99999999999997158 ) ) ;
#1143 = ORIENTED_EDGE ( 'NONE', *, *, #159, .T. ) ;
#1144 = CARTESIAN_POINT ( 'NONE',  ( 69.99999999999997158, 0.000000000000000000, -69.99999999999998579 ) ) ;
#1145 = CARTESIAN_POINT ( 'NONE',  ( -76.70292766823141051, 149.3798263270504378, 43.46682247517383502 ) ) ;
#1146 = DIRECTION ( 'NONE',  ( 0.000000000000000000, 0.000000000000000000, 1.000000000000000000 ) ) ;
#1147 = VERTEX_POINT ( 'NONE', #3 ) ;
#1148 = FACE_OUTER_BOUND ( 'NONE', #685, .T. ) ;
#1149 = ORIENTED_EDGE ( 'NONE', *, *, #1261, .T. ) ;
#1150 = EDGE_CURVE ( 'NONE', #446, #951, #658, .T. ) ;
#1151 = DIRECTION ( 'NONE',  ( 0.000000000000000000, 0.000000000000000000, 1.000000000000000000 ) ) ;
#1152 = CARTESIAN_POINT ( 'NONE',  ( -165.0000000000000000, 0.000000000000000000, -39.99999999999996447 ) ) ;
#1153 = CARTESIAN_POINT ( 'NONE',  ( -77.39417417522082587, 149.5716188837663765, -42.94790900737912409 ) ) ;
#1154 = VERTEX_POINT ( 'NONE', #796 ) ;
#1155 = DIRECTION ( 'NONE',  ( 0.000000000000000000, 0.000000000000000000, 1.000000000000000000 ) ) ;
#1156 = ORIENTED_EDGE ( 'NONE', *, *, #469, .T. ) ;
#1157 = AXIS2_PLACEMENT_3D ( 'NONE', #145, #1695, #1178 ) ;
#1158 = DIRECTION ( 'NONE',  ( 0.000000000000000000, -1.000000000000000000, -0.000000000000000000 ) ) ;
#1159 = VECTOR ( 'NONE', #1074, 1000.000000000000000 ) ;
#1160 = CARTESIAN_POINT ( 'NONE',  ( -60.84046761818981253, 140.0000000000000000, -49.99999999999998579 ) ) ;
#1161 = VECTOR ( 'NONE', #607, 1000.000000000000000 ) ;
#1162 = DIRECTION ( 'NONE',  ( 1.224646799147352468E-16, 0.000000000000000000, -1.000000000000000000 ) ) ;
#1163 = ORIENTED_EDGE ( 'NONE', *, *, #1597, .T. ) ;
#1164 = CARTESIAN_POINT ( 'NONE',  ( -65.64747565909581795, 142.9905260372923692, 49.54605294206820787 ) ) ;
#1165 = DIRECTION ( 'NONE',  ( 0.000000000000000000, 0.000000000000000000, -1.000000000000000000 ) ) ;
#1166 = DIRECTION ( 'NONE',  ( 0.000000000000000000, 1.000000000000000000, 0.000000000000000000 ) ) ;
#1167 = ORIENTED_EDGE ( 'NONE', *, *, #111, .T. ) ;
#1168 = EDGE_CURVE ( 'NONE', #477, #1360, #573, .T. ) ;
#1169 = CARTESIAN_POINT ( 'NONE',  ( 69.99999999999998579, 10.00000000000000000, 75.00000000000000000 ) ) ;
#1170 = CARTESIAN_POINT ( 'NONE',  ( -80.62257748298557658, 150.0000000000000284, 39.99999999999982947 ) ) ;
#1171 = FACE_OUTER_BOUND ( 'NONE', #956, .T. ) ;
#1172 = EDGE_CURVE ( 'NONE', #377, #680, #34, .T. ) ;
#1173 = EDGE_LOOP ( 'NONE', ( #1410, #82, #1635, #1024 ) ) ;
#1174 = DIRECTION ( 'NONE',  ( -0.000000000000000000, -1.000000000000000000, -0.000000000000000000 ) ) ;
#1175 = CARTESIAN_POINT ( 'NONE',  ( -76.70292766823141051, 149.3798263270504378, 43.46682247517383502 ) ) ;
#1176 = ORIENTED_EDGE ( 'NONE', *, *, #1493, .F. ) ;
#1177 =( BOUNDED_SURFACE ( )  B_SPLINE_SURFACE ( 3, 2, ( 
 ( #1215, #365, #1206 ),
 ( #541, #898, #1427 ),
 ( #228, #1084, #11 ),
 ( #277, #503, #1045 ),
 ( #374, #908, #949 ),
 ( #809, #1115, #55 ) ),
 .UNSPECIFIED., .F., .F., .T. ) 
 B_SPLINE_SURFACE_WITH_KNOTS ( ( 4, 2, 4 ),
 ( 3, 3 ),
 ( 0.000000000000000000, 0.03128961449456321708, 0.06257922898912643417 ),
 ( 0.000000000000000000, 1.000000000000000000 ),
 .UNSPECIFIED. ) 
 GEOMETRIC_REPRESENTATION_ITEM ( )  RATIONAL_B_SPLINE_SURFACE ( (
 ( 1.000000000000000000, 0.9164645358378652462, 1.000000000000000000),
 ( 1.000000000000000000, 0.9191866006903298691, 1.000000000000000000),
 ( 1.000000000000000000, 0.9220143675390265470, 1.000000000000000000),
 ( 1.000000000000000000, 0.9279076106118372413, 1.000000000000000000),
 ( 1.000000000000000000, 0.9309730818495006721, 1.000000000000000000),
 ( 1.000000000000000000, 0.9341720921825876767, 1.000000000000000000) ) ) 
 REPRESENTATION_ITEM ( '' )  SURFACE ( )  );
#1178 = DIRECTION ( 'NONE',  ( 0.000000000000000000, -0.000000000000000000, 1.000000000000000000 ) ) ;
#1179 = DIRECTION ( 'NONE',  ( 0.000000000000000000, 1.000000000000000000, 0.000000000000000000 ) ) ;
#1180 = CARTESIAN_POINT ( 'NONE',  ( -165.0000000000000000, 110.0000000000000142, 39.99999999999988631 ) ) ;
#1181 = PERSON_AND_ORGANIZATION_ROLE ( 'classification_officer' ) ;
#1182 = EDGE_CURVE ( 'NONE', #690, #1082, #459, .T. ) ;
#1183 = CARTESIAN_POINT ( 'NONE',  ( -77.39335311975470688, 149.5713910745474209, 42.94852536744063798 ) ) ;
#1184 = ORIENTED_EDGE ( 'NONE', *, *, #567, .T. ) ;
#1185 = AXIS2_PLACEMENT_3D ( 'NONE', #538, #1707, #402 ) ;
#1186 = CARTESIAN_POINT ( 'NONE',  ( -95.00000000000004263, 80.00000000000000000, -49.99999999999997158 ) ) ;
#1187 = CIRCLE ( 'NONE', #603, 5.000000000000004441 ) ;
#1188 = DIRECTION ( 'NONE',  ( -1.850371707708594316E-16, 0.000000000000000000, -1.000000000000000000 ) ) ;
#1189 = TOROIDAL_SURFACE ( 'NONE', #1383, 90.00000000000000000, 10.00000000000000000 ) ;
#1190 = EDGE_CURVE ( 'NONE', #491, #322, #1592, .T. ) ;
#1191 = CARTESIAN_POINT ( 'NONE',  ( -80.00000000000002842, 0.000000000000000000, -54.99999999999998579 ) ) ;
#1192 = DIRECTION ( 'NONE',  ( 0.000000000000000000, 0.000000000000000000, -1.000000000000000000 ) ) ;
#1193 = VERTEX_POINT ( 'NONE', #15 ) ;
#1194 = EDGE_CURVE ( 'NONE', #1574, #757, #278, .T. ) ;
#1195 = DIRECTION ( 'NONE',  ( 1.000000000000000000, 0.000000000000000000, 0.000000000000000000 ) ) ;
#1196 = DIRECTION ( 'NONE',  ( -0.000000000000000000, -1.000000000000000000, -0.000000000000000000 ) ) ;
#1197 = DIRECTION ( 'NONE',  ( -0.000000000000000000, -1.000000000000000000, -0.000000000000000000 ) ) ;
#1198 = ORIENTED_EDGE ( 'NONE', *, *, #800, .F. ) ;
#1199 = EDGE_CURVE ( 'NONE', #471, #1624, #712, .T. ) ;
#1200 = LINE ( 'NONE', #684, #823 ) ;
#1201 = EDGE_LOOP ( 'NONE', ( #1377, #845, #1481, #91, #1015, #1232, #16, #1332, #183, #237 ) ) ;
#1202 = DIRECTION ( 'NONE',  ( -1.000000000000000000, 0.000000000000000000, -0.000000000000000000 ) ) ;
#1203 = CARTESIAN_POINT ( 'NONE',  ( -57.00821472637285581, 143.3976949621254278, -53.12566166215735564 ) ) ;
#1204 = ORIENTED_EDGE ( 'NONE', *, *, #493, .T. ) ;
#1205 = EDGE_CURVE ( 'NONE', #84, #1244, #1200, .T. ) ;
#1206 = CARTESIAN_POINT ( 'NONE',  ( -63.79557146646519783, 140.0000000000000568, 49.99999999999982236 ) ) ;
#1207 = DIRECTION ( 'NONE',  ( -0.4444444444444440312, 0.000000000000000000, 0.8958064164776170513 ) ) ;
#1208 = CARTESIAN_POINT ( 'NONE',  ( -64.46085590748103300, 141.4152847826501329, -49.90321117724310795 ) ) ;
#1209 = AXIS2_PLACEMENT_3D ( 'NONE', #1305, #1602, #397 ) ;
#1210 = CARTESIAN_POINT ( 'NONE',  ( -69.71608038514726502, 160.0000000000004547, 39.24304143734290307 ) ) ;
#1211 = VECTOR ( 'NONE', #495, 1000.000000000000000 ) ;
#1212 = FACE_OUTER_BOUND ( 'NONE', #1241, .T. ) ;
#1213 = EDGE_LOOP ( 'NONE', ( #1523, #562, #400, #894, #829, #1091 ) ) ;
#1214 = AXIS2_PLACEMENT_3D ( 'NONE', #1583, #1166, #131 ) ;
#1215 = CARTESIAN_POINT ( 'NONE',  ( -56.56737914347184670, 141.2403473458921610, 53.20185509102955024 ) ) ;
#1216 =( BOUNDED_SURFACE ( )  B_SPLINE_SURFACE ( 3, 2, ( 
 ( #784, #1320, #1700 ),
 ( #762, #905, #620 ),
 ( #1141, #1673, #737 ),
 ( #1444, #773, #1665 ),
 ( #613, #343, #354 ),
 ( #1548, #1269, #630 ),
 ( #1164, #478, #1282 ),
 ( #1691, #1022, #233 ),
 ( #509, #499, #1050 ),
 ( #888, #1041, #1307 ),
 ( #1417, #874, #1407 ),
 ( #218, #1564, #379 ),
 ( #76, #939, #1463 ),
 ( #274, #806, #1442 ),
 ( #243, #291, #1247 ),
 ( #151, #832, #308 ),
 ( #852, #1374, #717 ),
 ( #1621, #673, #1500 ),
 ( #177, #1644, #980 ),
 ( #43, #961, #1237 ),
 ( #688, #1223, #160 ),
 ( #1479, #18, #585 ),
 ( #35, #577, #704 ),
 ( #300, #1349, #1386 ) ),
 .UNSPECIFIED., .F., .F., .T. ) 
 B_SPLINE_SURFACE_WITH_KNOTS ( ( 4, 2, 2, 2, 2, 2, 2, 2, 2, 2, 2, 4 ),
 ( 3, 3 ),
 ( 0.000000000000000000, 0.003449477737030326365, 0.005174216605545489331, 0.006898955474060652730, 0.01034843321109097866, 0.01207317207960614119, 0.01379791094812130546, 0.01724738868515163226, 0.02069686642218195732, 0.02242160529069711986, 0.02414634415921228239, 0.02759582189624261092 ),
 ( 0.000000000000000000, 1.000000000000000000 ),
 .UNSPECIFIED. ) 
 GEOMETRIC_REPRESENTATION_ITEM ( )  RATIONAL_B_SPLINE_SURFACE ( (
 ( 1.000000000000000000, 0.9164645358378651352, 1.000000000000000000),
 ( 1.000000000000000000, 0.9142015471392012094, 1.000000000000000000),
 ( 1.000000000000000000, 0.9107964537233588231, 1.000000000000000000),
 ( 1.000000000000000000, 0.9042117923697831072, 1.000000000000000000),
 ( 1.000000000000000000, 0.9017697029832197897, 1.000000000000000000),
 ( 1.000000000000000000, 0.8964137272237712173, 1.000000000000000000),
 ( 1.000000000000000000, 0.8934844710205135376, 1.000000000000000000),
 ( 1.000000000000000000, 0.8841587586923425057, 1.000000000000000000),
 ( 1.000000000000000000, 0.8772219776832116400, 1.000000000000000000),
 ( 1.000000000000000000, 0.8658910507866425244, 1.000000000000000000),
 ( 1.000000000000000000, 0.8619586106270417103, 1.000000000000000000),
 ( 1.000000000000000000, 0.8537973517606479712, 1.000000000000000000),
 ( 1.000000000000000000, 0.8495834370437470584, 1.000000000000000000),
 ( 1.000000000000000000, 0.8366899856437911565, 1.000000000000000000),
 ( 1.000000000000000000, 0.8277134439475801742, 1.000000000000000000),
 ( 1.000000000000000000, 0.8091143133356725192, 1.000000000000000000),
 ( 1.000000000000000000, 0.7994907541936084883, 1.000000000000000000),
 ( 1.000000000000000000, 0.7846360325969108374, 1.000000000000000000),
 ( 1.000000000000000000, 0.7796001197361084323, 1.000000000000000000),
 ( 1.000000000000000000, 0.7695243682228665172, 1.000000000000000000),
 ( 1.000000000000000000, 0.7644737384726797425, 1.000000000000000000),
 ( 1.000000000000000000, 0.7493088015490686482, 1.000000000000000000),
 ( 1.000000000000000000, 0.7391808378264901336, 1.000000000000000000),
 ( 1.000000000000000000, 0.7291108010400370043, 1.000000000000000000) ) ) 
 REPRESENTATION_ITEM ( '' )  SURFACE ( )  );
#1217 = ORIENTED_EDGE ( 'NONE', *, *, #572, .T. ) ;
#1218 = ADVANCED_FACE ( 'NONE', ( #410 ), #811, .F. ) ;
#1219 = CARTESIAN_POINT ( 'NONE',  ( -75.00000000000000000, 10.00000000000000000, 75.00000000000000000 ) ) ;
#1220 = ORIENTED_EDGE ( 'NONE', *, *, #621, .T. ) ;
#1221 = CARTESIAN_POINT ( 'NONE',  ( -66.90273418722553345, 144.2218305651557273, -49.06884019681967857 ) ) ;
#1222 = EDGE_CURVE ( 'NONE', #1645, #570, #401, .T. ) ;
#1223 = CARTESIAN_POINT ( 'NONE',  ( -67.48050818171149956, 150.9793349970804570, 40.98768618263589048 ) ) ;
#1224 = CARTESIAN_POINT ( 'NONE',  ( 0.000000000000000000, 149.9999999999999716, 0.000000000000000000 ) ) ;
#1225 = ORIENTED_EDGE ( 'NONE', *, *, #810, .F. ) ;
#1226 = CARTESIAN_POINT ( 'NONE',  ( -80.00000000000002842, 10.00000000000000000, -54.99999999999998579 ) ) ;
#1227 = ORIENTED_EDGE ( 'NONE', *, *, #119, .T. ) ;
#1228 = CARTESIAN_POINT ( 'NONE',  ( -67.17368924793284179, 144.4542103538572064, -48.95679967143174594 ) ) ;
#1229 = CARTESIAN_POINT ( 'NONE',  ( -69.36491213983136106, 150.9661882587822959, 38.33354148871647027 ) ) ;
#1230 = PRODUCT_DEFINITION ( 'UNKNOWN', '', #235, #273 ) ;
#1231 = CARTESIAN_POINT ( 'NONE',  ( -105.0000000000000426, 10.00000000000000000, -49.99999999999997158 ) ) ;
#1232 = ORIENTED_EDGE ( 'NONE', *, *, #1150, .T. ) ;
#1233 = DIRECTION ( 'NONE',  ( -1.000000000000000000, -0.000000000000000000, -0.000000000000000000 ) ) ;
#1234 = ORIENTED_EDGE ( 'NONE', *, *, #200, .F. ) ;
#1235 = CARTESIAN_POINT ( 'NONE',  ( -59.41274312658006096, 149.6840084762230561, -51.62899998457078965 ) ) ;
#1236 = CARTESIAN_POINT ( 'NONE',  ( -77.06169037890799700, 149.4793682660793479, -43.19750205076862670 ) ) ;
#1237 = CARTESIAN_POINT ( 'NONE',  ( -66.00246169789471651, 158.3224660485940376, 44.83725218574775795 ) ) ;
#1238 = EDGE_CURVE ( 'NONE', #1710, #471, #134, .T. ) ;
#1239 = AXIS2_PLACEMENT_3D ( 'NONE', #1526, #624, #1151 ) ;
#1240 = CARTESIAN_POINT ( 'NONE',  ( -80.00000000000002842, 10.00000000000000000, -49.99999999999998579 ) ) ;
#1241 = EDGE_LOOP ( 'NONE', ( #761, #958, #1584, #990 ) ) ;
#1242 = DIRECTION ( 'NONE',  ( 1.000000000000000000, 0.000000000000000000, -2.312964634635742957E-16 ) ) ;
#1243 = VECTOR ( 'NONE', #458, 1000.000000000000000 ) ;
#1244 = VERTEX_POINT ( 'NONE', #950 ) ;
#1245 = CARTESIAN_POINT ( 'NONE',  ( -60.05490314153114184, 142.7263464124936831, -49.71889925649440301 ) ) ;
#1246 = CARTESIAN_POINT ( 'NONE',  ( -69.42626399197116882, 159.9999999999990052, -39.75343023543970844 ) ) ;
#1247 = CARTESIAN_POINT ( 'NONE',  ( -62.57585133397999755, 154.6511140374481954, 48.76884638818250295 ) ) ;
#1248 = CALENDAR_DATE ( 2026, 8, 5 ) ;
#1249 = VERTEX_POINT ( 'NONE', #1454 ) ;
#1250 = DIRECTION ( 'NONE',  ( 1.850371707708595302E-16, 0.000000000000000000, 1.000000000000000000 ) ) ;
#1251 = VERTEX_POINT ( 'NONE', #1485 ) ;
#1252 = CARTESIAN_POINT ( 'NONE',  ( -46.24306715814314117, 80.00000000000000000, 52.55072539753818006 ) ) ;
#1253 = EDGE_CURVE ( 'NONE', #38, #373, #1345, .T. ) ;
#1254 = DIRECTION ( 'NONE',  ( 1.000000000000000000, -0.000000000000000000, -1.850371707708594563E-16 ) ) ;
#1255 = CARTESIAN_POINT ( 'NONE',  ( -66.78425557835977600, 144.1341861821468626, 49.12148094383988450 ) ) ;
#1256 = DIRECTION ( 'NONE',  ( 0.000000000000000000, 1.000000000000000000, 0.000000000000000000 ) ) ;
#1257 = PERSON_AND_ORGANIZATION ( #926, #127 ) ;
#1258 = VERTEX_POINT ( 'NONE', #48 ) ;
#1259 = LINE ( 'NONE', #170, #938 ) ;
#1260 = CARTESIAN_POINT ( 'NONE',  ( -53.03260889256965527, 80.00000000000000000, 50.00000000000000711 ) ) ;
#1261 = EDGE_CURVE ( 'NONE', #377, #1399, #1525, .T. ) ;
#1262 = LINE ( 'NONE', #869, #146 ) ;
#1263 = CARTESIAN_POINT ( 'NONE',  ( -46.24306715814314117, 80.00000000000000000, 52.55072539753818006 ) ) ;
#1264 = CARTESIAN_POINT ( 'NONE',  ( -71.95961935239486706, 147.5425867176173540, -46.58149887049309257 ) ) ;
#1265 = EDGE_CURVE ( 'NONE', #951, #1690, #489, .T. ) ;
#1266 = CARTESIAN_POINT ( 'NONE',  ( -53.03260889256965527, 80.00000000000000000, 50.00000000000000711 ) ) ;
#1267 = VERTEX_POINT ( 'NONE', #472 ) ;
#1268 = AXIS2_PLACEMENT_3D ( 'NONE', #1334, #1440, #1588 ) ;
#1269 = CARTESIAN_POINT ( 'NONE',  ( -60.84472260548215417, 144.5377412519066240, 49.11372400690053297 ) ) ;
#1270 = LINE ( 'NONE', #83, #1274 ) ;
#1271 = ORIENTED_EDGE ( 'NONE', *, *, #247, .F. ) ;
#1272 = AXIS2_PLACEMENT_3D ( 'NONE', #957, #1577, #553 ) ;
#1273 = CIRCLE ( 'NONE', #1601, 80.00000000000000000 ) ;
#1274 = VECTOR ( 'NONE', #77, 1000.000000000000000 ) ;
#1275 = CARTESIAN_POINT ( 'NONE',  ( -69.99999999999998579, 0.000000000000000000, 69.99999999999998579 ) ) ;
#1276 = EDGE_CURVE ( 'NONE', #1730, #246, #738, .T. ) ;
#1277 = DIRECTION ( 'NONE',  ( -0.000000000000000000, 1.000000000000000000, -0.000000000000000000 ) ) ;
#1278 = CARTESIAN_POINT ( 'NONE',  ( -80.62257748298550553, 150.0000000000000284, -39.99999999999997868 ) ) ;
#1279 = DIRECTION ( 'NONE',  ( 0.5298434325519311150, -0.2940196458455057171, 0.7954988276788786949 ) ) ;
#1280 = ORIENTED_EDGE ( 'NONE', *, *, #600, .T. ) ;
#1281 = CC_DESIGN_PERSON_AND_ORGANIZATION_ASSIGNMENT ( #497, #1313, ( #235 ) ) ;
#1282 = CARTESIAN_POINT ( 'NONE',  ( -58.27240203074733671, 147.2213994204153096, 52.45351685684770615 ) ) ;
#1283 = CARTESIAN_POINT ( 'NONE',  ( -135.0000000000000000, 150.0000000000000284, 39.99999999999983658 ) ) ;
#1284 = ORIENTED_EDGE ( 'NONE', *, *, #878, .F. ) ;
#1285 = DIRECTION ( 'NONE',  ( 0.000000000000000000, -0.000000000000000000, 1.000000000000000000 ) ) ;
#1286 = CARTESIAN_POINT ( 'NONE',  ( -65.90168349437978179, 158.2336169085770052, 44.96570031386328736 ) ) ;
#1287 = CARTESIAN_POINT ( 'NONE',  ( -72.55801466623347551, 147.8319882600629569, -46.23393391792733098 ) ) ;
#1288 = DIRECTION ( 'NONE',  ( 0.000000000000000000, 1.000000000000000000, 0.000000000000000000 ) ) ;
#1289 = VERTEX_POINT ( 'NONE', #622 ) ;
#1290 = CARTESIAN_POINT ( 'NONE',  ( -175.0000000000000000, 0.000000000000000000, 50.00000000000003553 ) ) ;
#1291 = VERTEX_POINT ( 'NONE', #1682 ) ;
#1292 = CARTESIAN_POINT ( 'NONE',  ( 0.000000000000000000, 10.00000000000000000, 0.000000000000000000 ) ) ;
#1293 = CARTESIAN_POINT ( 'NONE',  ( -56.74482180447283497, 142.3324847471507155, 53.21245210653100344 ) ) ;
#1294 = CARTESIAN_POINT ( 'NONE',  ( 75.00000000000000000, 0.000000000000000000, 69.99999999999998579 ) ) ;
#1295 = ORIENTED_EDGE ( 'NONE', *, *, #1726, .F. ) ;
#1296 = EDGE_CURVE ( 'NONE', #106, #1596, #1549, .T. ) ;
#1297 = DIRECTION ( 'NONE',  ( 1.000000000000000000, -0.000000000000000000, -1.850371707708594563E-16 ) ) ;
#1298 = EDGE_LOOP ( 'NONE', ( #78, #1510, #1633, #907 ) ) ;
#1299 = CIRCLE ( 'NONE', #1516, 90.00000000000000000 ) ;
#1300 = VECTOR ( 'NONE', #101, 1000.000000000000000 ) ;
#1301 = CARTESIAN_POINT ( 'NONE',  ( -56.74740227316367225, 99.97719342773231688, 49.99999999999989342 ) ) ;
#1302 = VECTOR ( 'NONE', #1065, 1000.000000000000000 ) ;
#1303 = CARTESIAN_POINT ( 'NONE',  ( -57.97831551022942875, 146.4756636797693830, 52.63958426887003839 ) ) ;
#1304 = VECTOR ( 'NONE', #1663, 1000.000000000000000 ) ;
#1305 = CARTESIAN_POINT ( 'NONE',  ( -80.00000000000000000, 10.00000000000000000, 55.00000000000000000 ) ) ;
#1306 = EDGE_LOOP ( 'NONE', ( #1234, #1198, #1003, #765, #1675, #1284 ) ) ;
#1307 = CARTESIAN_POINT ( 'NONE',  ( -60.14553861275337709, 151.0217514113847983, 51.03245038314393867 ) ) ;
#1308 = CARTESIAN_POINT ( 'NONE',  ( -70.00000000000001421, 0.000000000000000000, -75.00000000000000000 ) ) ;
#1309 = ORIENTED_EDGE ( 'NONE', *, *, #904, .T. ) ;
#1310 = DIRECTION ( 'NONE',  ( 1.850371707708594316E-16, 0.000000000000000000, 1.000000000000000000 ) ) ;
#1311 = CARTESIAN_POINT ( 'NONE',  ( -65.00632281602126739, 157.3915593229118315, 46.06867122159540884 ) ) ;
#1312 = CARTESIAN_POINT ( 'NONE',  ( -75.00000000000000000, 10.00000000000000000, 69.99999999999998579 ) ) ;
#1313 = PERSON_AND_ORGANIZATION_ROLE ( 'design_supplier' ) ;
#1314 = CARTESIAN_POINT ( 'NONE',  ( -57.81430928156912330, 130.4805482476716918, -49.99999999999998579 ) ) ;
#1315 = EDGE_LOOP ( 'NONE', ( #413, #1149, #948, #1430 ) ) ;
#1316 = EDGE_CURVE ( 'NONE', #373, #279, #150, .T. ) ;
#1317 = EDGE_CURVE ( 'NONE', #1258, #1550, #1270, .T. ) ;
#1318 = CARTESIAN_POINT ( 'NONE',  ( -175.0000000000000284, 5.551115123125782071E-14, 40.00000000000003553 ) ) ;
#1319 = FACE_OUTER_BOUND ( 'NONE', #1315, .T. ) ;
#1320 = CARTESIAN_POINT ( 'NONE',  ( -59.49260089312916477, 140.7383835254509563, 49.99999999999980105 ) ) ;
#1321 = ADVANCED_FACE ( 'NONE', ( #764 ), #344, .T. ) ;
#1322 = LINE ( 'NONE', #1067, #97 ) ;
#1323 = ORIENTED_EDGE ( 'NONE', *, *, #1190, .F. ) ;
#1324 = CIRCLE ( 'NONE', #1058, 66.91391109268658965 ) ;
#1325 = CARTESIAN_POINT ( 'NONE',  ( -46.71196473713533948, 79.99999999999998579, 52.13810954739342662 ) ) ;
#1326 = CARTESIAN_POINT ( 'NONE',  ( -63.79557146646501309, 140.0000000000000000, -49.99999999999998579 ) ) ;
#1327 = AXIS2_PLACEMENT_3D ( 'NONE', #605, #53, #886 ) ;
#1328 = APPROVAL_PERSON_ORGANIZATION ( #63, #1720, #1388 ) ;
#1329 = LINE ( 'NONE', #1572, #543 ) ;
#1330 = EDGE_CURVE ( 'NONE', #64, #775, #614, .T. ) ;
#1331 = DIRECTION ( 'NONE',  ( -2.567906592516314763E-31, 1.000000000000000000, -1.387778780781445676E-15 ) ) ;
#1332 = ORIENTED_EDGE ( 'NONE', *, *, #868, .T. ) ;
#1333 = CARTESIAN_POINT ( 'NONE',  ( 0.000000000000000000, 149.9999999999999716, 7.500000000000000000 ) ) ;
#1334 = CARTESIAN_POINT ( 'NONE',  ( 0.000000000000000000, 15.00000000000000000, 0.000000000000000000 ) ) ;
#1335 = CARTESIAN_POINT ( 'NONE',  ( -52.60470380191596007, 99.65434050746529238, -49.99999999999999289 ) ) ;
#1336 = ORIENTED_EDGE ( 'NONE', *, *, #560, .F. ) ;
#1337 = FACE_OUTER_BOUND ( 'NONE', #1474, .T. ) ;
#1338 = DIRECTION ( 'NONE',  ( 0.000000000000000000, 1.000000000000000000, 0.000000000000000000 ) ) ;
#1339 = ORIENTED_EDGE ( 'NONE', *, *, #1422, .F. ) ;
#1340 = CARTESIAN_POINT ( 'NONE',  ( -62.89767821382646673, 147.6478137047137977, -47.10895443016460860 ) ) ;
#1341 = CARTESIAN_POINT ( 'NONE',  ( -67.06787575785186561, 159.1964204650720376, -43.42916307417839050 ) ) ;
#1342 = EDGE_LOOP ( 'NONE', ( #370, #1184, #1323, #1419 ) ) ;
#1343 = ADVANCED_FACE ( 'NONE', ( #1148 ), #1631, .T. ) ;
#1344 = DIRECTION ( 'NONE',  ( 0.000000000000000000, 0.000000000000000000, 1.000000000000000000 ) ) ;
#1345 = LINE ( 'NONE', #1617, #1685 ) ;
#1346 = EDGE_CURVE ( 'NONE', #477, #1035, #1658, .T. ) ;
#1347 = AXIS2_PLACEMENT_3D ( 'NONE', #1662, #1256, #1545 ) ;
#1348 = AXIS2_PLACEMENT_3D ( 'NONE', #1066, #411, #1449 ) ;
#1349 = CARTESIAN_POINT ( 'NONE',  ( -68.74209544534789984, 151.1040471410281611, 38.80177489906753863 ) ) ;
#1350 = AXIS2_PLACEMENT_3D ( 'NONE', #1152, #882, #213 ) ;
#1351 = FACE_OUTER_BOUND ( 'NONE', #887, .T. ) ;
#1352 = ORIENTED_EDGE ( 'NONE', *, *, #72, .T. ) ;
#1353 = VECTOR ( 'NONE', #748, 1000.000000000000000 ) ;
#1354 = LINE ( 'NONE', #1468, #62 ) ;
#1355 = ORIENTED_EDGE ( 'NONE', *, *, #136, .F. ) ;
#1356 = CARTESIAN_POINT ( 'NONE',  ( -64.56392854334451670, 156.9420017111939103, -46.59057064681254445 ) ) ;
#1357 = ADVANCED_FACE ( 'NONE', ( #858 ), #455, .F. ) ;
#1358 = CARTESIAN_POINT ( 'NONE',  ( -70.57298992537840832, 159.9999999999991189, 37.69410769706232145 ) ) ;
#1359 = CARTESIAN_POINT ( 'NONE',  ( -79.99925082894712602, 150.0000000000000568, 40.62817751828013968 ) ) ;
#1360 = VERTEX_POINT ( 'NONE', #1283 ) ;
#1361 = FACE_OUTER_BOUND ( 'NONE', #1122, .T. ) ;
#1362 = ORIENTED_EDGE ( 'NONE', *, *, #650, .T. ) ;
#1363 = EDGE_CURVE ( 'NONE', #383, #10, #1611, .T. ) ;
#1364 = CARTESIAN_POINT ( 'NONE',  ( -68.58187215223884436, 145.5446745434538798, -48.33637971842398429 ) ) ;
#1365 = EDGE_CURVE ( 'NONE', #1267, #1044, #1551, .T. ) ;
#1366 = DIRECTION ( 'NONE',  ( 0.000000000000000000, -1.000000000000000000, 0.000000000000000000 ) ) ;
#1367 = DIRECTION ( 'NONE',  ( 0.000000000000000000, 0.000000000000000000, 1.000000000000000000 ) ) ;
#1368 = VERTEX_POINT ( 'NONE', #66 ) ;
#1369 = EDGE_CURVE ( 'NONE', #1040, #1147, #36, .T. ) ;
#1370 = DIRECTION ( 'NONE',  ( 0.000000000000000000, 1.000000000000000000, 0.000000000000000000 ) ) ;
#1371 = ORIENTED_EDGE ( 'NONE', *, *, #695, .T. ) ;
#1372 = CARTESIAN_POINT ( 'NONE',  ( -62.01019686709007317, 153.9019804014174326, -49.33452701521586903 ) ) ;
#1373 = CARTESIAN_POINT ( 'NONE',  ( -63.79557146646519783, 140.0000000000000284, 49.99999999999982236 ) ) ;
#1374 = CARTESIAN_POINT ( 'NONE',  ( -66.02936722992323837, 150.3639563590436694, 43.19424637877114037 ) ) ;
#1375 = CIRCLE ( 'NONE', #431, 9.999999999999994671 ) ;
#1376 = PERSON_AND_ORGANIZATION_ROLE ( 'creator' ) ;
#1377 = ORIENTED_EDGE ( 'NONE', *, *, #469, .F. ) ;
#1378 = DIRECTION ( 'NONE',  ( 1.000000000000000000, 0.000000000000000000, -1.734723475976806848E-16 ) ) ;
#1379 = CIRCLE ( 'NONE', #913, 7.500000000000000000 ) ;
#1380 = ADVANCED_FACE ( 'NONE', ( #1409 ), #209, .F. ) ;
#1381 = EDGE_LOOP ( 'NONE', ( #1626, #827, #1271, #1616 ) ) ;
#1382 = DIRECTION ( 'NONE',  ( -0.9855943413173958723, -0.1691265631505844969, 0.000000000000000000 ) ) ;
#1383 = AXIS2_PLACEMENT_3D ( 'NONE', #1480, #275, #282 ) ;
#1384 = CARTESIAN_POINT ( 'NONE',  ( -75.00000000000000000, 0.000000000000000000, 55.00000000000000711 ) ) ;
#1385 = CARTESIAN_POINT ( 'NONE',  ( -70.00000000000001421, 0.000000000000000000, -69.99999999999998579 ) ) ;
#1386 = CARTESIAN_POINT ( 'NONE',  ( -68.23893008632381907, 159.9999999999936335, 41.75462154868228737 ) ) ;
#1387 = ADVANCED_FACE ( 'NONE', ( #641 ), #1136, .F. ) ;
#1388 = APPROVAL_ROLE ( '' ) ;
#1389 = ORIENTED_EDGE ( 'NONE', *, *, #1330, .F. ) ;
#1390 = CARTESIAN_POINT ( 'NONE',  ( 7.582267304235244058E-15, 15.00000000000000000, -61.91391109268658965 ) ) ;
#1391 = ORIENTED_EDGE ( 'NONE', *, *, #1369, .T. ) ;
#1392 = CARTESIAN_POINT ( 'NONE',  ( -46.24306715814305591, 80.00000000000001421, -52.55072539753823690 ) ) ;
#1393 = CYLINDRICAL_SURFACE ( 'NONE', #1518, 9.999999999999994671 ) ;
#1394 = FACE_OUTER_BOUND ( 'NONE', #1201, .T. ) ;
#1395 = CARTESIAN_POINT ( 'NONE',  ( 0.000000000000000000, 15.00000000000000000, 66.91391109268658965 ) ) ;
#1396 = ORIENTED_EDGE ( 'NONE', *, *, #72, .F. ) ;
#1397 = CARTESIAN_POINT ( 'NONE',  ( -135.0000000000000000, 110.0000000000000142, -39.99999999999997158 ) ) ;
#1398 = CARTESIAN_POINT ( 'NONE',  ( -48.81927618122841039, 80.00000000000000000, -50.87657470449931907 ) ) ;
#1399 = VERTEX_POINT ( 'NONE', #792 ) ;
#1400 = EDGE_CURVE ( 'NONE', #502, #757, #1030, .T. ) ;
#1401 = DIRECTION ( 'NONE',  ( 1.000000000000000000, 0.000000000000000000, -1.850371707708594563E-16 ) ) ;
#1402 = FACE_OUTER_BOUND ( 'NONE', #736, .T. ) ;
#1403 = DIRECTION ( 'NONE',  ( -0.000000000000000000, -1.000000000000000000, -0.000000000000000000 ) ) ;
#1404 = CARTESIAN_POINT ( 'NONE',  ( -68.23893008633399404, 160.0000000000000000, -41.75462154866716702 ) ) ;
#1405 = ORIENTED_EDGE ( 'NONE', *, *, #1182, .F. ) ;
#1406 = AXIS2_PLACEMENT_3D ( 'NONE', #1395, #468, #594 ) ;
#1407 = CARTESIAN_POINT ( 'NONE',  ( -60.40348728339203177, 151.4591099124094171, 50.81203255441802469 ) ) ;
#1408 = CIRCLE ( 'NONE', #123, 66.91391109268658965 ) ;
#1409 = FACE_OUTER_BOUND ( 'NONE', #808, .T. ) ;
#1410 = ORIENTED_EDGE ( 'NONE', *, *, #1013, .T. ) ;
#1411 = AXIS2_PLACEMENT_3D ( 'NONE', #1560, #366, #899 ) ;
#1412 = AXIS2_PLACEMENT_3D ( 'NONE', #215, #1279, #854 ) ;
#1413 = CARTESIAN_POINT ( 'NONE',  ( -56.66104292635401407, 141.8168362209904387, -53.20744876552489444 ) ) ;
#1414 = CARTESIAN_POINT ( 'NONE',  ( 0.000000000000000000, 15.62017367294603964, 0.000000000000000000 ) ) ;
#1415 = CARTESIAN_POINT ( 'NONE',  ( -68.45346678596322931, 145.4548589557911669, -48.39571457667244658 ) ) ;
#1416 = ORIENTED_EDGE ( 'NONE', *, *, #859, .T. ) ;
#1417 = CARTESIAN_POINT ( 'NONE',  ( -67.99697262503741513, 145.1093812832651224, 48.59985578728554856 ) ) ;
#1418 = DIRECTION ( 'NONE',  ( 0.000000000000000000, 0.000000000000000000, -1.000000000000000000 ) ) ;
#1419 = ORIENTED_EDGE ( 'NONE', *, *, #810, .T. ) ;
#1420 = FACE_BOUND ( 'NONE', #30, .T. ) ;
#1421 = CARTESIAN_POINT ( 'NONE',  ( -75.00000000000002842, 0.000000000000000000, -75.00000000000000000 ) ) ;
#1422 = EDGE_CURVE ( 'NONE', #246, #615, #1322, .T. ) ;
#1423 = DIRECTION ( 'NONE',  ( 0.000000000000000000, 1.000000000000000000, 0.000000000000000000 ) ) ;
#1424 = ORIENTED_EDGE ( 'NONE', *, *, #136, .T. ) ;
#1425 = CARTESIAN_POINT ( 'NONE',  ( -175.0000000000000568, 10.00000000000000000, -49.99999999999997158 ) ) ;
#1426 = EDGE_LOOP ( 'NONE', ( #1432, #1562, #293, #336 ) ) ;
#1427 = CARTESIAN_POINT ( 'NONE',  ( -62.03086575480623566, 129.7160804863519274, 49.99999999999983658 ) ) ;
#1428 = CARTESIAN_POINT ( 'NONE',  ( -59.98105078044486760, 150.7339982735295223, 51.17021177563587742 ) ) ;
#1429 = CARTESIAN_POINT ( 'NONE',  ( -75.00000000000002842, 0.000000000000000000, -54.99999999999998579 ) ) ;
#1430 = ORIENTED_EDGE ( 'NONE', *, *, #140, .F. ) ;
#1431 = LINE ( 'NONE', #245, #355 ) ;
#1432 = ORIENTED_EDGE ( 'NONE', *, *, #1363, .F. ) ;
#1433 = EDGE_CURVE ( 'NONE', #436, #507, #1431, .T. ) ;
#1434 = VECTOR ( 'NONE', #760, 1000.000000000000000 ) ;
#1435 = CIRCLE ( 'NONE', #678, 10.00000000000000178 ) ;
#1436 = CARTESIAN_POINT ( 'NONE',  ( -63.79557146646519783, 140.0000000000000284, 49.99999999999982236 ) ) ;
#1437 = VECTOR ( 'NONE', #415, 1000.000000000000000 ) ;
#1438 = CARTESIAN_POINT ( 'NONE',  ( -65.30572143873895641, 157.6830622150855277, 45.70703306970217739 ) ) ;
#1439 = AXIS2_PLACEMENT_3D ( 'NONE', #1709, #1446, #1452 ) ;
#1440 = DIRECTION ( 'NONE',  ( 0.000000000000000000, 1.000000000000000000, 0.000000000000000000 ) ) ;
#1441 = ORIENTED_EDGE ( 'NONE', *, *, #1433, .F. ) ;
#1442 = CARTESIAN_POINT ( 'NONE',  ( -62.01945156939484605, 153.9151473987206487, 49.32565386653867279 ) ) ;
#1443 = ADVANCED_FACE ( 'NONE', ( #511 ), #68, .T. ) ;
#1444 = CARTESIAN_POINT ( 'NONE',  ( -64.80697898788825739, 141.9433666763114559, 49.81316550168074997 ) ) ;
#1445 = CARTESIAN_POINT ( 'NONE',  ( -69.99999999999998579, 10.00000000000000000, 75.00000000000000000 ) ) ;
#1446 = DIRECTION ( 'NONE',  ( -1.000000000000000000, 0.000000000000000000, 1.850371707708594316E-16 ) ) ;
#1447 = ORIENTED_EDGE ( 'NONE', *, *, #822, .F. ) ;
#1448 = CARTESIAN_POINT ( 'NONE',  ( -60.75319091506675306, 152.0288182146782390, 50.50480176990415515 ) ) ;
#1449 = DIRECTION ( 'NONE',  ( 0.000000000000000000, -0.000000000000000000, 1.000000000000000000 ) ) ;
#1450 = APPROVAL_STATUS ( 'not_yet_approved' ) ;
#1451 = CARTESIAN_POINT ( 'NONE',  ( -54.90739705005075422, 131.0233650293668575, -53.10271965270332828 ) ) ;
#1452 = DIRECTION ( 'NONE',  ( 1.850371707708594316E-16, 0.000000000000000000, 1.000000000000000000 ) ) ;
#1453 = ORIENTED_EDGE ( 'NONE', *, *, #965, .T. ) ;
#1454 = CARTESIAN_POINT ( 'NONE',  ( -63.79557146646519783, 140.0000000000000284, 49.99999999999982236 ) ) ;
#1455 = CARTESIAN_POINT ( 'NONE',  ( -63.91879671889630288, 140.3590509652690344, -49.99999999999998579 ) ) ;
#1456 = CYLINDRICAL_SURFACE ( 'NONE', #1060, 5.000000000000004441 ) ;
#1457 = ORIENTED_EDGE ( 'NONE', *, *, #1199, .F. ) ;
#1458 = AXIS2_PLACEMENT_3D ( 'NONE', #1275, #1514, #1676 ) ;
#1459 = CARTESIAN_POINT ( 'NONE',  ( -63.79557146646501309, 140.0000000000000000, -59.99999999999999289 ) ) ;
#1460 = AXIS2_PLACEMENT_3D ( 'NONE', #1643, #1544, #339 ) ;
#1461 = CARTESIAN_POINT ( 'NONE',  ( -165.0000000000000000, 5.551115123125782702E-14, 40.00000000000003553 ) ) ;
#1462 =( GEOMETRIC_REPRESENTATION_CONTEXT ( 3 ) GLOBAL_UNCERTAINTY_ASSIGNED_CONTEXT ( ( #785 ) ) GLOBAL_UNIT_ASSIGNED_CONTEXT ( ( #1020, #74, #1002 ) ) REPRESENTATION_CONTEXT ( 'NONE', 'WORKASPACE' ) );
#1463 = CARTESIAN_POINT ( 'NONE',  ( -61.20256479702244690, 152.7239872072716196, 50.09681384647955582 ) ) ;
#1464 = LOCAL_TIME ( 19, 32, 3.000000000000000000, #187 ) ;
#1465 = CARTESIAN_POINT ( 'NONE',  ( -69.99999999999998579, 10.00000000000000000, 69.99999999999998579 ) ) ;
#1466 = CARTESIAN_POINT ( 'NONE',  ( -62.03086575532251601, 129.7160804862632801, -49.99999999999998579 ) ) ;
#1467 = VERTEX_POINT ( 'NONE', #404 ) ;
#1468 = CARTESIAN_POINT ( 'NONE',  ( -135.0000000000000284, 150.0000000000000284, -39.99999999999997158 ) ) ;
#1469 = B_SPLINE_CURVE_WITH_KNOTS ( 'NONE', 3,
 ( #500, #1042, #1565, #521, #1451, #640 ),
 .UNSPECIFIED., .F., .F.,
 ( 4, 2, 4 ),
 ( 0.000000000000000000, 0.03105425558530641728, 0.06210851117061283455 ),
 .UNSPECIFIED. ) ;
#1470 = CARTESIAN_POINT ( 'NONE',  ( -68.23893008633399404, 160.0000000000000000, -41.75462154866716702 ) ) ;
#1471 = CARTESIAN_POINT ( 'NONE',  ( -68.23893008633400825, 160.0000000000000284, -41.75462154866715991 ) ) ;
#1472 = ADVANCED_FACE ( 'NONE', ( #1702 ), #1456, .T. ) ;
#1473 = CARTESIAN_POINT ( 'NONE',  ( -61.82382502979464078, 153.6443722399524745, -49.51625362831277499 ) ) ;
#1474 = EDGE_LOOP ( 'NONE', ( #40, #842, #498, #473 ) ) ;
#1475 = CARTESIAN_POINT ( 'NONE',  ( -75.00000000000000000, 0.000000000000000000, 69.99999999999998579 ) ) ;
#1476 = DIRECTION ( 'NONE',  ( 0.000000000000000000, -1.000000000000000000, 0.000000000000000000 ) ) ;
#1477 = ORIENTED_EDGE ( 'NONE', *, *, #1317, .T. ) ;
#1478 = CARTESIAN_POINT ( 'NONE',  ( -70.39087349940444938, 146.6985040742248430, -47.44074512044520731 ) ) ;
#1479 = CARTESIAN_POINT ( 'NONE',  ( -75.47310914972456430, 149.0104199030488985, 44.36404124684595018 ) ) ;
#1480 = CARTESIAN_POINT ( 'NONE',  ( 0.000000000000000000, 160.0000000000000284, 0.000000000000000000 ) ) ;
#1481 = ORIENTED_EDGE ( 'NONE', *, *, #1205, .T. ) ;
#1482 = DIRECTION ( 'NONE',  ( 0.000000000000000000, 0.000000000000000000, 1.000000000000000000 ) ) ;
#1483 = ORIENTED_EDGE ( 'NONE', *, *, #1117, .F. ) ;
#1484 = EDGE_CURVE ( 'NONE', #1244, #1267, #461, .T. ) ;
#1485 = CARTESIAN_POINT ( 'NONE',  ( 74.99999999999997158, 10.00000000000000000, -69.99999999999998579 ) ) ;
#1486 = CIRCLE ( 'NONE', #652, 5.000000000000004441 ) ;
#1487 = CARTESIAN_POINT ( 'NONE',  ( -67.68598862059832300, 159.6576170506084509, -42.57628639092344969 ) ) ;
#1488 = CIRCLE ( 'NONE', #711, 40.00000000000000711 ) ;
#1489 = CARTESIAN_POINT ( 'NONE',  ( -68.23893008632346380, 160.0000000000000000, 41.75462154868439058 ) ) ;
#1490 = VECTOR ( 'NONE', #1366, 1000.000000000000000 ) ;
#1491 = DIRECTION ( 'NONE',  ( -0.000000000000000000, -1.000000000000000000, -0.000000000000000000 ) ) ;
#1492 = ORIENTED_EDGE ( 'NONE', *, *, #800, .T. ) ;
#1493 = EDGE_CURVE ( 'NONE', #210, #1068, #1573, .T. ) ;
#1494 = AXIS2_PLACEMENT_3D ( 'NONE', #1006, #490, #94 ) ;
#1495 = CARTESIAN_POINT ( 'NONE',  ( -56.56737914347167617, 141.2403473458921042, -53.20185509102969945 ) ) ;
#1496 = ORIENTED_EDGE ( 'NONE', *, *, #1016, .F. ) ;
#1497 = ADVANCED_FACE ( 'NONE', ( #382 ), #14, .F. ) ;
#1498 = CARTESIAN_POINT ( 'NONE',  ( -71.33412333363142466, 147.2143632785044645, -46.92904204639611976 ) ) ;
#1499 = EDGE_CURVE ( 'NONE', #1289, #1730, #1072, .T. ) ;
#1500 = CARTESIAN_POINT ( 'NONE',  ( -65.13830529317949924, 157.5210171668565238, 45.90986285295397806 ) ) ;
#1501 = DIRECTION ( 'NONE',  ( -0.000000000000000000, -1.000000000000000000, -0.000000000000000000 ) ) ;
#1502 = ORIENTED_EDGE ( 'NONE', *, *, #1095, .F. ) ;
#1503 = CARTESIAN_POINT ( 'NONE',  ( -135.0000000000000000, 110.0000000000000142, -39.99999999999997158 ) ) ;
#1504 = ORIENTED_EDGE ( 'NONE', *, *, #119, .F. ) ;
#1505 = EDGE_CURVE ( 'NONE', #1193, #535, #906, .T. ) ;
#1506 = CARTESIAN_POINT ( 'NONE',  ( -60.84922038198870098, 144.5744288204318764, -49.11774978526628388 ) ) ;
#1507 = DIRECTION ( 'NONE',  ( -0.000000000000000000, -1.000000000000000000, -0.000000000000000000 ) ) ;
#1508 = CARTESIAN_POINT ( 'NONE',  ( -75.00000000000002842, 0.000000000000000000, -69.99999999999998579 ) ) ;
#1509 = DIRECTION ( 'NONE',  ( 0.000000000000000000, 0.000000000000000000, 1.000000000000000000 ) ) ;
#1510 = ORIENTED_EDGE ( 'NONE', *, *, #1365, .T. ) ;
#1511 = DIRECTION ( 'NONE',  ( 1.000000000000000000, 0.000000000000000000, -1.850371707708594563E-16 ) ) ;
#1512 = VERTEX_POINT ( 'NONE', #1308 ) ;
#1513 = EDGE_CURVE ( 'NONE', #710, #1105, #296, .T. ) ;
#1514 = DIRECTION ( 'NONE',  ( -0.000000000000000000, -1.000000000000000000, -0.000000000000000000 ) ) ;
#1515 = LINE ( 'NONE', #851, #1490 ) ;
#1516 = AXIS2_PLACEMENT_3D ( 'NONE', #1678, #1403, #496 ) ;
#1517 = CARTESIAN_POINT ( 'NONE',  ( -71.12756436602583676, 160.0000000000000000, 36.63781076810108317 ) ) ;
#1518 = AXIS2_PLACEMENT_3D ( 'NONE', #482, #86, #758 ) ;
#1519 = CARTESIAN_POINT ( 'NONE',  ( -69.99999999999998579, 10.00000000000000000, 69.99999999999998579 ) ) ;
#1520 = ORIENTED_EDGE ( 'NONE', *, *, #878, .T. ) ;
#1521 = DIRECTION ( 'NONE',  ( 1.000000000000000000, 0.000000000000000000, 0.000000000000000000 ) ) ;
#1522 = CIRCLE ( 'NONE', #1059, 61.95252170911825118 ) ;
#1523 = ORIENTED_EDGE ( 'NONE', *, *, #348, .F. ) ;
#1524 = CARTESIAN_POINT ( 'NONE',  ( -47.21070946578785055, 80.00000000000000000, -51.77556925320318015 ) ) ;
#1525 = CIRCLE ( 'NONE', #657, 5.000000000000004441 ) ;
#1526 = CARTESIAN_POINT ( 'NONE',  ( 0.000000000000000000, 149.9999999999999716, 0.000000000000000000 ) ) ;
#1527 = CARTESIAN_POINT ( 'NONE',  ( -80.01834083010039933, 150.0000000000000000, -40.60893895468272774 ) ) ;
#1528 = CARTESIAN_POINT ( 'NONE',  ( -76.70292766824398711, 158.7596526541079243, -46.93364495032893302 ) ) ;
#1529 = ADVANCED_FACE ( 'NONE', ( #826 ), #37, .F. ) ;
#1530 = APPLICATION_PROTOCOL_DEFINITION ( 'international standard', 'config_control_design', 1994, #701 ) ;
#1531 = EDGE_LOOP ( 'NONE', ( #488, #207, #1012, #1606 ) ) ;
#1532 = CARTESIAN_POINT ( 'NONE',  ( 0.000000000000000000, 80.00000000000000000, 0.000000000000000000 ) ) ;
#1533 = CARTESIAN_POINT ( 'NONE',  ( -52.40817383439227939, 80.00000000000000000, 49.99999999999991473 ) ) ;
#1534 = ORIENTED_EDGE ( 'NONE', *, *, #1422, .T. ) ;
#1535 = DIRECTION ( 'NONE',  ( 0.000000000000000000, 1.000000000000000000, 0.000000000000000000 ) ) ;
#1536 = CARTESIAN_POINT ( 'NONE',  ( -71.95950430572429468, 147.5669161387464499, 46.59970773028167201 ) ) ;
#1537 = CARTESIAN_POINT ( 'NONE',  ( -79.36245504114116045, 149.9409792375211055, -41.23473726261532590 ) ) ;
#1538 = LINE ( 'NONE', #586, #1304 ) ;
#1539 = ORIENTED_EDGE ( 'NONE', *, *, #421, .T. ) ;
#1540 = DIRECTION ( 'NONE',  ( -0.000000000000000000, -1.000000000000000000, -0.000000000000000000 ) ) ;
#1541 = ORIENTED_EDGE ( 'NONE', *, *, #1095, .T. ) ;
#1542 = CC_DESIGN_PERSON_AND_ORGANIZATION_ASSIGNMENT ( #1257, #595, ( #923 ) ) ;
#1543 = CARTESIAN_POINT ( 'NONE',  ( -56.56737914347168328, 141.2403473458921042, -53.20185509102969945 ) ) ;
#1544 = DIRECTION ( 'NONE',  ( 1.000000000000000000, 0.000000000000000000, 0.000000000000000000 ) ) ;
#1545 = DIRECTION ( 'NONE',  ( 0.000000000000000000, 0.000000000000000000, 1.000000000000000000 ) ) ;
#1546 = FACE_OUTER_BOUND ( 'NONE', #642, .T. ) ;
#1547 = EDGE_LOOP ( 'NONE', ( #138, #608, #452, #629, #1694, #787, #876, #12, #739, #648, #480, #512, #1220, #857 ) ) ;
#1548 = CARTESIAN_POINT ( 'NONE',  ( -65.42051950128447402, 142.7318858875763112, 49.62338965846382166 ) ) ;
#1549 = LINE ( 'NONE', #1425, #1353 ) ;
#1550 = VERTEX_POINT ( 'NONE', #435 ) ;
#1551 = CIRCLE ( 'NONE', #239, 80.00000000000000000 ) ;
#1552 = ADVANCED_FACE ( 'NONE', ( #1212 ), #1104, .F. ) ;
#1553 = CARTESIAN_POINT ( 'NONE',  ( 80.00000000000001421, 159.9999999999999716, -80.00000000000000000 ) ) ;
#1554 = DIRECTION ( 'NONE',  ( 1.000000000000000000, 0.000000000000000000, -1.850371707708594563E-16 ) ) ;
#1555 = CARTESIAN_POINT ( 'NONE',  ( -78.06063125038870965, 149.7270010237604367, -42.39438831275970898 ) ) ;
#1556 = VERTEX_POINT ( 'NONE', #705 ) ;
#1557 = CARTESIAN_POINT ( 'NONE',  ( -47.21092955287561210, 80.00000000000001421, 51.77537653457731892 ) ) ;
#1558 = ORIENTED_EDGE ( 'NONE', *, *, #916, .F. ) ;
#1559 = DIRECTION ( 'NONE',  ( -0.000000000000000000, -1.000000000000000000, -0.000000000000000000 ) ) ;
#1560 = CARTESIAN_POINT ( 'NONE',  ( -165.0000000000000000, 110.0000000000000142, -39.99999999999996447 ) ) ;
#1561 = PLANE ( 'NONE',  #937 ) ;
#1562 = ORIENTED_EDGE ( 'NONE', *, *, #49, .F. ) ;
#1563 = CC_DESIGN_PERSON_AND_ORGANIZATION_ASSIGNMENT ( #872, #1376, ( #1230 ) ) ;
#1564 = CARTESIAN_POINT ( 'NONE',  ( -63.33686753001159531, 148.1275784137230005, 46.61246824728893046 ) ) ;
#1565 = CARTESIAN_POINT ( 'NONE',  ( -49.78707070607774199, 100.3960052738727882, -52.78268358012143580 ) ) ;
#1566 = CARTESIAN_POINT ( 'NONE',  ( -50.81911246590246378, 89.39213687335119118, -49.99999999989105248 ) ) ;
#1567 = ORIENTED_EDGE ( 'NONE', *, *, #1505, .F. ) ;
#1568 = LINE ( 'NONE', #1704, #32 ) ;
#1569 = CARTESIAN_POINT ( 'NONE',  ( -62.39385226720739297, 154.4152963728579095, 48.95382418940697278 ) ) ;
#1570 = DIRECTION ( 'NONE',  ( 2.567906592516314763E-31, -1.000000000000000000, 1.387778780781445676E-15 ) ) ;
#1571 = ORIENTED_EDGE ( 'NONE', *, *, #217, .T. ) ;
#1572 = CARTESIAN_POINT ( 'NONE',  ( -75.00000000000000000, 6.938893903907242577E-15, 55.00000000000001421 ) ) ;
#1573 = LINE ( 'NONE', #917, #544 ) ;
#1574 = VERTEX_POINT ( 'NONE', #443 ) ;
#1575 = AXIS2_PLACEMENT_3D ( 'NONE', #660, #1196, #118 ) ;
#1576 = AXIS2_PLACEMENT_3D ( 'NONE', #1292, #1535, #1285 ) ;
#1577 = DIRECTION ( 'NONE',  ( -2.775557561562891844E-16, 0.000000000000000000, -1.000000000000000000 ) ) ;
#1578 = AXIS2_PLACEMENT_3D ( 'NONE', #197, #966, #1250 ) ;
#1579 = LINE ( 'NONE', #1421, #682 ) ;
#1580 = CARTESIAN_POINT ( 'NONE',  ( -95.00000000000004263, 80.00000000000000000, 50.00000000000000711 ) ) ;
#1581 = PERSON_AND_ORGANIZATION ( #926, #127 ) ;
#1582 = EDGE_CURVE ( 'NONE', #1251, #1710, #969, .T. ) ;
#1583 = CARTESIAN_POINT ( 'NONE',  ( 0.000000000000000000, 15.00000000000000000, 0.000000000000000000 ) ) ;
#1584 = ORIENTED_EDGE ( 'NONE', *, *, #1238, .F. ) ;
#1585 = CC_DESIGN_PERSON_AND_ORGANIZATION_ASSIGNMENT ( #1581, #517, ( #235 ) ) ;
#1586 = CARTESIAN_POINT ( 'NONE',  ( -135.0000000000000000, 110.0000000000000142, 39.99999999999988631 ) ) ;
#1587 = PRODUCT_DEFINITION_SHAPE ( 'NONE', 'NONE',  #1230 ) ;
#1588 = DIRECTION ( 'NONE',  ( 0.000000000000000000, 0.000000000000000000, 1.000000000000000000 ) ) ;
#1589 = APPROVAL_DATE_TIME ( #250, #1720 ) ;
#1590 = CARTESIAN_POINT ( 'NONE',  ( -52.72878491860240047, 78.39290321799316530, -49.99999999999998579 ) ) ;
#1591 = ORIENTED_EDGE ( 'NONE', *, *, #1346, .F. ) ;
#1592 = LINE ( 'NONE', #659, #1159 ) ;
#1593 = PLANE ( 'NONE',  #1348 ) ;
#1594 = DIRECTION ( 'NONE',  ( 0.000000000000000000, 1.000000000000000000, 0.000000000000000000 ) ) ;
#1595 = DIRECTION ( 'NONE',  ( 0.000000000000000000, 0.000000000000000000, 1.000000000000000000 ) ) ;
#1596 = VERTEX_POINT ( 'NONE', #1240 ) ;
#1597 = EDGE_CURVE ( 'NONE', #1258, #38, #631, .T. ) ;
#1598 = CC_DESIGN_APPROVAL ( #1720, ( #235 ) ) ;
#1599 = AXIS2_PLACEMENT_3D ( 'NONE', #597, #865, #580 ) ;
#1600 = DIRECTION ( 'NONE',  ( 0.000000000000000000, 0.9922778767136676281, 0.1240347345892084674 ) ) ;
#1601 = AXIS2_PLACEMENT_3D ( 'NONE', #257, #791, #661 ) ;
#1602 = DIRECTION ( 'NONE',  ( -0.000000000000000000, -1.000000000000000000, -0.000000000000000000 ) ) ;
#1603 = VECTOR ( 'NONE', #1297, 1000.000000000000000 ) ;
#1604 = CC_DESIGN_SECURITY_CLASSIFICATION ( #98, ( #235 ) ) ;
#1605 = CARTESIAN_POINT ( 'NONE',  ( -63.52649568086919629, 155.8158951167468160, -47.76669210958028344 ) ) ;
#1606 = ORIENTED_EDGE ( 'NONE', *, *, #1076, .T. ) ;
#1607 = LINE ( 'NONE', #1169, #962 ) ;
#1608 = CARTESIAN_POINT ( 'NONE',  ( 0.000000000000000000, 15.00000000000000000, 0.000000000000000000 ) ) ;
#1609 = CARTESIAN_POINT ( 'NONE',  ( -68.74209544535401051, 151.1040471410275643, -38.80177489905617705 ) ) ;
#1610 = CARTESIAN_POINT ( 'NONE',  ( -63.79557146646501309, 140.0000000000000000, -49.99999999999998579 ) ) ;
#1611 = B_SPLINE_CURVE_WITH_KNOTS ( 'NONE', 3,
 ( #479, #226, #1023, #994, #356, #1398, #198, #1524, #327, #1392 ),
 .UNSPECIFIED., .F., .F.,
 ( 4, 2, 2, 2, 4 ),
 ( 6.938893903907228378E-18, 0.001844132203236711377, 0.003688264406473415816, 0.005532396609710120254, 0.007376528812946824692 ),
 .UNSPECIFIED. ) ;
#1612 = EDGE_CURVE ( 'NONE', #1730, #1550, #208, .T. ) ;
#1613 = DIRECTION ( 'NONE',  ( 0.000000000000000000, 0.000000000000000000, 1.000000000000000000 ) ) ;
#1614 = ORIENTED_EDGE ( 'NONE', *, *, #681, .F. ) ;
#1615 = CARTESIAN_POINT ( 'NONE',  ( -60.32761324069993947, 119.9785286133786997, 49.99999999999985079 ) ) ;
#1616 = ORIENTED_EDGE ( 'NONE', *, *, #991, .F. ) ;
#1617 = CARTESIAN_POINT ( 'NONE',  ( -175.0000000000000568, 0.000000000000000000, -49.99999999999997158 ) ) ;
#1618 = VERTEX_POINT ( 'NONE', #561 ) ;
#1619 = CARTESIAN_POINT ( 'NONE',  ( -63.34258764933667152, 148.1482256534793862, -46.61313666724745275 ) ) ;
#1620 = EDGE_CURVE ( 'NONE', #535, #106, #1639, .T. ) ;
#1621 = CARTESIAN_POINT ( 'NONE',  ( -73.24914892336229855, 148.1403349105040945, 45.81320127550954169 ) ) ;
#1622 = ADVANCED_FACE ( 'NONE', ( #578 ), #1189, .F. ) ;
#1623 = CARTESIAN_POINT ( 'NONE',  ( -64.11918202301694691, 156.4830826712569376, -47.11059260371430923 ) ) ;
#1624 = VERTEX_POINT ( 'NONE', #815 ) ;
#1625 = CARTESIAN_POINT ( 'NONE',  ( 0.000000000000000000, 15.62017367294603964, 0.000000000000000000 ) ) ;
#1626 = ORIENTED_EDGE ( 'NONE', *, *, #1612, .F. ) ;
#1627 = CARTESIAN_POINT ( 'NONE',  ( -65.99357721244103914, 158.3279600708566193, -44.85897656407333756 ) ) ;
#1628 = CIRCLE ( 'NONE', #1185, 9.999999999999994671 ) ;
#1629 = AXIS2_PLACEMENT_3D ( 'NONE', #1586, #1721, #184 ) ;
#1630 = CARTESIAN_POINT ( 'NONE',  ( -68.74209544534285499, 151.1040471410299233, 38.80177489906403565 ) ) ;
#1631 = TOROIDAL_SURFACE ( 'NONE', #386, 30.00000000000000000, 10.00000000000000000 ) ;
#1632 = CARTESIAN_POINT ( 'NONE',  ( -57.61211283484154677, 145.5024476809518887, -52.86091075960900554 ) ) ;
#1633 = ORIENTED_EDGE ( 'NONE', *, *, #1052, .F. ) ;
#1634 = CARTESIAN_POINT ( 'NONE',  ( 0.000000000000000000, 160.0000000000000000, 0.000000000000000000 ) ) ;
#1635 = ORIENTED_EDGE ( 'NONE', *, *, #536, .F. ) ;
#1636 = CARTESIAN_POINT ( 'NONE',  ( -58.93951437151708461, 148.7292524932267952, -51.98834718990300985 ) ) ;
#1637 = CARTESIAN_POINT ( 'NONE',  ( -70.57298992538555638, 159.9999999999989484, -37.69410769704902009 ) ) ;
#1638 = CARTESIAN_POINT ( 'NONE',  ( -69.05926994596001123, 151.0355059294398927, 38.57569722678049828 ) ) ;
#1639 = LINE ( 'NONE', #1231, #943 ) ;
#1640 = ORIENTED_EDGE ( 'NONE', *, *, #234, .F. ) ;
#1641 = CARTESIAN_POINT ( 'NONE',  ( 74.99999999999997158, 10.00000000000000000, -75.00000000000000000 ) ) ;
#1642 = CARTESIAN_POINT ( 'NONE',  ( -64.29826927641903467, 141.1358942602634556, -49.93929310966827018 ) ) ;
#1643 = CARTESIAN_POINT ( 'NONE',  ( -135.0000000000000000, 140.0000000000000000, 39.99999999999983658 ) ) ;
#1644 = CARTESIAN_POINT ( 'NONE',  ( -66.87471937231610752, 150.7705415510920375, 41.94068448854478248 ) ) ;
#1645 = VERTEX_POINT ( 'NONE', #1081 ) ;
#1646 = DIRECTION ( 'NONE',  ( -1.850371707708594316E-16, -0.000000000000000000, -1.000000000000000000 ) ) ;
#1647 = ORIENTED_EDGE ( 'NONE', *, *, #885, .T. ) ;
#1648 = DIRECTION ( 'NONE',  ( -5.701898048196683721E-47, 1.000000000000000000, -1.387778780781445676E-15 ) ) ;
#1649 = CARTESIAN_POINT ( 'NONE',  ( -56.77423532765255487, 142.3862891097053591, -53.19091268396102379 ) ) ;
#1650 = ADVANCED_FACE ( 'NONE', ( #1351 ), #981, .F. ) ;
#1651 = CARTESIAN_POINT ( 'NONE',  ( -68.23893008633400825, 160.0000000000000000, -41.75462154866713860 ) ) ;
#1652 = CIRCLE ( 'NONE', #1575, 80.00000000000000000 ) ;
#1653 = CARTESIAN_POINT ( 'NONE',  ( -76.70292766824400132, 149.3798263270539621, -43.46682247516446296 ) ) ;
#1654 = CIRCLE ( 'NONE', #740, 5.000000000000004441 ) ;
#1655 = DATE_AND_TIME ( #1248, #1 ) ;
#1656 = VERTEX_POINT ( 'NONE', #568 ) ;
#1657 = DIRECTION ( 'NONE',  ( -0.000000000000000000, -1.000000000000000000, -0.000000000000000000 ) ) ;
#1658 = LINE ( 'NONE', #730, #1161 ) ;
#1659 = AXIS2_PLACEMENT_3D ( 'NONE', #121, #801, #655 ) ;
#1660 = CARTESIAN_POINT ( 'NONE',  ( -56.56737914347183249, 141.2403473458921610, 53.20185509102955024 ) ) ;
#1661 = CARTESIAN_POINT ( 'NONE',  ( -73.75299852900025144, 148.3613695833704469, 45.50373411278898317 ) ) ;
#1662 = CARTESIAN_POINT ( 'NONE',  ( 0.000000000000000000, 15.00000000000000000, 0.000000000000000000 ) ) ;
#1663 = DIRECTION ( 'NONE',  ( -0.000000000000000000, 1.000000000000000000, -0.000000000000000000 ) ) ;
#1664 = ORIENTED_EDGE ( 'NONE', *, *, #621, .F. ) ;
#1665 = CARTESIAN_POINT ( 'NONE',  ( -57.50469048030232955, 145.1270806985317847, 52.90780692120679163 ) ) ;
#1666 = EDGE_CURVE ( 'NONE', #779, #1108, #780, .T. ) ;
#1667 = DIRECTION ( 'NONE',  ( 1.000000000000000000, -0.000000000000000000, 0.000000000000000000 ) ) ;
#1668 = ORIENTED_EDGE ( 'NONE', *, *, #191, .T. ) ;
#1669 = DIRECTION ( 'NONE',  ( -0.000000000000000000, -1.000000000000000000, -0.000000000000000000 ) ) ;
#1670 = CARTESIAN_POINT ( 'NONE',  ( -74.35064194976099827, 148.6016249714450908, 45.12032947989214904 ) ) ;
#1671 = CARTESIAN_POINT ( 'NONE',  ( -70.77139761058175793, 146.9141919399079654, -47.23883219816517709 ) ) ;
#1672 = ORIENTED_EDGE ( 'NONE', *, *, #518, .T. ) ;
#1673 = CARTESIAN_POINT ( 'NONE',  ( -59.90397780499601055, 142.3388231990948896, 49.82504564040002748 ) ) ;
#1674 = EDGE_CURVE ( 'NONE', #710, #1267, #849, .T. ) ;
#1675 = ORIENTED_EDGE ( 'NONE', *, *, #1484, .F. ) ;
#1676 = DIRECTION ( 'NONE',  ( 0.000000000000000000, 0.000000000000000000, 1.000000000000000000 ) ) ;
#1677 = DIRECTION ( 'NONE',  ( 0.000000000000000000, 0.000000000000000000, 1.000000000000000000 ) ) ;
#1678 = CARTESIAN_POINT ( 'NONE',  ( 0.000000000000000000, 150.0000000000000284, 0.000000000000000000 ) ) ;
#1679 = DIRECTION ( 'NONE',  ( 1.000000000000000000, 0.000000000000000000, 0.000000000000000000 ) ) ;
#1680 = ORIENTED_EDGE ( 'NONE', *, *, #600, .F. ) ;
#1681 = VECTOR ( 'NONE', #1233, 1000.000000000000000 ) ;
#1682 = CARTESIAN_POINT ( 'NONE',  ( 69.99999999999997158, 0.000000000000000000, -75.00000000000000000 ) ) ;
#1683 = ORIENTED_EDGE ( 'NONE', *, *, #69, .F. ) ;
#1684 = AXIS2_PLACEMENT_3D ( 'NONE', #723, #1338, #959 ) ;
#1685 = VECTOR ( 'NONE', #313, 1000.000000000000000 ) ;
#1686 = CARTESIAN_POINT ( 'NONE',  ( 0.000000000000000000, 10.00000000000000000, 0.000000000000000000 ) ) ;
#1687 = EDGE_CURVE ( 'NONE', #322, #816, #1083, .T. ) ;
#1688 = CARTESIAN_POINT ( 'NONE',  ( -135.0000000000000000, 150.0000000000000284, 49.99999999999999289 ) ) ;
#1689 = DIRECTION ( 'NONE',  ( -1.000000000000000000, 0.000000000000000000, 0.000000000000000000 ) ) ;
#1690 = VERTEX_POINT ( 'NONE', #1266 ) ;
#1691 = CARTESIAN_POINT ( 'NONE',  ( -66.36136951254623284, 143.7433918375498081, 49.28808422445374759 ) ) ;
#1692 = DIRECTION ( 'NONE',  ( 1.850371707708594563E-16, 1.387778780781445676E-15, 1.000000000000000000 ) ) ;
#1693 = CARTESIAN_POINT ( 'NONE',  ( -56.56737914347168328, 141.2403473458921042, -53.20185509102969945 ) ) ;
#1694 = ORIENTED_EDGE ( 'NONE', *, *, #1296, .F. ) ;
#1695 = DIRECTION ( 'NONE',  ( 0.000000000000000000, 1.000000000000000000, 0.000000000000000000 ) ) ;
#1696 = DIRECTION ( 'NONE',  ( 0.000000000000000000, 0.000000000000000000, 1.000000000000000000 ) ) ;
#1697 = CYLINDRICAL_SURFACE ( 'NONE', #542, 4.999999999999997335 ) ;
#1698 = DATE_AND_TIME ( #1039, #716 ) ;
#1699 = ORIENTED_EDGE ( 'NONE', *, *, #900, .T. ) ;
#1700 = CARTESIAN_POINT ( 'NONE',  ( -56.56737914347184670, 141.2403473458921610, 53.20185509102953603 ) ) ;
#1701 = CARTESIAN_POINT ( 'NONE',  ( -135.0000000000000000, 110.0000000000000284, 49.99999999999987921 ) ) ;
#1702 = FACE_OUTER_BOUND ( 'NONE', #54, .T. ) ;
#1703 = ORIENTED_EDGE ( 'NONE', *, *, #1047, .F. ) ;
#1704 = CARTESIAN_POINT ( 'NONE',  ( -75.00000000000000000, 10.00000000000000000, 69.99999999999998579 ) ) ;
#1705 = CARTESIAN_POINT ( 'NONE',  ( -58.17388572345461739, 146.9775105469565517, 52.51720791758319962 ) ) ;
#1706 = ADVANCED_FACE ( 'NONE', ( #1546 ), #262, .F. ) ;
#1707 = DIRECTION ( 'NONE',  ( -1.850371707708594563E-16, -1.387778780781445676E-15, -1.000000000000000000 ) ) ;
#1708 = CARTESIAN_POINT ( 'NONE',  ( 0.000000000000000000, 149.9999999999999716, 0.000000000000000000 ) ) ;
#1709 = CARTESIAN_POINT ( 'NONE',  ( 74.99999999999997158, 10.00000000000000000, -75.00000000000000000 ) ) ;
#1710 = VERTEX_POINT ( 'NONE', #1032 ) ;
#1711 = AXIS2_PLACEMENT_3D ( 'NONE', #1553, #1158, #466 ) ;
#1712 = CIRCLE ( 'NONE', #65, 80.00000000000000000 ) ;
#1713 = AXIS2_PLACEMENT_3D ( 'NONE', #100, #777, #649 ) ;
#1714 = CARTESIAN_POINT ( 'NONE',  ( -60.23336416303029495, 151.1721167443872105, 50.95800125592098340 ) ) ;
#1715 = AXIS2_PLACEMENT_3D ( 'NONE', #1014, #896, #56 ) ;
#1716 = DIRECTION ( 'NONE',  ( 0.000000000000000000, -1.000000000000000000, 0.000000000000000000 ) ) ;
#1717 = DIRECTION ( 'NONE',  ( 0.000000000000000000, 1.000000000000000000, -1.387778780781446267E-15 ) ) ;
#1718 = CARTESIAN_POINT ( 'NONE',  ( 0.000000000000000000, 160.0000000000000000, 0.000000000000000000 ) ) ;
#1719 = EDGE_LOOP ( 'NONE', ( #873, #1156, #1520, #1124 ) ) ;
#1720 = APPROVAL ( #44, 'UNSPECIFIED' ) ;
#1721 = DIRECTION ( 'NONE',  ( -1.850371707708594563E-16, -1.387778780781445676E-15, -1.000000000000000000 ) ) ;
#1722 = CARTESIAN_POINT ( 'NONE',  ( -75.00000000000000000, 10.00000000000000000, 75.00000000000000000 ) ) ;
#1723 = DIRECTION ( 'NONE',  ( 0.000000000000000000, 0.000000000000000000, 1.000000000000000000 ) ) ;
#1724 = CARTESIAN_POINT ( 'NONE',  ( -56.10309035072836537, 120.2011184405247661, -49.99999999999998579 ) ) ;
#1725 = EDGE_LOOP ( 'NONE', ( #698, #569, #1591, #188 ) ) ;
#1726 = EDGE_CURVE ( 'NONE', #279, #1368, #1538, .T. ) ;
#1727 = CARTESIAN_POINT ( 'NONE',  ( -75.00000000000002842, 10.00000000000000000, -75.00000000000000000 ) ) ;
#1728 = DIRECTION ( 'NONE',  ( 0.000000000000000000, 1.000000000000000000, -1.387778780781445478E-15 ) ) ;
#1729 = CARTESIAN_POINT ( 'NONE',  ( -60.23631451924009639, 151.2014882655875283, -50.96282282916553896 ) ) ;
#1730 = VERTEX_POINT ( 'NONE', #746 ) ;
#1731 = DIRECTION ( 'NONE',  ( 0.000000000000000000, 0.000000000000000000, -1.000000000000000000 ) ) ;
ENDSEC;
END-ISO-10303-21;
