ISO-10303-21;
HEADER;
FILE_DESCRIPTION (( 'STEP AP203' ),
    '1' );
FILE_NAME ('base_joint_Default_sldprt.STEP',
    '2026-05-08T17:32:05',
    ( '' ),
    ( '' ),
    'SwSTEP 2.0',
    'SolidWorks 2024',
    '' );
FILE_SCHEMA (( 'CONFIG_CONTROL_DESIGN' ));
ENDSEC;

DATA;
#1 = CARTESIAN_POINT ( 'NONE',  ( 46.09690777867041334, 220.0000000000000000, 47.14213562373094391 ) ) ;
#2 = CARTESIAN_POINT ( 'NONE',  ( 40.00000000000000000, 220.0000000000000000, 63.00000000000000000 ) ) ;
#3 = CARTESIAN_POINT ( 'NONE',  ( 41.19367168925588629, 225.9789156508417705, -63.00000000000000000 ) ) ;
#4 = EDGE_LOOP ( 'NONE', ( #2214, #75, #165, #311 ) ) ;
#5 = DIRECTION ( 'NONE',  ( -0.000000000000000000, -0.000000000000000000, 1.000000000000000000 ) ) ;
#6 = CARTESIAN_POINT ( 'NONE',  ( -40.00000000000001421, 219.9999999999999716, -63.00000000000000711 ) ) ;
#7 = AXIS2_PLACEMENT_3D ( 'NONE', #1000, #1631, #792 ) ;
#8 = DIRECTION ( 'NONE',  ( -1.000000000000000000, -0.000000000000000000, -0.000000000000000000 ) ) ;
#9 = CIRCLE ( 'NONE', #509, 65.53900802632477962 ) ;
#10 = ORIENTED_EDGE ( 'NONE', *, *, #1527, .T. ) ;
#11 = DIRECTION ( 'NONE',  ( 0.000000000000000000, -0.000000000000000000, 1.000000000000000000 ) ) ;
#12 = VECTOR ( 'NONE', #235, 1000.000000000000000 ) ;
#13 = EDGE_CURVE ( 'NONE', #338, #2307, #1387, .T. ) ;
#14 = ORIENTED_EDGE ( 'NONE', *, *, #851, .T. ) ;
#15 = AXIS2_PLACEMENT_3D ( 'NONE', #1386, #988, #2582 ) ;
#16 = CARTESIAN_POINT ( 'NONE',  ( -38.23892409023383721, 225.4591503554690632, -67.54950975679639669 ) ) ;
#17 = AXIS2_PLACEMENT_3D ( 'NONE', #213, #43, #1029 ) ;
#18 =( LENGTH_UNIT ( ) NAMED_UNIT ( * ) SI_UNIT ( .MILLI., .METRE. ) );
#19 = PLANE ( 'NONE',  #891 ) ;
#20 = CARTESIAN_POINT ( 'NONE',  ( -41.38627833239838338, 226.1068574591878360, 52.34538352696178265 ) ) ;
#21 = EDGE_CURVE ( 'NONE', #2145, #2164, #600, .T. ) ;
#22 = CARTESIAN_POINT ( 'NONE',  ( 34.90132648232626167, 220.0000000000000000, 43.00000000000000000 ) ) ;
#23 = CARTESIAN_POINT ( 'NONE',  ( -38.23892409023385142, 225.4591503554690632, 67.54950975679638248 ) ) ;
#24 = CARTESIAN_POINT ( 'NONE',  ( -35.83679220080922079, 221.0311883382608471, -67.96214831287228719 ) ) ;
#25 = DIRECTION ( 'NONE',  ( 0.000000000000000000, 0.000000000000000000, -1.000000000000000000 ) ) ;
#26 = ORIENTED_EDGE ( 'NONE', *, *, #802, .F. ) ;
#27 = CARTESIAN_POINT ( 'NONE',  ( 39.69999720960944956, 219.9999999999731131, 64.81941822747785409 ) ) ;
#28 = ORIENTED_EDGE ( 'NONE', *, *, #362, .F. ) ;
#29 = CARTESIAN_POINT ( 'NONE',  ( -38.32009257946940295, 225.2351592715287438, -67.49426005118139926 ) ) ;
#30 =( NAMED_UNIT ( * ) SI_UNIT ( $, .STERADIAN. ) SOLID_ANGLE_UNIT ( ) );
#31 = CARTESIAN_POINT ( 'NONE',  ( 41.79181319120408489, 220.0000000000000000, -71.21768914852039245 ) ) ;
#32 = DIRECTION ( 'NONE',  ( 0.000000000000000000, 0.000000000000000000, -1.000000000000000000 ) ) ;
#33 = CARTESIAN_POINT ( 'NONE',  ( 35.70658560142375393, 219.5145168844802015, -68.09709662310395117 ) ) ;
#34 = CARTESIAN_POINT ( 'NONE',  ( 35.00017115330175699, 219.5145168922730079, 68.09709662154540410 ) ) ;
#35 = PLANE ( 'NONE',  #2446 ) ;
#36 = ORIENTED_EDGE ( 'NONE', *, *, #2341, .T. ) ;
#37 = DIRECTION ( 'NONE',  ( 0.000000000000000000, 0.000000000000000000, -1.000000000000000000 ) ) ;
#38 = EDGE_LOOP ( 'NONE', ( #1969, #14, #1980, #2107 ) ) ;
#39 = CYLINDRICAL_SURFACE ( 'NONE', #1692, 4.999999999999997335 ) ;
#40 = CARTESIAN_POINT ( 'NONE',  ( 39.15303926113259791, 225.6015894025115927, 49.00166578876655166 ) ) ;
#41 = CARTESIAN_POINT ( 'NONE',  ( -44.20792642066506062, 220.0000000000000000, 46.85453279874737120 ) ) ;
#42 =( BOUNDED_CURVE ( )  B_SPLINE_CURVE ( 3, ( #1353, #258, #1152, #2540 ),
 .UNSPECIFIED., .F., .F. ) 
 B_SPLINE_CURVE_WITH_KNOTS ( ( 4, 4 ),
 ( 3.469446951953613696E-16, 0.5571751417953210161 ),
 .UNSPECIFIED. ) 
 CURVE ( )  GEOMETRIC_REPRESENTATION_ITEM ( )  RATIONAL_B_SPLINE_CURVE ( ( 1.000000000000000000, 0.9742965415400891560, 0.9742965415400891560, 1.000000000000000000 ) ) 
 REPRESENTATION_ITEM ( '' )  );
#43 = DIRECTION ( 'NONE',  ( 0.000000000000000000, 0.000000000000000000, -1.000000000000000000 ) ) ;
#44 = CARTESIAN_POINT ( 'NONE',  ( 35.81596919635165932, 220.9967627908226007, -67.96357339074712911 ) ) ;
#45 = ADVANCED_FACE ( 'NONE', ( #990 ), #417, .F. ) ;
#46 = DIRECTION ( 'NONE',  ( 0.1957831301683551073, 0.9806472178829046538, 0.000000000000000000 ) ) ;
#47 = EDGE_LOOP ( 'NONE', ( #2371, #308, #2276, #495 ) ) ;
#48 = AXIS2_PLACEMENT_3D ( 'NONE', #2097, #1297, #1505 ) ;
#49 = CARTESIAN_POINT ( 'NONE',  ( 39.36892909179540823, 220.0000000000265743, 65.54495904204202361 ) ) ;
#50 = EDGE_CURVE ( 'NONE', #989, #2221, #295, .T. ) ;
#51 = VERTEX_POINT ( 'NONE', #1645 ) ;
#52 = CC_DESIGN_PERSON_AND_ORGANIZATION_ASSIGNMENT ( #497, #2507, ( #2494 ) ) ;
#53 = CARTESIAN_POINT ( 'NONE',  ( 46.09690777867040623, 225.0000000000000000, -63.00000000000000000 ) ) ;
#54 = DIRECTION ( 'NONE',  ( -0.000000000000000000, -1.000000000000000000, -0.000000000000000000 ) ) ;
#55 = VECTOR ( 'NONE', #503, 1000.000000000000114 ) ;
#56 = ORIENTED_EDGE ( 'NONE', *, *, #154, .T. ) ;
#57 = CARTESIAN_POINT ( 'NONE',  ( -46.26222609309478884, 220.0000000000000000, -63.84314430020934594 ) ) ;
#58 = AXIS2_PLACEMENT_3D ( 'NONE', #1329, #1518, #1311 ) ;
#59 = DIRECTION ( 'NONE',  ( -0.000000000000000000, -0.000000000000000000, -1.000000000000000000 ) ) ;
#60 = CARTESIAN_POINT ( 'NONE',  ( -36.00780942298347753, 225.0000000000000000, 48.00000000000000000 ) ) ;
#61 = CARTESIAN_POINT ( 'NONE',  ( -36.24308294914611395, 219.5145168922730932, 68.09709662154538989 ) ) ;
#62 = VERTEX_POINT ( 'NONE', #423 ) ;
#63 = DIRECTION ( 'NONE',  ( 1.000000000000000000, 0.000000000000000000, 0.000000000000000000 ) ) ;
#64 = EDGE_CURVE ( 'NONE', #2482, #1940, #691, .T. ) ;
#65 = ORIENTED_EDGE ( 'NONE', *, *, #1970, .T. ) ;
#66 = EDGE_CURVE ( 'NONE', #906, #1217, #757, .T. ) ;
#67 = CARTESIAN_POINT ( 'NONE',  ( -41.38627833238639653, 226.1068574591350284, -53.00000000000000000 ) ) ;
#68 = PERSON_AND_ORGANIZATION_ROLE ( 'creator' ) ;
#69 = VERTEX_POINT ( 'NONE', #622 ) ;
#70 = CARTESIAN_POINT ( 'NONE',  ( 40.00000000000000000, 220.0000000000000000, 68.00000000000000000 ) ) ;
#71 = CARTESIAN_POINT ( 'NONE',  ( 42.28642429375448586, 220.4466786921171604, 67.91066426157657077 ) ) ;
#72 = CARTESIAN_POINT ( 'NONE',  ( 35.89956074332292246, 225.0000000000000000, 48.00000000000000000 ) ) ;
#73 = CARTESIAN_POINT ( 'NONE',  ( -54.04027018385617254, 259.3833794704846696, 68.00000000000000000 ) ) ;
#74 = ORIENTED_EDGE ( 'NONE', *, *, #772, .T. ) ;
#75 = ORIENTED_EDGE ( 'NONE', *, *, #2047, .T. ) ;
#76 = ADVANCED_FACE ( 'NONE', ( #2004 ), #2552, .T. ) ;
#77 = DIRECTION ( 'NONE',  ( -0.000000000000000000, -0.000000000000000000, -1.000000000000000000 ) ) ;
#78 = APPROVAL_STATUS ( 'not_yet_approved' ) ;
#79 = CARTESIAN_POINT ( 'NONE',  ( -35.12405223929160769, 221.1068574591350284, 53.00000000000000000 ) ) ;
#80 = ORIENTED_EDGE ( 'NONE', *, *, #1495, .T. ) ;
#81 = CARTESIAN_POINT ( 'NONE',  ( 46.09690777867040623, 220.0000000000000000, 63.00000000000000000 ) ) ;
#82 = CARTESIAN_POINT ( 'NONE',  ( 46.09690777867039913, 219.9999999999999716, -47.14213562373093680 ) ) ;
#83 = CARTESIAN_POINT ( 'NONE',  ( -41.38627833238639653, 226.1068574591350284, -53.00000000000000000 ) ) ;
#84 = FACE_OUTER_BOUND ( 'NONE', #2298, .T. ) ;
#85 = ORIENTED_EDGE ( 'NONE', *, *, #478, .F. ) ;
#86 = CARTESIAN_POINT ( 'NONE',  ( 36.59268319039870931, 225.1281628621742925, -47.99999999999999289 ) ) ;
#87 = CIRCLE ( 'NONE', #1895, 65.53900802632477962 ) ;
#88 = ORIENTED_EDGE ( 'NONE', *, *, #1305, .T. ) ;
#89 = AXIS2_PLACEMENT_3D ( 'NONE', #309, #2368, #2562 ) ;
#90 = EDGE_CURVE ( 'NONE', #69, #1614, #1127, .T. ) ;
#91 = APPLICATION_PROTOCOL_DEFINITION ( 'international standard', 'config_control_design', 1994, #289 ) ;
#92 = CARTESIAN_POINT ( 'NONE',  ( -39.56075031663925046, 222.5475287375329287, 67.49049425249343415 ) ) ;
#93 = EDGE_LOOP ( 'NONE', ( #1043, #401, #374, #1888, #2459, #522, #1265 ) ) ;
#94 = CIRCLE ( 'NONE', #301, 65.53900802632477962 ) ;
#95 = FACE_OUTER_BOUND ( 'NONE', #221, .T. ) ;
#96 = AXIS2_PLACEMENT_3D ( 'NONE', #2335, #1529, #2288 ) ;
#97 = CARTESIAN_POINT ( 'NONE',  ( -12.66279742153371402, 316.5117997281915905, -68.00000000000000000 ) ) ;
#98 = CARTESIAN_POINT ( 'NONE',  ( -39.15844356530966053, 225.6483820879474536, -48.00000000000000000 ) ) ;
#99 = CIRCLE ( 'NONE', #1528, 7.500000000000000000 ) ;
#100 = EDGE_CURVE ( 'NONE', #706, #2300, #631, .T. ) ;
#101 = CARTESIAN_POINT ( 'NONE',  ( -12.66279742153371402, 316.5117997281915905, 53.00000000000000000 ) ) ;
#102 = AXIS2_PLACEMENT_3D ( 'NONE', #874, #1670, #237 ) ;
#103 = ORIENTED_EDGE ( 'NONE', *, *, #584, .F. ) ;
#104 = CARTESIAN_POINT ( 'NONE',  ( 45.16421598904794621, 220.0000000000000000, -66.03543893068997761 ) ) ;
#105 = VERTEX_POINT ( 'NONE', #1255 ) ;
#106 = PERSON_AND_ORGANIZATION_ROLE ( 'design_supplier' ) ;
#107 = CARTESIAN_POINT ( 'NONE',  ( 45.73595615903204958, 220.0000000000000000, 65.63704985919996204 ) ) ;
#108 = VERTEX_POINT ( 'NONE', #610 ) ;
#109 = CARTESIAN_POINT ( 'NONE',  ( 45.73595615903204958, 220.0000000000000000, 65.63704985919996204 ) ) ;
#110 = CARTESIAN_POINT ( 'NONE',  ( -39.17231514572727491, 223.2455393877547181, 67.35089212244905355 ) ) ;
#111 = EDGE_CURVE ( 'NONE', #1848, #1596, #965, .T. ) ;
#112 = CARTESIAN_POINT ( 'NONE',  ( -40.21283616323397325, 225.8653699206425642, -66.71292917940918699 ) ) ;
#113 = ORIENTED_EDGE ( 'NONE', *, *, #1512, .T. ) ;
#114 = CARTESIAN_POINT ( 'NONE',  ( 36.60256013498736394, 220.0000000000751470, -48.12998917475889726 ) ) ;
#115 = VERTEX_POINT ( 'NONE', #2226 ) ;
#116 = PERSON_AND_ORGANIZATION ( #2295, #227 ) ;
#117 = CARTESIAN_POINT ( 'NONE',  ( 46.09690777867040623, 220.0000000000000000, -63.00000000000000000 ) ) ;
#118 = ORIENTED_EDGE ( 'NONE', *, *, #1943, .T. ) ;
#119 = DIRECTION ( 'NONE',  ( 1.000000000000000000, 0.000000000000000000, 0.000000000000000000 ) ) ;
#120 = DIRECTION ( 'NONE',  ( -1.000000000000000000, 0.000000000000000000, 0.000000000000000000 ) ) ;
#121 = DIRECTION ( 'NONE',  ( -0.1957831301683550795, -0.9806472178829045427, 0.000000000000000000 ) ) ;
#122 = EDGE_CURVE ( 'NONE', #2307, #922, #450, .T. ) ;
#123 = EDGE_LOOP ( 'NONE', ( #2476, #2265, #1706, #2578 ) ) ;
#124 = DIRECTION ( 'NONE',  ( -1.000000000000000000, 0.000000000000000000, 0.000000000000000000 ) ) ;
#125 =( BOUNDED_SURFACE ( )  B_SPLINE_SURFACE ( 3, 2, ( 
 ( #1302, #1110, #521 ),
 ( #86, #114, #907 ),
 ( #1702, #1499, #2332 ),
 ( #918, #493, #2306 ),
 ( #2119, #1333, #928 ),
 ( #2102, #1136, #138 ),
 ( #2091, #892, #1689 ),
 ( #2514, #1713, #1929 ),
 ( #2493, #2130, #482 ),
 ( #321, #718, #1290 ) ),
 .UNSPECIFIED., .F., .F., .F. ) 
 B_SPLINE_SURFACE_WITH_KNOTS ( ( 4, 2, 2, 2, 4 ),
 ( 3, 3 ),
 ( 4.712388980384689674, 5.105088062083414258, 5.497787143782137953, 5.890486225480861648, 6.283185307179586232 ),
 ( 0.000000000000000000, 1.000000000000000000 ),
 .UNSPECIFIED. ) 
 GEOMETRIC_REPRESENTATION_ITEM ( )  RATIONAL_B_SPLINE_SURFACE ( (
 ( 1.000000000000000000, 0.7071067811865470176, 1.000000000000000000),
 ( 1.000000000000000000, 0.6980477319946739589, 1.000000000000000000),
 ( 1.000000000000000000, 0.6888053725904426106, 1.000000000000000000),
 ( 1.000000000000000000, 0.6713983178530107399, 1.000000000000000000),
 ( 1.000000000000000000, 0.6632410612028044605, 1.000000000000000000),
 ( 1.000000000000000000, 0.6494359143064224460, 1.000000000000000000),
 ( 1.000000000000000000, 0.6437999386276593849, 1.000000000000000000),
 ( 1.000000000000000000, 0.6361375389285384152, 1.000000000000000000),
 ( 1.000000000000000000, 0.6341078206145127627, 1.000000000000000000),
 ( 1.000000000000000000, 0.6341202054152061951, 1.000000000000000000) ) ) 
 REPRESENTATION_ITEM ( '' )  SURFACE ( )  );
#126 = CARTESIAN_POINT ( 'NONE',  ( 51.60784846228703771, 303.6803675886687870, -53.00000000000000000 ) ) ;
#127 = ORIENTED_EDGE ( 'NONE', *, *, #2588, .F. ) ;
#128 = EDGE_CURVE ( 'NONE', #1767, #468, #1054, .T. ) ;
#129 = DIRECTION ( 'NONE',  ( 0.9806472178829038766, -0.1957831301683586600, 0.000000000000000000 ) ) ;
#130 = ORIENTED_EDGE ( 'NONE', *, *, #174, .T. ) ;
#131 = AXIS2_PLACEMENT_3D ( 'NONE', #798, #2587, #1784 ) ;
#132 = DIRECTION ( 'NONE',  ( -0.2213714918270059950, 0.9751895521416775736, -0.000000000000000000 ) ) ;
#133 = VECTOR ( 'NONE', #776, 1000.000000000000000 ) ;
#134 = DIRECTION ( 'NONE',  ( -0.000000000000000000, -0.000000000000000000, 1.000000000000000000 ) ) ;
#135 = AXIS2_PLACEMENT_3D ( 'NONE', #1282, #273, #2044 ) ;
#136 = CARTESIAN_POINT ( 'NONE',  ( -41.39233025871091343, 248.7199849852119939, 48.00000000000000000 ) ) ;
#137 = VERTEX_POINT ( 'NONE', #1832 ) ;
#138 = CARTESIAN_POINT ( 'NONE',  ( 44.05404104637409546, 220.0000000000000000, -46.85453279873732413 ) ) ;
#139 = CARTESIAN_POINT ( 'NONE',  ( -38.23892409023385142, 225.4591503554690632, 67.54950975679638248 ) ) ;
#140 = ORIENTED_EDGE ( 'NONE', *, *, #1120, .T. ) ;
#141 =( BOUNDED_CURVE ( )  B_SPLINE_CURVE ( 3, ( #2223, #1208, #2418, #1605 ),
 .UNSPECIFIED., .F., .T. ) 
 B_SPLINE_CURVE_WITH_KNOTS ( ( 4, 4 ),
 ( 4.712388980384684345, 6.283185307179586232 ),
 .UNSPECIFIED. ) 
 CURVE ( )  GEOMETRIC_REPRESENTATION_ITEM ( )  RATIONAL_B_SPLINE_CURVE ( ( 1.000000000000000000, 0.8047378541243637162, 0.8047378541243637162, 1.000000000000000000 ) ) 
 REPRESENTATION_ITEM ( '' )  );
#142 = EDGE_CURVE ( 'NONE', #1877, #614, #1480, .T. ) ;
#143 = CARTESIAN_POINT ( 'NONE',  ( -39.40616053589472756, 222.8253236476121799, 67.43493527047756686 ) ) ;
#144 = EDGE_CURVE ( 'NONE', #787, #2300, #1228, .T. ) ;
#145 = VERTEX_POINT ( 'NONE', #662 ) ;
#146 = DIRECTION ( 'NONE',  ( -1.000000000000000000, 0.000000000000000000, 0.000000000000000000 ) ) ;
#147 = EDGE_CURVE ( 'NONE', #1556, #2145, #1401, .T. ) ;
#148 = CARTESIAN_POINT ( 'NONE',  ( -36.71197629256896988, 225.1449134252497402, 47.99999999999999289 ) ) ;
#149 = CARTESIAN_POINT ( 'NONE',  ( -44.20792642066475508, 220.0000000000000000, -46.85453279874235477 ) ) ;
#150 = ORIENTED_EDGE ( 'NONE', *, *, #2471, .F. ) ;
#151 = CARTESIAN_POINT ( 'NONE',  ( -38.20530825867069780, 225.4522324138508509, -67.56362753677828437 ) ) ;
#152 = CARTESIAN_POINT ( 'NONE',  ( 39.28434172929515000, 222.7901257955055030, -67.44197484089890793 ) ) ;
#153 = ORIENTED_EDGE ( 'NONE', *, *, #2557, .F. ) ;
#154 = EDGE_CURVE ( 'NONE', #828, #1096, #843, .T. ) ;
#155 = VERTEX_POINT ( 'NONE', #1723 ) ;
#156 = CARTESIAN_POINT ( 'NONE',  ( -35.53548541563034036, 220.0386996285300256, 67.99226007427790819 ) ) ;
#157 = LINE ( 'NONE', #2015, #2350 ) ;
#158 = CYLINDRICAL_SURFACE ( 'NONE', #2186, 70.53900802632479383 ) ;
#159 = B_SPLINE_CURVE_WITH_KNOTS ( 'NONE', 3,
 ( #109, #275, #884, #660, #1910, #1310 ),
 .UNSPECIFIED., .F., .F.,
 ( 4, 2, 4 ),
 ( 0.000000000000000000, 0.002077746038033232920, 0.004155492076066465840 ),
 .UNSPECIFIED. ) ;
#160 = EDGE_CURVE ( 'NONE', #1072, #1194, #1501, .T. ) ;
#161 = CARTESIAN_POINT ( 'NONE',  ( -39.69187048580802468, 220.0000000000000000, -51.09912636465998759 ) ) ;
#162 = ORIENTED_EDGE ( 'NONE', *, *, #2081, .T. ) ;
#163 = CYLINDRICAL_SURFACE ( 'NONE', #1356, 5.000000000000000888 ) ;
#164 = DIRECTION ( 'NONE',  ( -0.000000000000000000, -1.000000000000000000, -0.000000000000000000 ) ) ;
#165 = ORIENTED_EDGE ( 'NONE', *, *, #1819, .T. ) ;
#166 = CARTESIAN_POINT ( 'NONE',  ( 57.87621060479107626, 316.5117997281915905, 68.00000000000000000 ) ) ;
#167 = VERTEX_POINT ( 'NONE', #1519 ) ;
#168 = DIRECTION ( 'NONE',  ( 0.000000000000000000, 0.000000000000000000, 1.000000000000000000 ) ) ;
#169 = CARTESIAN_POINT ( 'NONE',  ( 40.00000000000000711, 219.9999999999999716, 52.99999999999998579 ) ) ;
#170 = AXIS2_PLACEMENT_3D ( 'NONE', #781, #540, #1962 ) ;
#171 = CARTESIAN_POINT ( 'NONE',  ( -51.96152422706635576, 220.0000000000000000, -29.99999999999996447 ) ) ;
#172 = CIRCLE ( 'NONE', #2353, 65.53900802632477962 ) ;
#173 = CARTESIAN_POINT ( 'NONE',  ( -44.96797913068882480, 220.0000000000000000, -47.96381019828805847 ) ) ;
#174 = EDGE_CURVE ( 'NONE', #297, #1595, #888, .T. ) ;
#175 = ORIENTED_EDGE ( 'NONE', *, *, #556, .T. ) ;
#176 = AXIS2_PLACEMENT_3D ( 'NONE', #1063, #2480, #350 ) ;
#177 = CARTESIAN_POINT ( 'NONE',  ( -41.01942761637997137, 226.0313617263770141, -64.87713109306984904 ) ) ;
#178 = CARTESIAN_POINT ( 'NONE',  ( -12.66279742153371402, 316.5117997281915905, 53.00000000000000000 ) ) ;
#179 = AXIS2_PLACEMENT_3D ( 'NONE', #441, #1247, #25 ) ;
#180 = EDGE_CURVE ( 'NONE', #1204, #1753, #1330, .T. ) ;
#181 = ORIENTED_EDGE ( 'NONE', *, *, #1798, .F. ) ;
#182 = CARTESIAN_POINT ( 'NONE',  ( -46.15345844831852418, 220.0000000000000000, -64.67959015213031648 ) ) ;
#183 = CIRCLE ( 'NONE', #1862, 4.999999999999997335 ) ;
#184 = EDGE_LOOP ( 'NONE', ( #2041, #1504, #879, #464 ) ) ;
#185 = CYLINDRICAL_SURFACE ( 'NONE', #1279, 5.000000000000004441 ) ;
#186 = CARTESIAN_POINT ( 'NONE',  ( 40.00000000000000000, 220.0000000000000000, -68.00000000000000000 ) ) ;
#187 = CARTESIAN_POINT ( 'NONE',  ( 46.09690777867040623, 220.0000000000000000, 0.000000000000000000 ) ) ;
#188 = CARTESIAN_POINT ( 'NONE',  ( -40.00000000000908074, 219.9999999999999716, -52.53242372859138243 ) ) ;
#189 = EDGE_CURVE ( 'NONE', #108, #51, #2039, .T. ) ;
#190 = CARTESIAN_POINT ( 'NONE',  ( -45.33503275365590923, 220.0000000000000284, 65.91871206360650604 ) ) ;
#191 = DIRECTION ( 'NONE',  ( 0.000000000000000000, 0.000000000000000000, -1.000000000000000000 ) ) ;
#192 = EDGE_CURVE ( 'NONE', #1032, #675, #777, .T. ) ;
#193 = CARTESIAN_POINT ( 'NONE',  ( -38.00720461633711977, 220.0000000000000284, 67.10981800104937633 ) ) ;
#194 = ORIENTED_EDGE ( 'NONE', *, *, #1277, .F. ) ;
#195 = CARTESIAN_POINT ( 'NONE',  ( 35.89956074332287272, 225.0000000000000000, -43.00000000000000000 ) ) ;
#196 = ORIENTED_EDGE ( 'NONE', *, *, #2060, .T. ) ;
#197 = CARTESIAN_POINT ( 'NONE',  ( -36.94116600812074580, 222.7183481568377204, 67.80900547708901627 ) ) ;
#198 = CARTESIAN_POINT ( 'NONE',  ( 45.83149812941196899, 220.0000000000000000, 50.38252115440062795 ) ) ;
#199 = CARTESIAN_POINT ( 'NONE',  ( -40.70744234664976346, 225.9671569817216152, 50.48190509914618929 ) ) ;
#200 = CARTESIAN_POINT ( 'NONE',  ( -46.26222609309478884, 220.0000000000000000, -51.69076705392041760 ) ) ;
#201 = CARTESIAN_POINT ( 'NONE',  ( 35.36651205761522476, 220.5628363835707262, -67.99999999999998579 ) ) ;
#202 = CARTESIAN_POINT ( 'NONE',  ( -38.71374895261017457, 219.9999999999999716, -66.49779947358420884 ) ) ;
#203 = EDGE_CURVE ( 'NONE', #614, #2067, #1683, .T. ) ;
#204 = CARTESIAN_POINT ( 'NONE',  ( 41.67271135536957161, 220.6763820459264593, -67.86472359081467687 ) ) ;
#205 = ORIENTED_EDGE ( 'NONE', *, *, #494, .F. ) ;
#206 = CARTESIAN_POINT ( 'NONE',  ( 51.60784846228704481, 303.6803675886687870, 48.00000000000000000 ) ) ;
#207 = EDGE_LOOP ( 'NONE', ( #2346, #535, #734, #2072 ) ) ;
#208 = EDGE_CURVE ( 'NONE', #1825, #546, #536, .T. ) ;
#209 = CARTESIAN_POINT ( 'NONE',  ( 56.51108455170156475, 302.7014519378270165, -63.00000000000000000 ) ) ;
#210 = DIRECTION ( 'NONE',  ( -0.000000000000000000, -0.000000000000000000, -1.000000000000000000 ) ) ;
#211 = CARTESIAN_POINT ( 'NONE',  ( 37.68820990244861235, 220.6185414003107326, -67.87629171993786770 ) ) ;
#212 = CARTESIAN_POINT ( 'NONE',  ( 44.98873492010942954, 220.0000000000000000, -67.63376848411927256 ) ) ;
#213 = CARTESIAN_POINT ( 'NONE',  ( -12.66279742153371402, 316.5117997281915905, -68.00000000000000000 ) ) ;
#214 = CARTESIAN_POINT ( 'NONE',  ( -34.98518057126455005, 220.4950975679639669, -67.99999999999998579 ) ) ;
#215 = CIRCLE ( 'NONE', #1520, 70.53900802632479383 ) ;
#216 = CARTESIAN_POINT ( 'NONE',  ( -45.14785132534724710, 220.0000000000000000, 67.63376848411010656 ) ) ;
#217 = VECTOR ( 'NONE', #771, 1000.000000000000000 ) ;
#218 = ORIENTED_EDGE ( 'NONE', *, *, #2093, .T. ) ;
#219 = CARTESIAN_POINT ( 'NONE',  ( 41.19367168925587919, 225.9789156508417705, 63.00000000000001421 ) ) ;
#220 = CIRCLE ( 'NONE', #96, 5.000000000000000888 ) ;
#221 = EDGE_LOOP ( 'NONE', ( #1956, #1808, #1326, #2586 ) ) ;
#222 = CIRCLE ( 'NONE', #1646, 80.00000000000001421 ) ;
#223 = CARTESIAN_POINT ( 'NONE',  ( -39.40616053589472756, 222.8253236476121799, -67.43493527047756686 ) ) ;
#224 = AXIS2_PLACEMENT_3D ( 'NONE', #1167, #1960, #586 ) ;
#225 = ADVANCED_FACE ( 'NONE', ( #1924 ), #1299, .T. ) ;
#226 = CARTESIAN_POINT ( 'NONE',  ( -40.30879267189120441, 225.8851172091538047, 49.92726639937357191 ) ) ;
#227 = ORGANIZATION ( 'UNSPECIFIED', 'UNSPECIFIED', '' ) ;
#228 = CARTESIAN_POINT ( 'NONE',  ( 38.17839500330556035, 225.1843500068704031, -67.49607026155727851 ) ) ;
#229 = CARTESIAN_POINT ( 'NONE',  ( -65.77206906225285366, 220.4950975679639384, -68.00000000000000000 ) ) ;
#230 = CARTESIAN_POINT ( 'NONE',  ( -36.94116600809734052, 222.7183481568053480, -67.80900547709242687 ) ) ;
#231 = CARTESIAN_POINT ( 'NONE',  ( -34.98518057126455716, 219.5145168922730363, 68.09709662154538989 ) ) ;
#232 = ORIENTED_EDGE ( 'NONE', *, *, #306, .T. ) ;
#233 = CARTESIAN_POINT ( 'NONE',  ( 39.99999999994349764, 220.0000000000000000, 63.36234499665798836 ) ) ;
#234 = EDGE_LOOP ( 'NONE', ( #561, #1540, #1250, #2037, #287 ) ) ;
#235 = DIRECTION ( 'NONE',  ( 1.000000000000000000, 0.000000000000000000, 0.000000000000000000 ) ) ;
#236 = CARTESIAN_POINT ( 'NONE',  ( -41.17212828870177077, 220.0000000000000000, 44.26213611565781036 ) ) ;
#237 = DIRECTION ( 'NONE',  ( 1.000000000000000000, 0.000000000000000000, 0.000000000000000000 ) ) ;
#238 = DIRECTION ( 'NONE',  ( 0.000000000000000000, 0.000000000000000000, -1.000000000000000000 ) ) ;
#239 = EDGE_CURVE ( 'NONE', #989, #1616, #465, .T. ) ;
#240 = CARTESIAN_POINT ( 'NONE',  ( 38.09568175480106333, 225.4060771017520608, -67.54950975679639669 ) ) ;
#241 = ORIENTED_EDGE ( 'NONE', *, *, #1711, .F. ) ;
#242 = CARTESIAN_POINT ( 'NONE',  ( 39.96494344970551538, 220.0000000000000284, 63.72408807412780618 ) ) ;
#243 = CC_DESIGN_PERSON_AND_ORGANIZATION_ASSIGNMENT ( #1113, #106, ( #1907 ) ) ;
#244 = VERTEX_POINT ( 'NONE', #1089 ) ;
#245 = CARTESIAN_POINT ( 'NONE',  ( 41.87302833640440269, 220.0000000000000000, 42.99999999999999289 ) ) ;
#246 = DIRECTION ( 'NONE',  ( 0.000000000000000000, 0.000000000000000000, -1.000000000000000000 ) ) ;
#247 = CARTESIAN_POINT ( 'NONE',  ( 38.32086798274730199, 220.0000000000187583, 49.11736136736625014 ) ) ;
#248 = ORIENTED_EDGE ( 'NONE', *, *, #2050, .T. ) ;
#249 = CARTESIAN_POINT ( 'NONE',  ( 38.27754266507966463, 219.9999999999590443, -66.89301723914937270 ) ) ;
#250 = FACE_OUTER_BOUND ( 'NONE', #693, .T. ) ;
#251 = DIRECTION ( 'NONE',  ( -0.000000000000000000, -0.000000000000000000, 1.000000000000000000 ) ) ;
#252 = ADVANCED_FACE ( 'NONE', ( #2473 ), #1938, .T. ) ;
#253 = ORIENTED_EDGE ( 'NONE', *, *, #1711, .T. ) ;
#254 = CARTESIAN_POINT ( 'NONE',  ( 38.95861503189213693, 225.5656390941679774, 67.10884457425895278 ) ) ;
#255 = CIRCLE ( 'NONE', #1055, 4.999999999999996447 ) ;
#256 = ORIENTED_EDGE ( 'NONE', *, *, #2294, .F. ) ;
#257 = CIRCLE ( 'NONE', #1444, 5.000000000000000888 ) ;
#258 = CARTESIAN_POINT ( 'NONE',  ( -15.05348396985809423, 160.0000000000000000, -80.00000000000001421 ) ) ;
#259 = LINE ( 'NONE', #1414, #1904 ) ;
#260 = AXIS2_PLACEMENT_3D ( 'NONE', #793, #1555, #809 ) ;
#261 = ORIENTED_EDGE ( 'NONE', *, *, #673, .F. ) ;
#262 = CARTESIAN_POINT ( 'NONE',  ( -41.70899292849296813, 220.7349201052609260, -67.85301597894780912 ) ) ;
#263 = CIRCLE ( 'NONE', #1734, 5.000000000000010658 ) ;
#264 = DIRECTION ( 'NONE',  ( -0.000000000000000000, -1.000000000000000000, -0.000000000000000000 ) ) ;
#265 = CARTESIAN_POINT ( 'NONE',  ( -2.775557561562891351E-14, 159.9999999999999716, -80.00000000000000000 ) ) ;
#266 = DIRECTION ( 'NONE',  ( 1.000000000000000000, 0.000000000000000000, -0.000000000000000000 ) ) ;
#267 = ADVANCED_FACE ( 'NONE', ( #2280 ), #1090, .T. ) ;
#268 = ORIENTED_EDGE ( 'NONE', *, *, #572, .F. ) ;
#269 = LINE ( 'NONE', #1235, #679 ) ;
#270 = ORIENTED_EDGE ( 'NONE', *, *, #831, .F. ) ;
#271 = DIRECTION ( 'NONE',  ( 1.000000000000000000, 0.000000000000000000, 0.000000000000000000 ) ) ;
#272 = DATE_AND_TIME ( #920, #1823 ) ;
#273 = DIRECTION ( 'NONE',  ( -0.000000000000000000, -0.000000000000000000, -1.000000000000000000 ) ) ;
#274 = VERTEX_POINT ( 'NONE', #1508 ) ;
#275 = CARTESIAN_POINT ( 'NONE',  ( 45.16421598904796042, 219.9999999999999716, 66.03543893068997761 ) ) ;
#276 = CARTESIAN_POINT ( 'NONE',  ( -39.40616053589472756, 222.8253236476121799, 67.43493527047756686 ) ) ;
#277 = FACE_OUTER_BOUND ( 'NONE', #2003, .T. ) ;
#278 = CARTESIAN_POINT ( 'NONE',  ( 35.49393018878911477, 222.9682597042463215, -48.00000000000000000 ) ) ;
#279 = ORIENTED_EDGE ( 'NONE', *, *, #818, .T. ) ;
#280 = DIRECTION ( 'NONE',  ( 0.000000000000000000, 0.000000000000000000, 1.000000000000000000 ) ) ;
#281 = ADVANCED_FACE ( 'NONE', ( #277 ), #1496, .F. ) ;
#282 = VERTEX_POINT ( 'NONE', #305 ) ;
#283 = EDGE_CURVE ( 'NONE', #1825, #2259, #1039, .T. ) ;
#284 = FACE_OUTER_BOUND ( 'NONE', #1234, .T. ) ;
#285 = DIRECTION ( 'NONE',  ( 1.000000000000000000, 0.000000000000000000, 0.000000000000000000 ) ) ;
#286 = DIRECTION ( 'NONE',  ( 1.000000000000000000, 0.000000000000000000, 0.000000000000000000 ) ) ;
#287 = ORIENTED_EDGE ( 'NONE', *, *, #1467, .F. ) ;
#288 = DIRECTION ( 'NONE',  ( -1.000000000000000000, 0.000000000000000000, 0.000000000000000000 ) ) ;
#289 = APPLICATION_CONTEXT ( 'configuration controlled 3d designs of mechanical parts and assemblies' ) ;
#290 = CARTESIAN_POINT ( 'NONE',  ( 41.87302833640437427, 219.9999999999999716, -42.99999999999999289 ) ) ;
#291 = CARTESIAN_POINT ( 'NONE',  ( 39.04574299082317879, 223.2092774586124619, 67.35814450827750477 ) ) ;
#292 = CARTESIAN_POINT ( 'NONE',  ( 0.000000000000000000, 144.9999999999999716, 0.000000000000000000 ) ) ;
#293 = ORIENTED_EDGE ( 'NONE', *, *, #1633, .F. ) ;
#294 = DIRECTION ( 'NONE',  ( -1.000000000000000000, 0.000000000000000000, 0.000000000000000000 ) ) ;
#295 = CIRCLE ( 'NONE', #2229, 65.53900802632477962 ) ;
#296 = AXIS2_PLACEMENT_3D ( 'NONE', #70, #873, #713 ) ;
#297 = VERTEX_POINT ( 'NONE', #2537 ) ;
#298 = AXIS2_PLACEMENT_3D ( 'NONE', #1044, #653, #1463 ) ;
#299 = EDGE_CURVE ( 'NONE', #1316, #363, #1568, .T. ) ;
#300 = ORIENTED_EDGE ( 'NONE', *, *, #974, .F. ) ;
#301 = AXIS2_PLACEMENT_3D ( 'NONE', #1705, #2133, #711 ) ;
#302 = CARTESIAN_POINT ( 'NONE',  ( -45.33503275365590923, 220.0000000000000000, -65.91871206360652025 ) ) ;
#303 = VECTOR ( 'NONE', #2525, 1000.000000000000000 ) ;
#304 = FACE_BOUND ( 'NONE', #2272, .T. ) ;
#305 = CARTESIAN_POINT ( 'NONE',  ( 51.96152422706632734, 180.0000000000000000, 30.00000000000000000 ) ) ;
#306 = EDGE_CURVE ( 'NONE', #320, #783, #1158, .T. ) ;
#307 = CARTESIAN_POINT ( 'NONE',  ( 39.44561238408955717, 222.5068180814733694, 67.49863638370533181 ) ) ;
#308 = ORIENTED_EDGE ( 'NONE', *, *, #2023, .T. ) ;
#309 = CARTESIAN_POINT ( 'NONE',  ( 35.00017115330175699, 220.4950975679639384, 73.00000000000001421 ) ) ;
#310 =( BOUNDED_SURFACE ( )  B_SPLINE_SURFACE ( 3, 2, ( 
 ( #366, #169, #1787 ),
 ( #2580, #1592, #2390 ),
 ( #587, #1398, #198 ),
 ( #2000, #999, #1801 ),
 ( #2407, #1415, #1428 ),
 ( #40, #2057, #1441 ),
 ( #457, #247, #1243 ),
 ( #1264, #1630, #1048 ),
 ( #1036, #2431, #2071 ),
 ( #670, #1655, #1476 ) ),
 .UNSPECIFIED., .F., .F., .F. ) 
 B_SPLINE_SURFACE_WITH_KNOTS ( ( 4, 2, 2, 2, 4 ),
 ( 3, 3 ),
 ( 3.141592653589793116, 3.534291735288517255, 3.926990816987241395, 4.319689898685965090, 4.712388980384689674 ),
 ( 0.000000000000000000, 1.000000000000000000 ),
 .UNSPECIFIED. ) 
 GEOMETRIC_REPRESENTATION_ITEM ( )  RATIONAL_B_SPLINE_SURFACE ( (
 ( 1.000000000000000000, 0.6341202054152056400, 1.000000000000000000),
 ( 1.000000000000000000, 0.6341078206139530993, 1.000000000000000000),
 ( 1.000000000000000000, 0.6361375389292842630, 1.000000000000000000),
 ( 1.000000000000000000, 0.6437999386269135371, 1.000000000000000000),
 ( 1.000000000000000000, 0.6494359143061602113, 1.000000000000000000),
 ( 1.000000000000000000, 0.6632410612030675834, 1.000000000000000000),
 ( 1.000000000000000000, 0.6713983178533801111, 1.000000000000000000),
 ( 1.000000000000000000, 0.6888053725900732394, 1.000000000000000000),
 ( 1.000000000000000000, 0.6980477319949520698, 1.000000000000000000),
 ( 1.000000000000000000, 0.7071067811865470176, 1.000000000000000000) ) ) 
 REPRESENTATION_ITEM ( '' )  SURFACE ( )  );
#311 = ORIENTED_EDGE ( 'NONE', *, *, #740, .F. ) ;
#312 = DIRECTION ( 'NONE',  ( -0.1957831301683587155, -0.9806472178829039876, 0.000000000000000000 ) ) ;
#313 = VERTEX_POINT ( 'NONE', #2349 ) ;
#314 = CARTESIAN_POINT ( 'NONE',  ( 42.28642429375448586, 220.4466786921171604, 67.91066426157657077 ) ) ;
#315 = EDGE_CURVE ( 'NONE', #2143, #1848, #2365, .T. ) ;
#316 = CARTESIAN_POINT ( 'NONE',  ( 15.04661015883233510, 159.9999999999999716, -80.00000000000001421 ) ) ;
#317 = DESIGN_CONTEXT ( 'detailed design', #1681, 'design' ) ;
#318 = CARTESIAN_POINT ( 'NONE',  ( 40.33230562983341372, 221.5617015851014457, 67.68765968297974212 ) ) ;
#319 = ADVANCED_FACE ( 'NONE', ( #1788 ), #1724, .T. ) ;
#320 = VERTEX_POINT ( 'NONE', #765 ) ;
#321 = CARTESIAN_POINT ( 'NONE',  ( 41.19367168925587919, 225.9789156508417705, -53.00000000000001421 ) ) ;
#322 = APPROVAL ( #78, 'UNSPECIFIED' ) ;
#323 = ORIENTED_EDGE ( 'NONE', *, *, #2062, .T. ) ;
#324 = APPROVAL_DATE_TIME ( #1918, #1260 ) ;
#325 = CARTESIAN_POINT ( 'NONE',  ( -65.77206906225285366, 243.1856976895368518, -53.00000000000000000 ) ) ;
#326 = ORIENTED_EDGE ( 'NONE', *, *, #1206, .F. ) ;
#327 = DIRECTION ( 'NONE',  ( -0.000000000000000000, -1.000000000000000000, -0.000000000000000000 ) ) ;
#328 = DIRECTION ( 'NONE',  ( -0.000000000000000000, 1.000000000000000000, -0.000000000000000000 ) ) ;
#329 = FACE_OUTER_BOUND ( 'NONE', #2289, .T. ) ;
#330 = FACE_OUTER_BOUND ( 'NONE', #1126, .T. ) ;
#331 = CARTESIAN_POINT ( 'NONE',  ( 37.53402697565216783, 222.0148408584062452, -67.59703182831553647 ) ) ;
#332 = DIRECTION ( 'NONE',  ( 1.224646799147353207E-16, 1.000000000000000000, 0.000000000000000000 ) ) ;
#333 = ADVANCED_FACE ( 'NONE', ( #2162 ), #588, .T. ) ;
#334 = DIRECTION ( 'NONE',  ( -0.1957831301683586878, -0.9806472178829038766, 0.000000000000000000 ) ) ;
#335 = VERTEX_POINT ( 'NONE', #728 ) ;
#336 = EDGE_CURVE ( 'NONE', #335, #2176, #1385, .T. ) ;
#337 = CARTESIAN_POINT ( 'NONE',  ( 51.60784846228703771, 303.6803675886687870, 63.00000000000000000 ) ) ;
#338 = VERTEX_POINT ( 'NONE', #2137 ) ;
#339 = VECTOR ( 'NONE', #1886, 1000.000000000000000 ) ;
#340 = FACE_OUTER_BOUND ( 'NONE', #372, .T. ) ;
#341 = AXIS2_PLACEMENT_3D ( 'NONE', #2574, #784, #191 ) ;
#342 = CARTESIAN_POINT ( 'NONE',  ( -36.00780942298347753, 220.0000000000000000, 43.00000000000000000 ) ) ;
#343 = CIRCLE ( 'NONE', #1816, 5.000000000000004441 ) ;
#344 = DIRECTION ( 'NONE',  ( -1.000000000000000000, 0.000000000000000000, 0.000000000000000000 ) ) ;
#345 = AXIS2_PLACEMENT_3D ( 'NONE', #178, #2218, #2188 ) ;
#346 = CARTESIAN_POINT ( 'NONE',  ( 39.18222012590522496, 222.5479199336927536, -67.49041601326143791 ) ) ;
#347 = FACE_OUTER_BOUND ( 'NONE', #1332, .T. ) ;
#348 = ADVANCED_FACE ( 'NONE', ( #329 ), #2555, .T. ) ;
#349 = AXIS2_PLACEMENT_3D ( 'NONE', #1470, #1067, #2076 ) ;
#350 = DIRECTION ( 'NONE',  ( -0.9751895521416779067, -0.2213714918270048571, 0.000000000000000000 ) ) ;
#351 = ORIENTED_EDGE ( 'NONE', *, *, #1201, .F. ) ;
#352 = ADVANCED_FACE ( 'NONE', ( #1132 ), #158, .T. ) ;
#353 = EDGE_LOOP ( 'NONE', ( #444, #56, #1921, #454 ) ) ;
#354 = DIRECTION ( 'NONE',  ( 0.000000000000000000, -0.000000000000000000, 1.000000000000000000 ) ) ;
#355 = CARTESIAN_POINT ( 'NONE',  ( -34.87279166494434435, 220.0000000000000000, -43.00000000000000000 ) ) ;
#356 = FACE_OUTER_BOUND ( 'NONE', #1274, .T. ) ;
#357 = ORIENTED_EDGE ( 'NONE', *, *, #380, .T. ) ;
#358 = DIRECTION ( 'NONE',  ( -0.000000000000000000, -0.000000000000000000, -1.000000000000000000 ) ) ;
#359 = PRODUCT_DEFINITION_SHAPE ( 'NONE', 'NONE',  #1766 ) ;
#360 = CYLINDRICAL_SURFACE ( 'NONE', #1818, 60.00000000000001421 ) ;
#361 = ORIENTED_EDGE ( 'NONE', *, *, #100, .F. ) ;
#362 = EDGE_CURVE ( 'NONE', #1715, #167, #87, .T. ) ;
#363 = VERTEX_POINT ( 'NONE', #2378 ) ;
#364 = EDGE_CURVE ( 'NONE', #244, #2322, #938, .T. ) ;
#365 = CARTESIAN_POINT ( 'NONE',  ( -35.12405223929160769, 221.1068574591350284, -63.00000000000000000 ) ) ;
#366 = CARTESIAN_POINT ( 'NONE',  ( 41.19367168925588629, 225.9789156508417705, 53.00000000000000000 ) ) ;
#367 = CARTESIAN_POINT ( 'NONE',  ( 40.03863423588911274, 225.7653416906516100, 66.71292917940918699 ) ) ;
#368 = CARTESIAN_POINT ( 'NONE',  ( 0.000000000000000000, 160.0000000000000000, 0.000000000000000000 ) ) ;
#369 = CARTESIAN_POINT ( 'NONE',  ( -44.73317318969648682, 220.0676114652485182, 66.32848839974475652 ) ) ;
#370 = CARTESIAN_POINT ( 'NONE',  ( 57.87621060479107626, 316.5117997281915905, 63.00000000000000000 ) ) ;
#371 = CARTESIAN_POINT ( 'NONE',  ( 41.09690777867039202, 225.0000000000000000, -53.00000000000000000 ) ) ;
#372 = EDGE_LOOP ( 'NONE', ( #912, #65, #720, #1200, #2086 ) ) ;
#373 = DIRECTION ( 'NONE',  ( 0.000000000000000000, 0.000000000000000000, 1.000000000000000000 ) ) ;
#374 = ORIENTED_EDGE ( 'NONE', *, *, #1272, .T. ) ;
#375 = EDGE_CURVE ( 'NONE', #155, #783, #2313, .T. ) ;
#376 = CARTESIAN_POINT ( 'NONE',  ( -46.26222609309478884, 220.0000000000000000, 63.84314430020933173 ) ) ;
#377 = CARTESIAN_POINT ( 'NONE',  ( 35.00017115330179962, 219.5145168922730363, -68.09709662154538989 ) ) ;
#378 = AXIS2_PLACEMENT_3D ( 'NONE', #2290, #488, #1707 ) ;
#379 = CARTESIAN_POINT ( 'NONE',  ( 56.51108455170156475, 302.7014519378270165, -68.00000000000000000 ) ) ;
#380 = EDGE_CURVE ( 'NONE', #1462, #1404, #957, .T. ) ;
#381 = CIRCLE ( 'NONE', #1727, 7.500000000000000000 ) ;
#382 = VERTEX_POINT ( 'NONE', #1350 ) ;
#383 = AXIS2_PLACEMENT_3D ( 'NONE', #534, #1944, #868 ) ;
#384 = CARTESIAN_POINT ( 'NONE',  ( -45.56280026001851979, 220.0000000000000000, -66.75426218613529272 ) ) ;
#385 = ADVANCED_FACE ( 'NONE', ( #987 ), #1321, .F. ) ;
#386 = CARTESIAN_POINT ( 'NONE',  ( -39.23770042721298523, 220.0000000000000000, 65.81222605021886807 ) ) ;
#387 = ORIENTED_EDGE ( 'NONE', *, *, #851, .F. ) ;
#388 = CARTESIAN_POINT ( 'NONE',  ( 0.000000000000000000, 159.9999999999999716, 0.000000000000000000 ) ) ;
#389 = CC_DESIGN_APPROVAL ( #322, ( #2494 ) ) ;
#390 = ORIENTED_EDGE ( 'NONE', *, *, #705, .F. ) ;
#391 = DIRECTION ( 'NONE',  ( -0.000000000000000000, -0.000000000000000000, -1.000000000000000000 ) ) ;
#392 = CARTESIAN_POINT ( 'NONE',  ( -34.98518057126455005, 220.4950975679639669, 67.99999999999998579 ) ) ;
#393 = DIRECTION ( 'NONE',  ( 0.000000000000000000, 0.000000000000000000, 1.000000000000000000 ) ) ;
#394 = CARTESIAN_POINT ( 'NONE',  ( 38.95861503189087927, 225.5656390941688869, -67.10884457426017491 ) ) ;
#395 = ADVANCED_FACE ( 'NONE', ( #1400 ), #806, .T. ) ;
#396 = CARTESIAN_POINT ( 'NONE',  ( -35.75796324180613794, 220.6541317238895772, -67.99999999999998579 ) ) ;
#397 = CARTESIAN_POINT ( 'NONE',  ( -36.24308294914610684, 219.5145168922730932, -68.09709662154538989 ) ) ;
#398 = DIRECTION ( 'NONE',  ( -1.000000000000000000, 0.000000000000000000, 0.000000000000000000 ) ) ;
#399 = CARTESIAN_POINT ( 'NONE',  ( -41.93303796688817897, 220.0000000000000000, 71.21768914852196986 ) ) ;
#400 = EDGE_CURVE ( 'NONE', #382, #363, #2232, .T. ) ;
#401 = ORIENTED_EDGE ( 'NONE', *, *, #2557, .T. ) ;
#402 = CARTESIAN_POINT ( 'NONE',  ( 0.000000000000000000, 180.0000000000000000, 0.000000000000000000 ) ) ;
#403 = ORIENTED_EDGE ( 'NONE', *, *, #1495, .F. ) ;
#404 = CARTESIAN_POINT ( 'NONE',  ( 57.87621060479107626, 316.5117997281915905, -68.00000000000000000 ) ) ;
#405 = CARTESIAN_POINT ( 'NONE',  ( 38.09568175480106333, 225.4060771017520608, -67.54950975679639669 ) ) ;
#406 = CARTESIAN_POINT ( 'NONE',  ( 35.49393018878914319, 222.9682597042463215, -53.00000000000000000 ) ) ;
#407 = CARTESIAN_POINT ( 'NONE',  ( 40.61834655418059725, 225.8725342801421334, -65.31688424206184607 ) ) ;
#408 = CARTESIAN_POINT ( 'NONE',  ( 38.83352237107211380, 223.6364105672633400, -67.33098987406980029 ) ) ;
#409 = ORIENTED_EDGE ( 'NONE', *, *, #1699, .T. ) ;
#410 = DIRECTION ( 'NONE',  ( -1.000000000000000000, 2.220446049250312292E-15, 0.000000000000000000 ) ) ;
#411 = DIRECTION ( 'NONE',  ( -1.000000000000000000, 0.000000000000000000, 0.000000000000000000 ) ) ;
#412 = CARTESIAN_POINT ( 'NONE',  ( -34.87279166494434435, 225.0000000000000000, 48.00000000000000000 ) ) ;
#413 = MANIFOLD_SOLID_BREP ( 'Boss-Extrude9', #1722 ) ;
#414 = ORIENTED_EDGE ( 'NONE', *, *, #2310, .F. ) ;
#415 = ADVANCED_FACE ( 'NONE', ( #437 ), #2125, .F. ) ;
#416 = ORIENTED_EDGE ( 'NONE', *, *, #562, .F. ) ;
#417 =( BOUNDED_SURFACE ( )  B_SPLINE_SURFACE ( 3, 2, ( 
 ( #1791, #1779, #543 ),
 ( #2573, #2583, #346 ),
 ( #794, #331, #1135 ),
 ( #44, #1431, #1003 ),
 ( #201, #2049, #33 ),
 ( #844, #2063, #2434 ) ),
 .UNSPECIFIED., .F., .F., .F. ) 
 B_SPLINE_SURFACE_WITH_KNOTS ( ( 4, 2, 4 ),
 ( 3, 3 ),
 ( 0.2554725723075125798, 0.2977186977239583143, 0.3399648231404040488 ),
 ( 0.000000000000000000, 1.000000000000000000 ),
 .UNSPECIFIED. ) 
 GEOMETRIC_REPRESENTATION_ITEM ( )  RATIONAL_B_SPLINE_SURFACE ( (
 ( 1.000000000000000000, 0.9682836535842015424, 1.000000000000000000),
 ( 1.000000000000000000, 0.9766680410785337774, 1.000000000000000000),
 ( 1.000000000000000000, 0.9830893748466886795, 1.000000000000000000),
 ( 1.000000000000000000, 0.9919897178476142496, 1.000000000000000000),
 ( 1.000000000000000000, 0.9944700967311226325, 1.000000000000000000),
 ( 1.000000000000000000, 0.9951333266680700840, 1.000000000000000000) ) ) 
 REPRESENTATION_ITEM ( '' )  SURFACE ( )  );
#418 = FACE_OUTER_BOUND ( 'NONE', #849, .T. ) ;
#419 = DIRECTION ( 'NONE',  ( -1.000000000000000000, 0.000000000000000000, 0.000000000000000000 ) ) ;
#420 = CARTESIAN_POINT ( 'NONE',  ( 39.36892909179608324, 220.0000000000132445, -65.54495904202731538 ) ) ;
#421 = CARTESIAN_POINT ( 'NONE',  ( 35.00017115330175699, 220.4950975679639384, 68.00000000000000000 ) ) ;
#422 = AXIS2_PLACEMENT_3D ( 'NONE', #577, #1543, #553 ) ;
#423 = CARTESIAN_POINT ( 'NONE',  ( 56.51108455170156475, 302.7014519378270165, 53.00000000000000000 ) ) ;
#424 =( BOUNDED_SURFACE ( )  B_SPLINE_SURFACE ( 3, 2, ( 
 ( #1978, #1371, #1763 ),
 ( #560, #2204, #2020 ),
 ( #1005, #2575, #786 ),
 ( #1163, #1389, #2370 ),
 ( #595, #1409, #216 ),
 ( #1019, #773, #1379 ),
 ( #1967, #386, #1613 ),
 ( #2356, #963, #399 ),
 ( #612, #1422, #1807 ),
 ( #1203, #193, #2166 ) ),
 .UNSPECIFIED., .F., .F., .F. ) 
 B_SPLINE_SURFACE_WITH_KNOTS ( ( 4, 2, 2, 2, 4 ),
 ( 3, 3 ),
 ( 3.141592653589793116, 3.429069134588987211, 3.716545615588181750, 4.004022096587376289, 4.291498577586570384 ),
 ( 0.000000000000000000, 1.000000000000000000 ),
 .UNSPECIFIED. ) 
 GEOMETRIC_REPRESENTATION_ITEM ( )  RATIONAL_B_SPLINE_SURFACE ( (
 ( 1.000000000000000000, 0.6239505221461861817, 1.000000000000000000),
 ( 1.000000000000000000, 0.6239461570614671659, 1.000000000000000000),
 ( 1.000000000000000000, 0.6251839486002795931, 1.000000000000000000),
 ( 1.000000000000000000, 0.6299758471030575402, 1.000000000000000000),
 ( 1.000000000000000000, 0.6335323178189313786, 1.000000000000000000),
 ( 1.000000000000000000, 0.6425719768267177390, 1.000000000000000000),
 ( 1.000000000000000000, 0.6480520916612720894, 1.000000000000000000),
 ( 1.000000000000000000, 0.6603644666620090975, 1.000000000000000000),
 ( 1.000000000000000000, 0.6671931446864006743, 1.000000000000000000),
 ( 1.000000000000000000, 0.6743713803349872249, 1.000000000000000000) ) ) 
 REPRESENTATION_ITEM ( '' )  SURFACE ( )  );
#425 = CARTESIAN_POINT ( 'NONE',  ( -38.26359133024394765, 225.5151078156574727, -67.54417230367594982 ) ) ;
#426 = CARTESIAN_POINT ( 'NONE',  ( -54.04027018385617254, 259.3833794704846696, -63.00000000000000000 ) ) ;
#427 = AXIS2_PLACEMENT_3D ( 'NONE', #1694, #2497, #1503 ) ;
#428 = VERTEX_POINT ( 'NONE', #2499 ) ;
#429 = CARTESIAN_POINT ( 'NONE',  ( -46.26222609309478884, 220.0000000000000000, 47.14213562373094391 ) ) ;
#430 = EDGE_CURVE ( 'NONE', #1192, #563, #159, .T. ) ;
#431 = VECTOR ( 'NONE', #1834, 1000.000000000000114 ) ;
#432 = VERTEX_POINT ( 'NONE', #1076 ) ;
#433 = VECTOR ( 'NONE', #1803, 1000.000000000000000 ) ;
#434 = DIRECTION ( 'NONE',  ( -0.000000000000000000, 0.000000000000000000, -1.000000000000000000 ) ) ;
#435 = AXIS2_PLACEMENT_3D ( 'NONE', #1087, #328, #1131 ) ;
#436 = CARTESIAN_POINT ( 'NONE',  ( 36.80858476802288237, 222.2979905397394589, -67.84752051688292340 ) ) ;
#437 = FACE_OUTER_BOUND ( 'NONE', #2334, .T. ) ;
#438 = LOCAL_TIME ( 19, 32, 5.000000000000000000, #1666 ) ;
#439 = CARTESIAN_POINT ( 'NONE',  ( 38.53817774929736828, 224.2942668045945140, -67.35987927407171583 ) ) ;
#440 = DIRECTION ( 'NONE',  ( -0.000000000000000000, -0.000000000000000000, -1.000000000000000000 ) ) ;
#441 = CARTESIAN_POINT ( 'NONE',  ( -78.20180544785850429, 316.5117997281915905, 63.00000000000000000 ) ) ;
#442 = EDGE_LOOP ( 'NONE', ( #1835, #941, #1291, #708 ) ) ;
#443 = CARTESIAN_POINT ( 'NONE',  ( 34.90132648232621904, 220.4950975679639384, 68.00000000000000000 ) ) ;
#444 = ORIENTED_EDGE ( 'NONE', *, *, #954, .F. ) ;
#445 = CARTESIAN_POINT ( 'NONE',  ( 46.09690777867040623, 225.0000000000000000, 63.00000000000000000 ) ) ;
#446 = CARTESIAN_POINT ( 'NONE',  ( 52.87621060479106916, 316.5117997281915905, 68.00000000000000000 ) ) ;
#447 = EDGE_CURVE ( 'NONE', #1535, #787, #2148, .T. ) ;
#448 = CARTESIAN_POINT ( 'NONE',  ( 39.72914442163273918, 225.7081150049853875, -66.48540927082893859 ) ) ;
#449 = DIRECTION ( 'NONE',  ( 0.000000000000000000, 0.000000000000000000, -1.000000000000000000 ) ) ;
#450 = LINE ( 'NONE', #229, #2522 ) ;
#451 = DIRECTION ( 'NONE',  ( -0.000000000000000000, -0.000000000000000000, -1.000000000000000000 ) ) ;
#452 = ORIENTED_EDGE ( 'NONE', *, *, #747, .T. ) ;
#453 = FACE_OUTER_BOUND ( 'NONE', #1123, .T. ) ;
#454 = ORIENTED_EDGE ( 'NONE', *, *, #2023, .F. ) ;
#455 = LINE ( 'NONE', #67, #1856 ) ;
#456 = FACE_OUTER_BOUND ( 'NONE', #4, .T. ) ;
#457 = CARTESIAN_POINT ( 'NONE',  ( 38.56577549885229672, 225.4930005017455414, 48.63106805782585695 ) ) ;
#458 = ORIENTED_EDGE ( 'NONE', *, *, #1959, .F. ) ;
#459 = CARTESIAN_POINT ( 'NONE',  ( -12.66279742153371402, 316.5117997281915905, 68.00000000000000000 ) ) ;
#460 = EDGE_CURVE ( 'NONE', #2322, #1192, #1838, .T. ) ;
#461 = CYLINDRICAL_SURFACE ( 'NONE', #1187, 4.999999999999997335 ) ;
#462 = DIRECTION ( 'NONE',  ( 1.000000000000000000, 0.000000000000000000, 0.000000000000000000 ) ) ;
#463 = CARTESIAN_POINT ( 'NONE',  ( -51.96152422706632734, 220.0000000000000000, 30.00000000000000000 ) ) ;
#464 = ORIENTED_EDGE ( 'NONE', *, *, #1541, .T. ) ;
#465 = CIRCLE ( 'NONE', #2348, 5.000000000000004441 ) ;
#466 = DIRECTION ( 'NONE',  ( 0.000000000000000000, -0.000000000000000000, 1.000000000000000000 ) ) ;
#467 = AXIS2_PLACEMENT_3D ( 'NONE', #1751, #358, #398 ) ;
#468 = VERTEX_POINT ( 'NONE', #1266 ) ;
#469 = AXIS2_PLACEMENT_3D ( 'NONE', #53, #628, #1639 ) ;
#470 = DIRECTION ( 'NONE',  ( -0.2213714918270059950, 0.9751895521416775736, -0.000000000000000000 ) ) ;
#471 = COORDINATED_UNIVERSAL_TIME_OFFSET ( 1, 0, .AHEAD. ) ;
#472 = CARTESIAN_POINT ( 'NONE',  ( -46.26222609309478884, 225.0000000000000000, -63.00000000000000000 ) ) ;
#473 = AXIS2_PLACEMENT_3D ( 'NONE', #1545, #1509, #2490 ) ;
#474 = ORIENTED_EDGE ( 'NONE', *, *, #154, .F. ) ;
#475 = CARTESIAN_POINT ( 'NONE',  ( 45.97587334959899152, 220.0000000000000000, 64.77644339092186954 ) ) ;
#476 = CIRCLE ( 'NONE', #2157, 5.000000000000003553 ) ;
#477 = CARTESIAN_POINT ( 'NONE',  ( 57.87621060479107626, 316.5117997281915905, -63.00000000000000000 ) ) ;
#478 = EDGE_CURVE ( 'NONE', #1404, #1143, #1438, .T. ) ;
#479 = DIRECTION ( 'NONE',  ( -0.000000000000000000, -0.000000000000000000, 1.000000000000000000 ) ) ;
#480 = CARTESIAN_POINT ( 'NONE',  ( -46.26222609309478884, 220.0000000000000000, -63.00000000000000000 ) ) ;
#481 = ORIENTED_EDGE ( 'NONE', *, *, #1735, .F. ) ;
#482 = CARTESIAN_POINT ( 'NONE',  ( 46.09690777867039913, 220.0000000000000000, -51.69076705392346582 ) ) ;
#483 = ORIENTED_EDGE ( 'NONE', *, *, #584, .T. ) ;
#484 = CYLINDRICAL_SURFACE ( 'NONE', #383, 70.53900802632479383 ) ;
#485 = COORDINATED_UNIVERSAL_TIME_OFFSET ( 1, 0, .AHEAD. ) ;
#486 = CARTESIAN_POINT ( 'NONE',  ( 45.73595615903205669, 220.0000000000000000, -65.63704985919994783 ) ) ;
#487 = EDGE_LOOP ( 'NONE', ( #1719, #943, #1915, #1746, #1150, #1846, #1928 ) ) ;
#488 = DIRECTION ( 'NONE',  ( 0.2213714918270060228, -0.9751895521416776846, 0.000000000000000000 ) ) ;
#489 = DIRECTION ( 'NONE',  ( 0.000000000000000000, 0.000000000000000000, -1.000000000000000000 ) ) ;
#490 = CARTESIAN_POINT ( 'NONE',  ( -12.66279742153371402, 316.5117997281915905, 68.00000000000000000 ) ) ;
#491 = DIRECTION ( 'NONE',  ( 0.9806472178829048758, -0.1957831301683533309, 0.000000000000000000 ) ) ;
#492 = ORIENTED_EDGE ( 'NONE', *, *, #772, .F. ) ;
#493 = CARTESIAN_POINT ( 'NONE',  ( 38.32086798274290373, 220.0000000000000000, -49.11736136736645619 ) ) ;
#494 = EDGE_CURVE ( 'NONE', #1797, #2482, #1920, .T. ) ;
#495 = ORIENTED_EDGE ( 'NONE', *, *, #203, .T. ) ;
#496 = EDGE_CURVE ( 'NONE', #137, #1797, #885, .T. ) ;
#497 = PERSON_AND_ORGANIZATION ( #2295, #227 ) ;
#498 = CARTESIAN_POINT ( 'NONE',  ( -46.26222609309478884, 220.0000000000000000, -53.00000000000000000 ) ) ;
#499 = ORIENTED_EDGE ( 'NONE', *, *, #1588, .T. ) ;
#500 = CARTESIAN_POINT ( 'NONE',  ( -44.73317318969648682, 220.0676114652485467, -66.32848839974475652 ) ) ;
#501 = CARTESIAN_POINT ( 'NONE',  ( 41.19367168925587919, 225.9789156508417705, 63.00000000000000000 ) ) ;
#502 = CARTESIAN_POINT ( 'NONE',  ( -51.96152422706632734, 220.0000000000000000, 30.00000000000000000 ) ) ;
#503 = DIRECTION ( 'NONE',  ( 0.2213714918270059950, -0.9751895521416775736, 0.000000000000000000 ) ) ;
#504 = ORIENTED_EDGE ( 'NONE', *, *, #2387, .F. ) ;
#505 = DIRECTION ( 'NONE',  ( 0.000000000000000000, 0.000000000000000000, -1.000000000000000000 ) ) ;
#506 = TOROIDAL_SURFACE ( 'NONE', #2479, 25.00000000000000355, 5.000000000000000000 ) ;
#507 = VERTEX_POINT ( 'NONE', #1468 ) ;
#508 = EDGE_CURVE ( 'NONE', #1616, #1673, #215, .T. ) ;
#509 = AXIS2_PLACEMENT_3D ( 'NONE', #2439, #1249, #1434 ) ;
#510 = APPROVAL_ROLE ( '' ) ;
#511 = CARTESIAN_POINT ( 'NONE',  ( -41.15919506216000912, 221.0415386744866169, 67.79169226510271073 ) ) ;
#512 = EDGE_LOOP ( 'NONE', ( #2331, #712, #357, #538, #2193, #2129, #1902 ) ) ;
#513 = CIRCLE ( 'NONE', #554, 70.53900802632479383 ) ;
#514 = DIRECTION ( 'NONE',  ( -0.000000000000000000, -1.000000000000000000, -0.000000000000000000 ) ) ;
#515 = CIRCLE ( 'NONE', #2359, 4.999999999999997335 ) ;
#516 = ADVANCED_FACE ( 'NONE', ( #1669 ), #1657, .F. ) ;
#517 = CARTESIAN_POINT ( 'NONE',  ( 46.09690777867039202, 225.0000000000000000, -53.00000000000000000 ) ) ;
#518 = AXIS2_PLACEMENT_3D ( 'NONE', #2472, #672, #2213 ) ;
#519 = DIRECTION ( 'NONE',  ( 0.000000000000000000, 0.000000000000000000, 1.000000000000000000 ) ) ;
#520 = EDGE_LOOP ( 'NONE', ( #1866, #1258, #2103, #1546 ) ) ;
#521 = CARTESIAN_POINT ( 'NONE',  ( 35.89956074332290825, 220.0000000000000000, -43.00000000000000000 ) ) ;
#522 = ORIENTED_EDGE ( 'NONE', *, *, #147, .F. ) ;
#523 = APPROVAL_STATUS ( 'not_yet_approved' ) ;
#524 = DIRECTION ( 'NONE',  ( -1.000000000000000000, 0.000000000000000000, 0.000000000000000000 ) ) ;
#525 = ORIENTED_EDGE ( 'NONE', *, *, #1312, .T. ) ;
#526 = CARTESIAN_POINT ( 'NONE',  ( 40.16477017053195198, 224.0738174799089393, 67.18523650401822067 ) ) ;
#527 = ADVANCED_FACE ( 'NONE', ( #1696 ), #913, .T. ) ;
#528 = CARTESIAN_POINT ( 'NONE',  ( -40.00000000000000000, 220.0000000000000000, -53.00000000000000000 ) ) ;
#529 = DIRECTION ( 'NONE',  ( -0.000000000000000000, -0.000000000000000000, 1.000000000000000000 ) ) ;
#530 = EDGE_CURVE ( 'NONE', #890, #1673, #2068, .T. ) ;
#531 = CARTESIAN_POINT ( 'NONE',  ( -46.26827801941930574, 247.6131275260769655, -53.00000000000000000 ) ) ;
#532 = EDGE_LOOP ( 'NONE', ( #2345, #1510 ) ) ;
#533 = PLANE ( 'NONE',  #2112 ) ;
#534 = CARTESIAN_POINT ( 'NONE',  ( -12.66279742153371402, 316.5117997281915905, -68.00000000000000000 ) ) ;
#535 = ORIENTED_EDGE ( 'NONE', *, *, #2515, .F. ) ;
#536 = B_SPLINE_CURVE_WITH_KNOTS ( 'NONE', 3,
 ( #2316, #1913, #2488, #1709, #1119, #1671, #291, #1286 ),
 .UNSPECIFIED., .F., .F.,
 ( 4, 2, 2, 4 ),
 ( -1.531437278094671540E-05, 0.0007164632980963073780, 0.001448240968973561488, 0.002911796310727992731 ),
 .UNSPECIFIED. ) ;
#537 = DIRECTION ( 'NONE',  ( 0.2213714918270059950, -0.9751895521416775736, 0.000000000000000000 ) ) ;
#538 = ORIENTED_EDGE ( 'NONE', *, *, #478, .T. ) ;
#539 = CARTESIAN_POINT ( 'NONE',  ( -39.21169291599143492, 224.7763715091604411, 67.04472569816790894 ) ) ;
#540 = DIRECTION ( 'NONE',  ( -0.000000000000000000, -0.000000000000000000, -1.000000000000000000 ) ) ;
#541 = ADVANCED_FACE ( 'NONE', ( #95 ), #506, .T. ) ;
#542 = DIRECTION ( 'NONE',  ( -1.000000000000000000, -0.000000000000000000, 0.000000000000000000 ) ) ;
#543 = CARTESIAN_POINT ( 'NONE',  ( 40.16477017053200882, 224.0738174799089393, -67.18523650401820646 ) ) ;
#544 = CARTESIAN_POINT ( 'NONE',  ( -95.00000000000001421, 220.0000000000000000, 68.00000000000000000 ) ) ;
#545 = CARTESIAN_POINT ( 'NONE',  ( -40.00000000000000000, 220.0000000000000000, 63.00000000000000000 ) ) ;
#546 = VERTEX_POINT ( 'NONE', #671 ) ;
#547 = VECTOR ( 'NONE', #1340, 1000.000000000000000 ) ;
#548 = ORIENTED_EDGE ( 'NONE', *, *, #494, .T. ) ;
#549 = AXIS2_PLACEMENT_3D ( 'NONE', #810, #251, #633 ) ;
#550 = CARTESIAN_POINT ( 'NONE',  ( -34.98518057126453584, 220.0000000000000284, 67.99999999999998579 ) ) ;
#551 = CARTESIAN_POINT ( 'NONE',  ( 36.24425567829108985, 219.5145168922730647, -68.09709662154538989 ) ) ;
#552 = CIRCLE ( 'NONE', #1560, 4.999999999999997335 ) ;
#553 = DIRECTION ( 'NONE',  ( 0.000000000000000000, 0.000000000000000000, 1.000000000000000000 ) ) ;
#554 = AXIS2_PLACEMENT_3D ( 'NONE', #1718, #1947, #524 ) ;
#555 = CARTESIAN_POINT ( 'NONE',  ( -38.23892409023383721, 225.4591503554690632, -67.54950975679639669 ) ) ;
#556 = EDGE_CURVE ( 'NONE', #335, #1049, #2395, .T. ) ;
#557 = CIRCLE ( 'NONE', #473, 5.000000000000010658 ) ;
#558 = ORIENTED_EDGE ( 'NONE', *, *, #1471, .F. ) ;
#559 = CARTESIAN_POINT ( 'NONE',  ( 9.184850993605147944E-16, 144.9999999999999716, -7.500000000000000000 ) ) ;
#560 = CARTESIAN_POINT ( 'NONE',  ( -41.38627833238368936, 226.1068574591230913, 63.47915237916794240 ) ) ;
#561 = ORIENTED_EDGE ( 'NONE', *, *, #1544, .T. ) ;
#562 = EDGE_CURVE ( 'NONE', #1731, #137, #1652, .T. ) ;
#563 = VERTEX_POINT ( 'NONE', #314 ) ;
#564 = DIRECTION ( 'NONE',  ( 0.000000000000000000, 0.000000000000000000, 1.000000000000000000 ) ) ;
#565 = CARTESIAN_POINT ( 'NONE',  ( 35.89956074332287272, 220.0000000000000000, -43.00000000000000000 ) ) ;
#566 = ORIENTED_EDGE ( 'NONE', *, *, #2387, .T. ) ;
#567 = CARTESIAN_POINT ( 'NONE',  ( -39.43782707952851752, 220.0000000000000284, -65.45373684829331751 ) ) ;
#568 = LINE ( 'NONE', #2413, #2564 ) ;
#569 = ORIENTED_EDGE ( 'NONE', *, *, #189, .T. ) ;
#570 = CARTESIAN_POINT ( 'NONE',  ( 56.51108455170157185, 302.7014519378270165, 53.00000000000000000 ) ) ;
#571 = EDGE_CURVE ( 'NONE', #1204, #2428, #1762, .T. ) ;
#572 = EDGE_CURVE ( 'NONE', #2300, #105, #725, .T. ) ;
#573 = ORIENTED_EDGE ( 'NONE', *, *, #400, .T. ) ;
#574 =( BOUNDED_CURVE ( )  B_SPLINE_CURVE ( 3, ( #2163, #396, #1001, #555 ),
 .UNSPECIFIED., .F., .T. ) 
 B_SPLINE_CURVE_WITH_KNOTS ( ( 4, 4 ),
 ( 3.185838056906140636, 3.613586745533269529 ),
 .UNSPECIFIED. ) 
 CURVE ( )  GEOMETRIC_REPRESENTATION_ITEM ( )  RATIONAL_B_SPLINE_CURVE ( ( 1.000000000000000000, 0.9848106206255435868, 0.9848106206255435868, 1.000000000000000000 ) ) 
 REPRESENTATION_ITEM ( '' )  );
#575 = CARTESIAN_POINT ( 'NONE',  ( -65.77206906225285366, 220.4950975679639384, 73.00000000000001421 ) ) ;
#576 = CARTESIAN_POINT ( 'NONE',  ( 51.96152422706632734, 220.0000000000000000, 30.00000000000000000 ) ) ;
#577 = CARTESIAN_POINT ( 'NONE',  ( 0.000000000000000000, 180.0000000000000000, 0.000000000000000000 ) ) ;
#578 = CYLINDRICAL_SURFACE ( 'NONE', #15, 4.999999999999997335 ) ;
#579 = CARTESIAN_POINT ( 'NONE',  ( 35.09676391058548006, 220.9789156508417705, -68.00000000000000000 ) ) ;
#580 = CARTESIAN_POINT ( 'NONE',  ( -40.80178579277510664, 225.9865723114216394, -65.31688424205752597 ) ) ;
#581 = CARTESIAN_POINT ( 'NONE',  ( -83.20180544785850429, 316.5117997281915905, -63.00000000000000000 ) ) ;
#582 = EDGE_LOOP ( 'NONE', ( #2305, #1373, #1917, #1695, #452 ) ) ;
#583 = CARTESIAN_POINT ( 'NONE',  ( 35.70658560142367577, 219.5145168844896375, 68.09709662310206113 ) ) ;
#584 = EDGE_CURVE ( 'NONE', #1072, #62, #2399, .T. ) ;
#585 = ORIENTED_EDGE ( 'NONE', *, *, #2484, .T. ) ;
#586 = DIRECTION ( 'NONE',  ( 1.000000000000000000, 0.000000000000000000, 0.000000000000000000 ) ) ;
#587 = CARTESIAN_POINT ( 'NONE',  ( 41.05588015147410630, 225.9534370966069332, 51.69126057720212941 ) ) ;
#588 = TOROIDAL_SURFACE ( 'NONE', #1138, 65.53900802632477962, 5.000000000000000000 ) ;
#589 = CARTESIAN_POINT ( 'NONE',  ( -39.94724880124370259, 219.9999999999999432, 52.06466196190992690 ) ) ;
#590 = FACE_OUTER_BOUND ( 'NONE', #1726, .T. ) ;
#591 = EDGE_LOOP ( 'NONE', ( #1453, #175, #774, #74 ) ) ;
#592 = AXIS2_PLACEMENT_3D ( 'NONE', #337, #312, #129 ) ;
#593 = FACE_OUTER_BOUND ( 'NONE', #1953, .T. ) ;
#594 = PRODUCT_RELATED_PRODUCT_CATEGORY ( 'detail', '', ( #759 ) ) ;
#595 = CARTESIAN_POINT ( 'NONE',  ( -40.80178579277494322, 225.9865723114075138, 65.31688424205295007 ) ) ;
#596 = CIRCLE ( 'NONE', #2156, 65.53900802632477962 ) ;
#597 = ORIENTED_EDGE ( 'NONE', *, *, #1759, .F. ) ;
#598 = CARTESIAN_POINT ( 'NONE',  ( 36.50418005281881761, 219.8787829839803010, 68.02424340320393981 ) ) ;
#599 = AXIS2_PLACEMENT_3D ( 'NONE', #1622, #449, #2267 ) ;
#600 = B_SPLINE_CURVE_WITH_KNOTS ( 'NONE', 3,
 ( #2173, #742, #978, #369, #190, #2184 ),
 .UNSPECIFIED., .F., .F.,
 ( 4, 2, 4 ),
 ( 1.962615573354718958E-17, 0.002193044804357345383, 0.004386089608714671684 ),
 .UNSPECIFIED. ) ;
#601 = APPROVAL_PERSON_ORGANIZATION ( #2122, #1260, #896 ) ;
#602 = ORIENTED_EDGE ( 'NONE', *, *, #1927, .F. ) ;
#603 = LINE ( 'NONE', #1413, #1562 ) ;
#604 = CARTESIAN_POINT ( 'NONE',  ( -34.98518057126455716, 219.5145168922730363, 68.09709662154538989 ) ) ;
#605 = CARTESIAN_POINT ( 'NONE',  ( -12.66279742153371402, 316.5117997281915905, 68.00000000000000000 ) ) ;
#606 = CARTESIAN_POINT ( 'NONE',  ( 40.83257480019022267, 225.9121464803832282, -64.87713109306764636 ) ) ;
#607 = CARTESIAN_POINT ( 'NONE',  ( -39.48974822050843869, 220.0000000000000000, -50.60522805242198530 ) ) ;
#608 = ORIENTED_EDGE ( 'NONE', *, *, #1452, .T. ) ;
#609 = EDGE_CURVE ( 'NONE', #1304, #1194, #931, .T. ) ;
#610 = CARTESIAN_POINT ( 'NONE',  ( -41.38627833238639653, 226.1068574591350284, -53.00000000000000000 ) ) ;
#611 = CARTESIAN_POINT ( 'NONE',  ( -38.32134423579374527, 221.4244621215771360, -67.71510757568458416 ) ) ;
#612 = CARTESIAN_POINT ( 'NONE',  ( -38.67575770898044141, 225.5490481604955164, 67.36785394408614991 ) ) ;
#613 = EDGE_CURVE ( 'NONE', #1143, #906, #1354, .T. ) ;
#614 = VERTEX_POINT ( 'NONE', #1599 ) ;
#615 = DIRECTION ( 'NONE',  ( -0.000000000000000000, -1.000000000000000000, -0.000000000000000000 ) ) ;
#616 = ORIENTED_EDGE ( 'NONE', *, *, #315, .T. ) ;
#617 = DIRECTION ( 'NONE',  ( -1.000000000000000000, 0.000000000000000000, 0.000000000000000000 ) ) ;
#618 = DIRECTION ( 'NONE',  ( -0.8098840890473946175, 0.5865899439198321019, 5.388516663861288013E-15 ) ) ;
#619 = CARTESIAN_POINT ( 'NONE',  ( -41.38627833238639653, 226.1068574591350284, 53.00000000000001421 ) ) ;
#620 = CARTESIAN_POINT ( 'NONE',  ( -46.26827801941930574, 247.6131275260769655, -63.00000000000000000 ) ) ;
#621 = ADVANCED_FACE ( 'NONE', ( #2009 ), #2474, .F. ) ;
#622 = CARTESIAN_POINT ( 'NONE',  ( -38.23892409023385142, 225.4591503554690632, 67.54950975679638248 ) ) ;
#623 = CARTESIAN_POINT ( 'NONE',  ( -36.18299739933105030, 220.4585695448490128, -67.90828609103675717 ) ) ;
#624 = DIRECTION ( 'NONE',  ( 1.000000000000000000, 0.000000000000000000, 0.000000000000000000 ) ) ;
#625 = VERTEX_POINT ( 'NONE', #1576 ) ;
#626 = CARTESIAN_POINT ( 'NONE',  ( 46.09690777867039913, 220.0000000000000000, 63.00000000000001421 ) ) ;
#627 = ORIENTED_EDGE ( 'NONE', *, *, #375, .F. ) ;
#628 = DIRECTION ( 'NONE',  ( 0.000000000000000000, 0.000000000000000000, 1.000000000000000000 ) ) ;
#629 = ADVANCED_BREP_SHAPE_REPRESENTATION ( 'base_joint_Default_sldprt', ( #413, #2362 ), #1693 ) ;
#630 = CARTESIAN_POINT ( 'NONE',  ( -42.30962755439800560, 220.0000000000000000, 45.00333157752162805 ) ) ;
#631 = CIRCLE ( 'NONE', #2105, 4.999999999999997335 ) ;
#632 = AXIS2_PLACEMENT_3D ( 'NONE', #2372, #983, #1391 ) ;
#633 = DIRECTION ( 'NONE',  ( 1.000000000000000000, 0.000000000000000000, 0.000000000000000000 ) ) ;
#634 = AXIS2_PLACEMENT_3D ( 'NONE', #402, #327, #1177 ) ;
#635 = EDGE_CURVE ( 'NONE', #2167, #1753, #381, .T. ) ;
#636 = DIRECTION ( 'NONE',  ( 0.000000000000000000, -0.000000000000000000, 1.000000000000000000 ) ) ;
#637 = AXIS2_PLACEMENT_3D ( 'NONE', #445, #1046, #1814 ) ;
#638 = VERTEX_POINT ( 'NONE', #1411 ) ;
#639 = CARTESIAN_POINT ( 'NONE',  ( 38.06259316679714289, 225.3999588059717212, 67.56362753677828437 ) ) ;
#640 = CIRCLE ( 'NONE', #179, 4.999999999999997335 ) ;
#641 = EDGE_CURVE ( 'NONE', #1217, #62, #2220, .T. ) ;
#642 = ORIENTED_EDGE ( 'NONE', *, *, #142, .F. ) ;
#643 = AXIS2_PLACEMENT_3D ( 'NONE', #2544, #564, #1986 ) ;
#644 = EDGE_CURVE ( 'NONE', #432, #2011, #1224, .T. ) ;
#645 = LINE ( 'NONE', #1454, #12 ) ;
#646 = DIRECTION ( 'NONE',  ( 0.000000000000000000, 0.000000000000000000, -1.000000000000000000 ) ) ;
#647 = DIRECTION ( 'NONE',  ( 0.2213714918270059950, -0.9751895521416775736, 0.000000000000000000 ) ) ;
#648 = CARTESIAN_POINT ( 'NONE',  ( -44.96797913068655106, 220.0000000000000000, 47.96381019829341597 ) ) ;
#649 = CARTESIAN_POINT ( 'NONE',  ( 51.96152422706632734, 180.0000000000000000, -30.00000000000000000 ) ) ;
#650 = CARTESIAN_POINT ( 'NONE',  ( -36.85927262076152999, 222.3343372657943746, 67.84752051688292340 ) ) ;
#651 = CARTESIAN_POINT ( 'NONE',  ( 0.000000000000000000, 220.0000000000000000, 0.000000000000000000 ) ) ;
#652 = ORIENTED_EDGE ( 'NONE', *, *, #613, .T. ) ;
#653 = DIRECTION ( 'NONE',  ( 0.000000000000000000, -0.000000000000000000, 1.000000000000000000 ) ) ;
#654 = ORIENTED_EDGE ( 'NONE', *, *, #1040, .F. ) ;
#655 = ADVANCED_FACE ( 'NONE', ( #1796 ), #1117, .T. ) ;
#656 = CARTESIAN_POINT ( 'NONE',  ( 39.64173057295572988, 222.2527506258047367, -67.54944987483904129 ) ) ;
#657 = EDGE_CURVE ( 'NONE', #1673, #2143, #1394, .T. ) ;
#658 = CARTESIAN_POINT ( 'NONE',  ( -95.00000000000001421, 220.4950975679639384, -73.00000000000001421 ) ) ;
#659 = VERTEX_POINT ( 'NONE', #206 ) ;
#660 = CARTESIAN_POINT ( 'NONE',  ( 43.44489652035762361, 220.2311998656431342, 67.17896522387556502 ) ) ;
#661 = LINE ( 'NONE', #2461, #729 ) ;
#662 = CARTESIAN_POINT ( 'NONE',  ( 41.09690777867040623, 225.0000000000000000, 63.00000000000000000 ) ) ;
#663 = CARTESIAN_POINT ( 'NONE',  ( 45.73595615903205669, 220.0000000000000000, -65.63704985919994783 ) ) ;
#664 = ORIENTED_EDGE ( 'NONE', *, *, #2294, .T. ) ;
#665 = PLANE ( 'NONE',  #1270 ) ;
#666 = EDGE_LOOP ( 'NONE', ( #248, #654, #1837, #1760 ) ) ;
#667 = EDGE_CURVE ( 'NONE', #2410, #382, #1813, .T. ) ;
#668 = DIRECTION ( 'NONE',  ( -0.9806472178829048758, 0.1957831301683533309, 0.000000000000000000 ) ) ;
#669 = COORDINATED_UNIVERSAL_TIME_OFFSET ( 1, 0, .AHEAD. ) ;
#670 = CARTESIAN_POINT ( 'NONE',  ( 35.89956074332291536, 225.0000000000000000, 47.99999999999999289 ) ) ;
#671 = CARTESIAN_POINT ( 'NONE',  ( 39.28434172929515000, 222.7901257955055030, 67.44197484089890793 ) ) ;
#672 = DIRECTION ( 'NONE',  ( -0.000000000000000000, -0.000000000000000000, -1.000000000000000000 ) ) ;
#673 = EDGE_CURVE ( 'NONE', #906, #828, #923, .T. ) ;
#674 = CARTESIAN_POINT ( 'NONE',  ( -46.26222609309478884, 220.0000000000000000, -63.00000000000000000 ) ) ;
#675 = VERTEX_POINT ( 'NONE', #1059 ) ;
#676 = AXIS2_PLACEMENT_3D ( 'NONE', #1898, #2502, #1481 ) ;
#677 = CARTESIAN_POINT ( 'NONE',  ( -46.26222609309478884, 220.0000000000000000, 53.00000000000000000 ) ) ;
#678 =( BOUNDED_CURVE ( )  B_SPLINE_CURVE ( 3, ( #421, #1227, #1658, #2245 ),
 .UNSPECIFIED., .F., .T. ) 
 B_SPLINE_CURVE_WITH_KNOTS ( ( 4, 4 ),
 ( 3.180729285827211594, 3.608477974454344483 ),
 .UNSPECIFIED. ) 
 CURVE ( )  GEOMETRIC_REPRESENTATION_ITEM ( )  RATIONAL_B_SPLINE_CURVE ( ( 1.000000000000000000, 0.9848106206255433648, 0.9848106206255433648, 1.000000000000000000 ) ) 
 REPRESENTATION_ITEM ( '' )  );
#679 = VECTOR ( 'NONE', #37, 1000.000000000000000 ) ;
#680 = ORIENTED_EDGE ( 'NONE', *, *, #283, .F. ) ;
#681 = VECTOR ( 'NONE', #1307, 1000.000000000000000 ) ;
#682 = DIRECTION ( 'NONE',  ( 0.000000000000000000, -1.000000000000000000, 0.000000000000000000 ) ) ;
#683 = DIRECTION ( 'NONE',  ( 0.000000000000000000, 0.000000000000000000, 1.000000000000000000 ) ) ;
#684 = VECTOR ( 'NONE', #46, 999.9999999999998863 ) ;
#685 = CARTESIAN_POINT ( 'NONE',  ( -12.66279742153371402, 316.5117997281915905, -63.00000000000000000 ) ) ;
#686 = AXIS2_PLACEMENT_3D ( 'NONE', #97, #2126, #2500 ) ;
#687 = FACE_OUTER_BOUND ( 'NONE', #38, .T. ) ;
#688 = CC_DESIGN_APPROVAL ( #1885, ( #1766 ) ) ;
#689 = CARTESIAN_POINT ( 'NONE',  ( -78.20180544785850429, 316.5117997281915905, -63.00000000000000000 ) ) ;
#690 = CARTESIAN_POINT ( 'NONE',  ( -41.38627833238639653, 226.1068574591350284, -63.00000000000000000 ) ) ;
#691 =( BOUNDED_CURVE ( )  B_SPLINE_CURVE ( 3, ( #1843, #833, #397, #1202 ),
 .UNSPECIFIED., .F., .F. ) 
 B_SPLINE_CURVE_WITH_KNOTS ( ( 4, 4 ),
 ( 2.731396207985038682, 3.097347250273442487 ),
 .UNSPECIFIED. ) 
 CURVE ( )  GEOMETRIC_REPRESENTATION_ITEM ( )  RATIONAL_B_SPLINE_CURVE ( ( 1.000000000000000000, 0.9888710879699736944, 0.9888710879699736944, 1.000000000000000000 ) ) 
 REPRESENTATION_ITEM ( '' )  );
#692 = ADVANCED_FACE ( 'NONE', ( #1071 ), #2114, .F. ) ;
#693 = EDGE_LOOP ( 'NONE', ( #2101, #1675, #80, #196 ) ) ;
#694 = CARTESIAN_POINT ( 'NONE',  ( -78.20180544785850429, 316.5117997281915905, -53.00000000000000000 ) ) ;
#695 = ORIENTED_EDGE ( 'NONE', *, *, #299, .F. ) ;
#696 =( BOUNDED_CURVE ( )  B_SPLINE_CURVE ( 3, ( #1740, #112, #916, #690 ),
 .UNSPECIFIED., .F., .F. ) 
 B_SPLINE_CURVE_WITH_KNOTS ( ( 4, 4 ),
 ( 5.140137669011815902, 6.283185307179586232 ),
 .UNSPECIFIED. ) 
 CURVE ( )  GEOMETRIC_REPRESENTATION_ITEM ( )  RATIONAL_B_SPLINE_CURVE ( ( 1.000000000000000000, 0.8940517976061116423, 0.8940517976061116423, 1.000000000000000000 ) ) 
 REPRESENTATION_ITEM ( '' )  );
#697 = PERSON_AND_ORGANIZATION ( #2295, #227 ) ;
#698 = DIRECTION ( 'NONE',  ( 1.000000000000000000, 0.000000000000000000, 0.000000000000000000 ) ) ;
#699 = ORIENTED_EDGE ( 'NONE', *, *, #705, .T. ) ;
#700 = CARTESIAN_POINT ( 'NONE',  ( -42.30325649339646077, 220.4990983055452602, -67.90018033889094795 ) ) ;
#701 = CYLINDRICAL_SURFACE ( 'NONE', #686, 70.53900802632479383 ) ;
#702 = CARTESIAN_POINT ( 'NONE',  ( -12.66279742153371402, 316.5117997281915905, -53.00000000000000000 ) ) ;
#703 = B_SPLINE_CURVE_WITH_KNOTS ( 'NONE', 3,
 ( #223, #2239, #1828, #1010, #839, #2042, #1799, #29, #1252, #16 ),
 .UNSPECIFIED., .F., .F.,
 ( 4, 2, 2, 2, 4 ),
 ( 0.000000000000000000, 0.001442114855223348719, 0.002163172282835023295, 0.002523700996640894628, 0.002884229710446765960 ),
 .UNSPECIFIED. ) ;
#704 = DIRECTION ( 'NONE',  ( 0.000000000000000000, -1.000000000000000000, 0.000000000000000000 ) ) ;
#705 = EDGE_CURVE ( 'NONE', #706, #1535, #1306, .T. ) ;
#706 = VERTEX_POINT ( 'NONE', #677 ) ;
#707 = DIRECTION ( 'NONE',  ( -0.000000000000000000, -1.000000000000000000, -0.000000000000000000 ) ) ;
#708 = ORIENTED_EDGE ( 'NONE', *, *, #751, .F. ) ;
#709 = EDGE_CURVE ( 'NONE', #638, #1096, #9, .T. ) ;
#710 = CALENDAR_DATE ( 2026, 8, 5 ) ;
#711 = DIRECTION ( 'NONE',  ( 1.000000000000000000, 0.000000000000000000, 0.000000000000000000 ) ) ;
#712 = ORIENTED_EDGE ( 'NONE', *, *, #751, .T. ) ;
#713 = DIRECTION ( 'NONE',  ( -0.1957831301683551073, -0.9806472178829046538, 0.000000000000000000 ) ) ;
#714 = FACE_OUTER_BOUND ( 'NONE', #1795, .T. ) ;
#715 = CARTESIAN_POINT ( 'NONE',  ( 42.28642429375442902, 220.4466786921169899, -67.91066426157659919 ) ) ;
#716 = DIRECTION ( 'NONE',  ( -0.000000000000000000, -0.000000000000000000, -1.000000000000000000 ) ) ;
#717 = ORIENTED_EDGE ( 'NONE', *, *, #1621, .F. ) ;
#718 = CARTESIAN_POINT ( 'NONE',  ( 40.00000000000000000, 220.0000000000000000, -53.00000000000002132 ) ) ;
#719 = AXIS2_PLACEMENT_3D ( 'NONE', #2329, #529, #1775 ) ;
#720 = ORIENTED_EDGE ( 'NONE', *, *, #1881, .T. ) ;
#721 = CIRCLE ( 'NONE', #1764, 20.00000000000000355 ) ;
#722 = DATE_TIME_ROLE ( 'classification_date' ) ;
#723 = CARTESIAN_POINT ( 'NONE',  ( -42.30325649339646077, 220.4990983055452602, 67.90018033889094795 ) ) ;
#724 = ORIENTED_EDGE ( 'NONE', *, *, #1759, .T. ) ;
#725 = LINE ( 'NONE', #1996, #2109 ) ;
#726 = AXIS2_PLACEMENT_3D ( 'NONE', #1990, #2392, #344 ) ;
#727 = CARTESIAN_POINT ( 'NONE',  ( 52.87621060479106916, 316.5117997281915905, -68.00000000000000000 ) ) ;
#728 = CARTESIAN_POINT ( 'NONE',  ( 51.96152422706632734, 220.0000000000000000, -30.00000000000000000 ) ) ;
#729 = VECTOR ( 'NONE', #32, 1000.000000000000000 ) ;
#730 = CARTESIAN_POINT ( 'NONE',  ( 46.09690777867041334, 225.0000000000000000, 53.00000000000000000 ) ) ;
#731 = ORIENTED_EDGE ( 'NONE', *, *, #203, .F. ) ;
#732 = CARTESIAN_POINT ( 'NONE',  ( 42.86859121284106777, 220.3445342017982966, -67.54816217714017057 ) ) ;
#733 = FACE_OUTER_BOUND ( 'NONE', #993, .T. ) ;
#734 = ORIENTED_EDGE ( 'NONE', *, *, #2040, .F. ) ;
#735 = CARTESIAN_POINT ( 'NONE',  ( -41.39233025871090632, 248.7199849852119939, 63.00000000000000000 ) ) ;
#736 = ADVANCED_FACE ( 'NONE', ( #878 ), #1662, .T. ) ;
#737 = ORIENTED_EDGE ( 'NONE', *, *, #2535, .T. ) ;
#738 = CARTESIAN_POINT ( 'NONE',  ( -38.26359133024396897, 225.5151078156574727, 67.54417230367596403 ) ) ;
#739 = DIRECTION ( 'NONE',  ( -0.000000000000000000, -0.000000000000000000, -1.000000000000000000 ) ) ;
#740 = EDGE_CURVE ( 'NONE', #2259, #1072, #269, .T. ) ;
#741 = CARTESIAN_POINT ( 'NONE',  ( 38.09568175480105623, 225.4060771017520892, 67.54950975679639669 ) ) ;
#742 = CARTESIAN_POINT ( 'NONE',  ( -42.91725820462353624, 220.3886901832045169, 67.51764421383521153 ) ) ;
#743 = CARTESIAN_POINT ( 'NONE',  ( 44.59272634882801611, 220.0591099841282130, -66.42259524434294349 ) ) ;
#744 = LINE ( 'NONE', #2263, #848 ) ;
#745 = ORIENTED_EDGE ( 'NONE', *, *, #1714, .F. ) ;
#746 = ORIENTED_EDGE ( 'NONE', *, *, #239, .T. ) ;
#747 = EDGE_CURVE ( 'NONE', #338, #1316, #255, .T. ) ;
#748 = DIRECTION ( 'NONE',  ( 0.000000000000000000, 1.000000000000000000, 0.000000000000000000 ) ) ;
#749 = DIRECTION ( 'NONE',  ( -1.000000000000000000, 0.000000000000000000, 0.000000000000000000 ) ) ;
#750 = CARTESIAN_POINT ( 'NONE',  ( -38.69188129370515128, 220.0000000000000000, -43.26027323411644687 ) ) ;
#751 = EDGE_CURVE ( 'NONE', #1614, #1462, #2260, .T. ) ;
#752 = ORIENTED_EDGE ( 'NONE', *, *, #1452, .F. ) ;
#753 = CARTESIAN_POINT ( 'NONE',  ( -41.39233025871090632, 248.7199849852119939, -53.00000000000000000 ) ) ;
#754 = DIRECTION ( 'NONE',  ( -0.000000000000000000, -0.000000000000000000, -1.000000000000000000 ) ) ;
#755 = ADVANCED_FACE ( 'NONE', ( #453, #864 ), #665, .T. ) ;
#756 = EDGE_LOOP ( 'NONE', ( #1380, #867, #2118, #1750 ) ) ;
#757 = CIRCLE ( 'NONE', #1088, 70.53900802632479383 ) ;
#758 = AXIS2_PLACEMENT_3D ( 'NONE', #2018, #2246, #410 ) ;
#759 = PRODUCT ( 'base_joint_Default_sldprt', 'base_joint_Default_sldprt', '', ( #2308 ) ) ;
#760 = ORIENTED_EDGE ( 'NONE', *, *, #2369, .F. ) ;
#761 =( BOUNDED_CURVE ( )  B_SPLINE_CURVE ( 3, ( #2083, #1280, #1537, #139 ),
 .UNSPECIFIED., .F., .F. ) 
 B_SPLINE_CURVE_WITH_KNOTS ( ( 4, 4 ),
 ( 3.141592653589793116, 4.284640291757559005 ),
 .UNSPECIFIED. ) 
 CURVE ( )  GEOMETRIC_REPRESENTATION_ITEM ( )  RATIONAL_B_SPLINE_CURVE ( ( 1.000000000000000000, 0.8940517976061121974, 0.8940517976061121974, 1.000000000000000000 ) ) 
 REPRESENTATION_ITEM ( '' )  );
#762 = CARTESIAN_POINT ( 'NONE',  ( -35.83679220078585814, 221.0311883382285600, 67.96214831287566938 ) ) ;
#763 = CARTESIAN_POINT ( 'NONE',  ( 42.28642429375442902, 220.4466786921169899, -67.91066426157659919 ) ) ;
#764 = AXIS2_PLACEMENT_3D ( 'NONE', #1074, #682, #2094 ) ;
#765 = CARTESIAN_POINT ( 'NONE',  ( -51.96152422706635576, 220.0000000000000000, -29.99999999999996447 ) ) ;
#766 = CIRCLE ( 'NONE', #1771, 25.00000000000000711 ) ;
#767 = CARTESIAN_POINT ( 'NONE',  ( -41.24629118260885008, 226.0780489220823881, -51.69126057720403367 ) ) ;
#768 = ADVANCED_FACE ( 'NONE', ( #2477 ), #125, .F. ) ;
#769 = VECTOR ( 'NONE', #970, 999.9999999999998863 ) ;
#770 = EDGE_LOOP ( 'NONE', ( #1139, #2361, #1153, #1406, #1991 ) ) ;
#771 = DIRECTION ( 'NONE',  ( -0.000000000000000000, 1.000000000000000000, -0.000000000000000000 ) ) ;
#772 = EDGE_CURVE ( 'NONE', #313, #320, #807, .T. ) ;
#773 = CARTESIAN_POINT ( 'NONE',  ( -39.43782707951484667, 220.0000000000000284, 65.45373684828088301 ) ) ;
#774 = ORIENTED_EDGE ( 'NONE', *, *, #1738, .T. ) ;
#775 = LOCAL_TIME ( 19, 32, 5.000000000000000000, #485 ) ;
#776 = DIRECTION ( 'NONE',  ( -0.000000000000000000, -0.000000000000000000, -1.000000000000000000 ) ) ;
#777 =( BOUNDED_CURVE ( )  B_SPLINE_CURVE ( 3, ( #715, #2292, #316, #265 ),
 .UNSPECIFIED., .F., .F. ) 
 B_SPLINE_CURVE_WITH_KNOTS ( ( 4, 4 ),
 ( 5.726258042490182554, 6.283185307179586232 ),
 .UNSPECIFIED. ) 
 CURVE ( )  GEOMETRIC_REPRESENTATION_ITEM ( )  RATIONAL_B_SPLINE_CURVE ( ( 1.000000000000000000, 0.9743192585159048402, 0.9743192585159048402, 1.000000000000000000 ) ) 
 REPRESENTATION_ITEM ( '' )  );
#778 = ORIENTED_EDGE ( 'NONE', *, *, #1512, .F. ) ;
#779 = DIRECTION ( 'NONE',  ( -0.9751895521416779067, -0.2213714918270048571, 0.000000000000000000 ) ) ;
#780 = DIRECTION ( 'NONE',  ( 0.1957831301683550795, 0.9806472178829045427, 0.000000000000000000 ) ) ;
#781 = CARTESIAN_POINT ( 'NONE',  ( -12.66279742153371402, 316.5117997281915905, 63.00000000000000000 ) ) ;
#782 = CARTESIAN_POINT ( 'NONE',  ( -41.38627833238269460, 226.1068574591187428, -52.34538352696101526 ) ) ;
#783 = VERTEX_POINT ( 'NONE', #1942 ) ;
#784 = DIRECTION ( 'NONE',  ( -0.000000000000000000, -1.000000000000000000, -0.000000000000000000 ) ) ;
#785 = ADVANCED_FACE ( 'NONE', ( #1511 ), #533, .T. ) ;
#786 = CARTESIAN_POINT ( 'NONE',  ( -46.12001923214999977, 220.0000000000000000, 64.91640122489489784 ) ) ;
#787 = VERTEX_POINT ( 'NONE', #1536 ) ;
#788 = CARTESIAN_POINT ( 'NONE',  ( 39.07384861301494539, 224.7492616998434016, 67.05014766003135662 ) ) ;
#789 = ORIENTED_EDGE ( 'NONE', *, *, #1201, .T. ) ;
#790 = LINE ( 'NONE', #1362, #769 ) ;
#791 = DIRECTION ( 'NONE',  ( -1.000000000000000000, 0.000000000000000000, 0.000000000000000000 ) ) ;
#792 = DIRECTION ( 'NONE',  ( 1.000000000000000000, 0.000000000000000000, 0.000000000000000000 ) ) ;
#793 = CARTESIAN_POINT ( 'NONE',  ( -12.66279742153371402, 316.5117997281915905, 63.00000000000000000 ) ) ;
#794 = CARTESIAN_POINT ( 'NONE',  ( 36.86401592062170351, 222.6516797796009257, -67.81186011142681025 ) ) ;
#795 = CARTESIAN_POINT ( 'NONE',  ( -40.24124763053422527, 225.8712168345130351, -66.12106891947391318 ) ) ;
#796 = FACE_OUTER_BOUND ( 'NONE', #1278, .T. ) ;
#797 = ORIENTED_EDGE ( 'NONE', *, *, #1040, .T. ) ;
#798 = CARTESIAN_POINT ( 'NONE',  ( 35.89956074332292246, 225.0000000000000000, 43.00000000000000000 ) ) ;
#799 = EDGE_LOOP ( 'NONE', ( #558, #2425, #877, #1498, #597, #2342 ) ) ;
#800 = ADVANCED_FACE ( 'NONE', ( #1081 ), #2297, .F. ) ;
#801 = CARTESIAN_POINT ( 'NONE',  ( -65.77206906225285366, 243.1856976895368518, 68.00000000000000000 ) ) ;
#802 = EDGE_CURVE ( 'NONE', #2410, #1550, #2235, .T. ) ;
#803 = CARTESIAN_POINT ( 'NONE',  ( 35.00017115330175699, 219.5145168922730079, 68.09709662154540410 ) ) ;
#804 = FACE_OUTER_BOUND ( 'NONE', #1108, .T. ) ;
#805 = VECTOR ( 'NONE', #1446, 1000.000000000000000 ) ;
#806 = PLANE ( 'NONE',  #1849 ) ;
#807 = CIRCLE ( 'NONE', #2152, 60.00000000000001421 ) ;
#808 = ADVANCED_FACE ( 'NONE', ( #1318 ), #1728, .F. ) ;
#809 = DIRECTION ( 'NONE',  ( -1.000000000000000000, 0.000000000000000000, 0.000000000000000000 ) ) ;
#810 = CARTESIAN_POINT ( 'NONE',  ( -65.77206906225285366, 243.1856976895368518, -53.00000000000000000 ) ) ;
#811 = AXIS2_PLACEMENT_3D ( 'NONE', #1128, #1679, #698 ) ;
#812 = CARTESIAN_POINT ( 'NONE',  ( -12.66279742153371402, 316.5117997281915905, 53.00000000000000000 ) ) ;
#813 = FACE_OUTER_BOUND ( 'NONE', #2513, .T. ) ;
#814 = AXIS2_PLACEMENT_3D ( 'NONE', #2183, #2172, #2572 ) ;
#815 = EDGE_LOOP ( 'NONE', ( #1161, #858, #1289, #1578 ) ) ;
#816 = DIRECTION ( 'NONE',  ( -1.000000000000000000, 0.000000000000000000, 0.000000000000000000 ) ) ;
#817 = ORIENTED_EDGE ( 'NONE', *, *, #100, .T. ) ;
#818 = EDGE_CURVE ( 'NONE', #1032, #1744, #855, .T. ) ;
#819 = DIRECTION ( 'NONE',  ( -0.000000000000000000, -0.000000000000000000, 1.000000000000000000 ) ) ;
#820 = DIRECTION ( 'NONE',  ( -0.000000000000000000, -0.000000000000000000, -1.000000000000000000 ) ) ;
#821 = CARTESIAN_POINT ( 'NONE',  ( -38.69188129370512996, 220.0000000000000000, 43.26027323411643977 ) ) ;
#822 = DIRECTION ( 'NONE',  ( -0.2213714918270059950, 0.9751895521416775736, -0.000000000000000000 ) ) ;
#823 = CARTESIAN_POINT ( 'NONE',  ( -2.775557561562891351E-14, 159.9999999999999716, 80.00000000000001421 ) ) ;
#824 = CARTESIAN_POINT ( 'NONE',  ( -35.70907602664576785, 219.5145168874605588, -68.09709662250789108 ) ) ;
#825 = FACE_OUTER_BOUND ( 'NONE', #919, .T. ) ;
#826 = ORIENTED_EDGE ( 'NONE', *, *, #2234, .F. ) ;
#827 = CARTESIAN_POINT ( 'NONE',  ( 38.60695990877754724, 220.0000000000000284, 66.57739940364767506 ) ) ;
#828 = VERTEX_POINT ( 'NONE', #1889 ) ;
#829 = DIRECTION ( 'NONE',  ( 0.000000000000000000, 0.000000000000000000, 1.000000000000000000 ) ) ;
#830 = DIRECTION ( 'NONE',  ( -0.000000000000000000, 0.000000000000000000, -1.000000000000000000 ) ) ;
#831 = EDGE_CURVE ( 'NONE', #675, #1556, #2073, .T. ) ;
#832 = CARTESIAN_POINT ( 'NONE',  ( 38.26427512048655899, 224.9620074304537809, -67.45119033049550694 ) ) ;
#833 = CARTESIAN_POINT ( 'NONE',  ( -37.73332774054283334, 220.6305392587933341, -67.87389214824133887 ) ) ;
#834 = CARTESIAN_POINT ( 'NONE',  ( 51.60784846228703771, 303.6803675886687870, -48.00000000000000000 ) ) ;
#835 = ORIENTED_EDGE ( 'NONE', *, *, #2228, .F. ) ;
#836 = CARTESIAN_POINT ( 'NONE',  ( 40.61834655418480367, 225.8725342801417924, 65.31688424205532328 ) ) ;
#837 = EDGE_CURVE ( 'NONE', #1462, #952, #1014, .T. ) ;
#838 = ORIENTED_EDGE ( 'NONE', *, *, #2062, .F. ) ;
#839 = CARTESIAN_POINT ( 'NONE',  ( -38.57986471397425987, 224.5632567222797604, -67.37629701278504513 ) ) ;
#840 = CARTESIAN_POINT ( 'NONE',  ( -40.00000000000000000, 220.0000000000000000, -68.00000000000000000 ) ) ;
#841 = DIRECTION ( 'NONE',  ( -1.000000000000000000, 0.000000000000000000, 0.000000000000000000 ) ) ;
#842 = CARTESIAN_POINT ( 'NONE',  ( -45.93765139068026571, 220.0000000000000000, 65.49604709223552845 ) ) ;
#843 = CIRCLE ( 'NONE', #1392, 4.999999999999997335 ) ;
#844 = CARTESIAN_POINT ( 'NONE',  ( 35.00017115330180673, 220.4950975679639669, -67.99999999999998579 ) ) ;
#845 = VECTOR ( 'NONE', #2197, 999.9999999999998863 ) ;
#846 = CARTESIAN_POINT ( 'NONE',  ( 40.03863423588911985, 225.7653416906516384, -66.71292917940918699 ) ) ;
#847 = ADVANCED_FACE ( 'NONE', ( #593 ), #163, .T. ) ;
#848 = VECTOR ( 'NONE', #77, 1000.000000000000000 ) ;
#849 = EDGE_LOOP ( 'NONE', ( #2236, #746, #1475, #2576 ) ) ;
#850 = CARTESIAN_POINT ( 'NONE',  ( 38.27754266509285941, 219.9999999999590727, 66.89301723917456854 ) ) ;
#851 = EDGE_CURVE ( 'NONE', #2428, #2167, #2381, .T. ) ;
#852 = TOROIDAL_SURFACE ( 'NONE', #898, 65.53900802632477962, 5.000000000000000000 ) ;
#853 = ORIENTED_EDGE ( 'NONE', *, *, #2047, .F. ) ;
#854 = CIRCLE ( 'NONE', #17, 65.53900802632477962 ) ;
#855 = B_SPLINE_CURVE_WITH_KNOTS ( 'NONE', 3,
 ( #2528, #732, #2539, #743, #104, #2285 ),
 .UNSPECIFIED., .F., .F.,
 ( 4, 2, 4 ),
 ( 6.938893903907228378E-18, 0.002077746038033267614, 0.004155492076066528290 ),
 .UNSPECIFIED. ) ;
#856 = DIRECTION ( 'NONE',  ( 1.000000000000000000, 0.000000000000000000, 0.000000000000000000 ) ) ;
#857 = DIRECTION ( 'NONE',  ( -0.000000000000000000, -1.000000000000000000, -0.000000000000000000 ) ) ;
#858 = ORIENTED_EDGE ( 'NONE', *, *, #122, .F. ) ;
#859 = DIRECTION ( 'NONE',  ( -0.000000000000000000, -0.000000000000000000, -1.000000000000000000 ) ) ;
#860 = DIRECTION ( 'NONE',  ( -1.000000000000000000, 0.000000000000000000, 0.000000000000000000 ) ) ;
#861 = CARTESIAN_POINT ( 'NONE',  ( -46.26222609309478884, 225.0000000000000000, 53.00000000000000000 ) ) ;
#862 = LINE ( 'NONE', #480, #1185 ) ;
#863 = ORIENTED_EDGE ( 'NONE', *, *, #2060, .F. ) ;
#864 = FACE_BOUND ( 'NONE', #591, .T. ) ;
#865 = ADVANCED_FACE ( 'NONE', ( #347 ), #2203, .F. ) ;
#866 =( BOUNDED_SURFACE ( )  B_SPLINE_SURFACE ( 3, 2, ( 
 ( #214, #1822, #1612 ),
 ( #1231, #2227, #824 ),
 ( #24, #623, #2412 ),
 ( #230, #1833, #611 ),
 ( #2019, #1624, #2423 ),
 ( #425, #2036, #1421 ) ),
 .UNSPECIFIED., .F., .F., .F. ) 
 B_SPLINE_SURFACE_WITH_KNOTS ( ( 4, 2, 4 ),
 ( 3, 3 ),
 ( 0.1735001994656104884, 0.2312431039205078975, 0.2889860083754053344 ),
 ( 0.000000000000000000, 1.000000000000000000 ),
 .UNSPECIFIED. ) 
 GEOMETRIC_REPRESENTATION_ITEM ( )  RATIONAL_B_SPLINE_SURFACE ( (
 ( 1.000000000000000000, 0.9951333266680700840, 1.000000000000000000),
 ( 1.000000000000000000, 0.9943689900110297408, 1.000000000000000000),
 ( 1.000000000000000000, 0.9917203947597422742, 1.000000000000000000),
 ( 1.000000000000000000, 0.9825672015794425507, 1.000000000000000000),
 ( 1.000000000000000000, 0.9760625662484725407, 1.000000000000000000),
 ( 1.000000000000000000, 0.9677486347591992555, 1.000000000000000000) ) ) 
 REPRESENTATION_ITEM ( '' )  SURFACE ( )  );
#867 = ORIENTED_EDGE ( 'NONE', *, *, #1527, .F. ) ;
#868 = DIRECTION ( 'NONE',  ( 1.000000000000000000, 0.000000000000000000, 0.000000000000000000 ) ) ;
#869 = APPROVAL_DATE_TIME ( #272, #1885 ) ;
#870 = CARTESIAN_POINT ( 'NONE',  ( -65.77206906225285366, 243.1856976895368518, 63.00000000000000000 ) ) ;
#871 = ADVANCED_FACE ( 'NONE', ( #1573 ), #2343, .F. ) ;
#872 = ORIENTED_EDGE ( 'NONE', *, *, #2150, .T. ) ;
#873 = DIRECTION ( 'NONE',  ( -0.9806472178829046538, 0.1957831301683551073, 0.000000000000000000 ) ) ;
#874 = CARTESIAN_POINT ( 'NONE',  ( -12.66279742153371402, 316.5117997281915905, -63.00000000000000000 ) ) ;
#875 = DIRECTION ( 'NONE',  ( -1.000000000000000000, 0.000000000000000000, 0.000000000000000000 ) ) ;
#876 = CARTESIAN_POINT ( 'NONE',  ( -65.77206906225285366, 243.1856976895368518, -68.00000000000000000 ) ) ;
#877 = ORIENTED_EDGE ( 'NONE', *, *, #147, .T. ) ;
#878 = FACE_OUTER_BOUND ( 'NONE', #487, .T. ) ;
#879 = ORIENTED_EDGE ( 'NONE', *, *, #2341, .F. ) ;
#880 = CARTESIAN_POINT ( 'NONE',  ( -38.23892409023383721, 225.4591503554690632, -67.54950975679639669 ) ) ;
#881 = APPROVAL_ROLE ( '' ) ;
#882 = FACE_OUTER_BOUND ( 'NONE', #2527, .T. ) ;
#883 = EDGE_LOOP ( 'NONE', ( #927, #1488, #731, #642 ) ) ;
#884 = CARTESIAN_POINT ( 'NONE',  ( 44.59272634882800901, 220.0591099841282698, 66.42259524434291507 ) ) ;
#885 = B_SPLINE_CURVE_WITH_KNOTS ( 'NONE', 3,
 ( #1894, #302, #500, #2278, #2108, #1102 ),
 .UNSPECIFIED., .F., .F.,
 ( 4, 2, 4 ),
 ( 0.000000000000000000, 0.002193044804357323699, 0.004386089608714647398 ),
 .UNSPECIFIED. ) ;
#886 = CARTESIAN_POINT ( 'NONE',  ( 80.00000000000001421, 159.9999999999999716, -80.00000000000000000 ) ) ;
#887 = DIRECTION ( 'NONE',  ( -0.8098840890473929521, 0.5865899439198347665, 0.000000000000000000 ) ) ;
#888 = CIRCLE ( 'NONE', #1600, 4.999999999999997335 ) ;
#889 = CARTESIAN_POINT ( 'NONE',  ( 0.000000000000000000, 144.9999999999999716, 0.000000000000000000 ) ) ;
#890 = VERTEX_POINT ( 'NONE', #1162 ) ;
#891 = AXIS2_PLACEMENT_3D ( 'NONE', #2161, #971, #2180 ) ;
#892 = CARTESIAN_POINT ( 'NONE',  ( 39.64647201545867006, 220.0000000000000000, -51.01295860601812393 ) ) ;
#893 = AXIS2_PLACEMENT_3D ( 'NONE', #694, #332, #124 ) ;
#894 = ORIENTED_EDGE ( 'NONE', *, *, #111, .F. ) ;
#895 = VECTOR ( 'NONE', #470, 1000.000000000000114 ) ;
#896 = APPROVAL_ROLE ( '' ) ;
#897 = CYLINDRICAL_SURFACE ( 'NONE', #427, 4.999999999999998224 ) ;
#898 = AXIS2_PLACEMENT_3D ( 'NONE', #2064, #2230, #2078 ) ;
#899 = ORIENTED_EDGE ( 'NONE', *, *, #447, .T. ) ;
#900 = CARTESIAN_POINT ( 'NONE',  ( -40.17763234438830722, 221.8296283560953270, -67.63407432878092607 ) ) ;
#901 = ADVANCED_FACE ( 'NONE', ( #950 ), #1852, .F. ) ;
#902 = AXIS2_PLACEMENT_3D ( 'NONE', #886, #1339, #2486 ) ;
#903 = CARTESIAN_POINT ( 'NONE',  ( 0.000000000000000000, 180.0000000000000000, 0.000000000000000000 ) ) ;
#904 = CARTESIAN_POINT ( 'NONE',  ( 41.19367168925588629, 225.9789156508418273, 50.07106781186545419 ) ) ;
#905 = CARTESIAN_POINT ( 'NONE',  ( 0.000000000000000000, 144.9999999999999716, 0.000000000000000000 ) ) ;
#906 = VERTEX_POINT ( 'NONE', #370 ) ;
#907 = CARTESIAN_POINT ( 'NONE',  ( 37.23463101348971094, 220.0000000000000000, -43.00000000001389822 ) ) ;
#908 = CC_DESIGN_DATE_AND_TIME_ASSIGNMENT ( #1704, #1322, ( #1766 ) ) ;
#909 = VERTEX_POINT ( 'NONE', #1966 ) ;
#910 = PERSON_AND_ORGANIZATION ( #2295, #227 ) ;
#911 = DIRECTION ( 'NONE',  ( -0.9751895521416779067, -0.2213714918270048571, 0.000000000000000000 ) ) ;
#912 = ORIENTED_EDGE ( 'NONE', *, *, #2045, .F. ) ;
#913 = CYLINDRICAL_SURFACE ( 'NONE', #378, 5.000000000000000888 ) ;
#914 = CARTESIAN_POINT ( 'NONE',  ( -39.40616053589472756, 222.8253236476121799, 67.43493527047756686 ) ) ;
#915 = DIRECTION ( 'NONE',  ( -1.224646799147353207E-16, 1.000000000000000000, 0.000000000000000000 ) ) ;
#916 = CARTESIAN_POINT ( 'NONE',  ( -41.38627833238640363, 226.1068574591350568, -65.01671509390986614 ) ) ;
#917 = ORIENTED_EDGE ( 'NONE', *, *, #2104, .F. ) ;
#918 = CARTESIAN_POINT ( 'NONE',  ( 38.56577549885226830, 225.4930005017455414, -48.63106805782584985 ) ) ;
#919 = EDGE_LOOP ( 'NONE', ( #403, #2121, #616, #2021 ) ) ;
#920 = CALENDAR_DATE ( 2026, 8, 5 ) ;
#921 = DIRECTION ( 'NONE',  ( 0.1957831301683551073, 0.9806472178829046538, 0.000000000000000000 ) ) ;
#922 = VERTEX_POINT ( 'NONE', #1761 ) ;
#923 = LINE ( 'NONE', #166, #2315 ) ;
#924 = CARTESIAN_POINT ( 'NONE',  ( -45.93765139068026571, 220.0000000000000000, 65.49604709223552845 ) ) ;
#925 = DIRECTION ( 'NONE',  ( -1.000000000000000000, 0.000000000000000000, 0.000000000000000000 ) ) ;
#926 = DIRECTION ( 'NONE',  ( 0.000000000000000000, -0.000000000000000000, -1.000000000000000000 ) ) ;
#927 = ORIENTED_EDGE ( 'NONE', *, *, #2337, .T. ) ;
#928 = CARTESIAN_POINT ( 'NONE',  ( 42.16630691788516572, 220.0000000000000000, -45.00333157753167512 ) ) ;
#929 = ADVANCED_FACE ( 'NONE', ( #1173 ), #979, .F. ) ;
#930 = FACE_OUTER_BOUND ( 'NONE', #2509, .T. ) ;
#931 = CIRCLE ( 'NONE', #131, 4.999999999999997335 ) ;
#932 = ORIENTED_EDGE ( 'NONE', *, *, #1467, .T. ) ;
#933 = CARTESIAN_POINT ( 'NONE',  ( 46.09690777867041334, 220.0000000000000000, -63.89218686795379654 ) ) ;
#934 = VERTEX_POINT ( 'NONE', #2584 ) ;
#935 = CIRCLE ( 'NONE', #637, 4.999999999999997335 ) ;
#936 = VECTOR ( 'NONE', #542, 1000.000000000000000 ) ;
#937 = CYLINDRICAL_SURFACE ( 'NONE', #977, 80.00000000000001421 ) ;
#938 = LINE ( 'NONE', #187, #1558 ) ;
#939 = CARTESIAN_POINT ( 'NONE',  ( -12.66279742153371402, 316.5117997281915905, -48.00000000000000000 ) ) ;
#940 = APPROVAL_PERSON_ORGANIZATION ( #1868, #322, #881 ) ;
#941 = ORIENTED_EDGE ( 'NONE', *, *, #1272, .F. ) ;
#942 = DIRECTION ( 'NONE',  ( 0.000000000000000000, 0.9805806756909202226, 0.1961161351381842666 ) ) ;
#943 = ORIENTED_EDGE ( 'NONE', *, *, #1342, .T. ) ;
#944 = ADVANCED_FACE ( 'NONE', ( #2394 ), #866, .F. ) ;
#945 = EDGE_LOOP ( 'NONE', ( #1736, #85, #351, #1450 ) ) ;
#946 = CARTESIAN_POINT ( 'NONE',  ( -46.15345844831852418, 220.0000000000000000, 64.67959015213030227 ) ) ;
#947 = CARTESIAN_POINT ( 'NONE',  ( -36.72329963518132701, 220.0000000000000284, 48.14724370410854704 ) ) ;
#948 = CARTESIAN_POINT ( 'NONE',  ( -38.43755502361878484, 220.0000000000000284, -49.18862481611643744 ) ) ;
#949 = ORIENTED_EDGE ( 'NONE', *, *, #1532, .T. ) ;
#950 = FACE_OUTER_BOUND ( 'NONE', #982, .T. ) ;
#951 = CARTESIAN_POINT ( 'NONE',  ( -65.77206906225285366, 243.1856976895368518, -63.00000000000000000 ) ) ;
#952 = VERTEX_POINT ( 'NONE', #34 ) ;
#953 = EDGE_LOOP ( 'NONE', ( #1712, #113, #1995, #1626 ) ) ;
#954 = EDGE_CURVE ( 'NONE', #828, #2416, #1685, .T. ) ;
#955 = CARTESIAN_POINT ( 'NONE',  ( -40.29762683842287885, 224.0727938555135097, 67.18544122889730374 ) ) ;
#956 = FACE_OUTER_BOUND ( 'NONE', #770, .T. ) ;
#957 = LINE ( 'NONE', #1364, #2273 ) ;
#958 = EDGE_CURVE ( 'NONE', #2498, #890, #1897, .T. ) ;
#959 =( BOUNDED_CURVE ( )  B_SPLINE_CURVE ( 3, ( #405, #436, #1223, #2457 ),
 .UNSPECIFIED., .F., .T. ) 
 B_SPLINE_CURVE_WITH_KNOTS ( ( 4, 4 ),
 ( 5.816299986315035753, 6.244048674942163757 ),
 .UNSPECIFIED. ) 
 CURVE ( )  GEOMETRIC_REPRESENTATION_ITEM ( )  RATIONAL_B_SPLINE_CURVE ( ( 1.000000000000000000, 0.9848106206255438089, 0.9848106206255438089, 1.000000000000000000 ) ) 
 REPRESENTATION_ITEM ( '' )  );
#960 = CARTESIAN_POINT ( 'NONE',  ( -37.35035143776712374, 220.0000000000000000, -43.00000000000465405 ) ) ;
#961 = EDGE_LOOP ( 'NONE', ( #130, #1320, #1965, #1334 ) ) ;
#962 = CARTESIAN_POINT ( 'NONE',  ( -46.26222609309478884, 220.0000000000000000, -63.95830475833908224 ) ) ;
#963 = CARTESIAN_POINT ( 'NONE',  ( -38.71374895262063376, 220.0000000000000000, 66.49779947358365462 ) ) ;
#964 = EDGE_LOOP ( 'NONE', ( #1348, #1301, #492, #1346 ) ) ;
#965 = CIRCLE ( 'NONE', #549, 20.00000000000000355 ) ;
#966 = CARTESIAN_POINT ( 'NONE',  ( 38.11913246552882129, 225.4628032841440017, 67.54406994123640118 ) ) ;
#967 = AXIS2_PLACEMENT_3D ( 'NONE', #1478, #514, #2124 ) ;
#968 = ORIENTED_EDGE ( 'NONE', *, *, #2201, .F. ) ;
#969 = CIRCLE ( 'NONE', #2440, 4.999999999999997335 ) ;
#970 = DIRECTION ( 'NONE',  ( -0.1957831301683551073, -0.9806472178829046538, -0.000000000000000000 ) ) ;
#971 = DIRECTION ( 'NONE',  ( 0.9751895521416776846, 0.2213714918270060228, -0.000000000000000000 ) ) ;
#972 = AXIS2_PLACEMENT_3D ( 'NONE', #1241, #1998, #2417 ) ;
#973 = CARTESIAN_POINT ( 'NONE',  ( -12.66279742153371402, 316.5117997281915905, 53.00000000000000000 ) ) ;
#974 = EDGE_CURVE ( 'NONE', #1217, #2259, #1972, .T. ) ;
#975 = CIRCLE ( 'NONE', #2489, 65.53900802632477962 ) ;
#976 = DIRECTION ( 'NONE',  ( 0.000000000000000000, 0.000000000000000000, -1.000000000000000000 ) ) ;
#977 = AXIS2_PLACEMENT_3D ( 'NONE', #903, #1912, #489 ) ;
#978 = CARTESIAN_POINT ( 'NONE',  ( -43.52426260934024782, 220.2617348445141658, 67.12796527027798277 ) ) ;
#979 = CYLINDRICAL_SURFACE ( 'NONE', #341, 60.00000000000001421 ) ;
#980 = CARTESIAN_POINT ( 'NONE',  ( 42.28642429375442902, 220.4466786921169899, -67.91066426157659919 ) ) ;
#981 = ADVANCED_FACE ( 'NONE', ( #2211 ), #1774, .T. ) ;
#982 = EDGE_LOOP ( 'NONE', ( #140, #2134, #2058, #205, #2504, #416 ) ) ;
#983 = DIRECTION ( 'NONE',  ( 0.000000000000000000, -1.000000000000000000, 0.000000000000000000 ) ) ;
#984 = ORIENTED_EDGE ( 'NONE', *, *, #562, .T. ) ;
#985 = CARTESIAN_POINT ( 'NONE',  ( 0.000000000000000000, 180.0000000000000000, 0.000000000000000000 ) ) ;
#986 = DIRECTION ( 'NONE',  ( -1.000000000000000000, 0.000000000000000000, -0.000000000000000000 ) ) ;
#987 = FACE_OUTER_BOUND ( 'NONE', #1477, .T. ) ;
#988 = DIRECTION ( 'NONE',  ( 0.000000000000000000, 0.000000000000000000, -1.000000000000000000 ) ) ;
#989 = VERTEX_POINT ( 'NONE', #1619 ) ;
#990 = FACE_OUTER_BOUND ( 'NONE', #207, .T. ) ;
#991 = CARTESIAN_POINT ( 'NONE',  ( -41.93303796689156115, 220.0000000000000000, -71.21768914852196986 ) ) ;
#992 = DIRECTION ( 'NONE',  ( 1.000000000000000000, 4.440892098500624584E-15, 0.000000000000000000 ) ) ;
#993 = EDGE_LOOP ( 'NONE', ( #1651, #1663, #2455, #2155 ) ) ;
#994 = CARTESIAN_POINT ( 'NONE',  ( 37.53402697563206658, 222.0148408584387880, 67.59703182830736523 ) ) ;
#995 = ADVANCED_FACE ( 'NONE', ( #804 ), #1363, .T. ) ;
#996 = ORIENTED_EDGE ( 'NONE', *, *, #299, .T. ) ;
#997 = CARTESIAN_POINT ( 'NONE',  ( -12.66279742153371402, 316.5117997281915905, -63.00000000000000000 ) ) ;
#998 = FACE_OUTER_BOUND ( 'NONE', #442, .T. ) ;
#999 = CARTESIAN_POINT ( 'NONE',  ( 39.64647201545916744, 220.0000000000000000, 51.01295860604242449 ) ) ;
#1000 = CARTESIAN_POINT ( 'NONE',  ( -12.66279742153371402, 316.5117997281915905, -53.00000000000000000 ) ) ;
#1001 = CARTESIAN_POINT ( 'NONE',  ( -36.85927262076150868, 222.3343372657943178, -67.84752051688292340 ) ) ;
#1002 = ORIENTED_EDGE ( 'NONE', *, *, #1083, .T. ) ;
#1003 = CARTESIAN_POINT ( 'NONE',  ( 36.50418005281886025, 219.8787829839803294, -68.02424340320393981 ) ) ;
#1004 = CARTESIAN_POINT ( 'NONE',  ( -44.07914720676983222, 220.0000000000000000, -69.24213783895280017 ) ) ;
#1005 = CARTESIAN_POINT ( 'NONE',  ( -41.31169045431357745, 226.0915077098745201, 63.95820061244959476 ) ) ;
#1006 = ORIENTED_EDGE ( 'NONE', *, *, #2310, .T. ) ;
#1007 = CARTESIAN_POINT ( 'NONE',  ( -12.66279742153371402, 316.5117997281915905, -53.00000000000000000 ) ) ;
#1008 = EDGE_CURVE ( 'NONE', #382, #167, #552, .T. ) ;
#1009 = ORIENTED_EDGE ( 'NONE', *, *, #1328, .T. ) ;
#1010 = CARTESIAN_POINT ( 'NONE',  ( -38.67179058731854724, 224.3413997722565796, -67.35401894973659864 ) ) ;
#1011 = CARTESIAN_POINT ( 'NONE',  ( -51.96152422706632734, 180.0000000000000000, -30.00000000000000000 ) ) ;
#1012 = CARTESIAN_POINT ( 'NONE',  ( 39.28434172929515000, 222.7901257955055030, -67.44197484089890793 ) ) ;
#1013 = CARTESIAN_POINT ( 'NONE',  ( -45.99533107399715703, 220.0000000000000000, 50.38252115440474910 ) ) ;
#1014 = CIRCLE ( 'NONE', #89, 5.000000000000004441 ) ;
#1015 = FACE_OUTER_BOUND ( 'NONE', #2441, .T. ) ;
#1016 = CARTESIAN_POINT ( 'NONE',  ( 52.87621060479106916, 316.5117997281915905, 53.00000000000000000 ) ) ;
#1017 = AXIS2_PLACEMENT_3D ( 'NONE', #997, #2404, #856 ) ;
#1018 = DIRECTION ( 'NONE',  ( -0.000000000000000000, -0.000000000000000000, 1.000000000000000000 ) ) ;
#1019 = CARTESIAN_POINT ( 'NONE',  ( -40.24124763053437448, 225.8712168345271607, 66.12106891947853171 ) ) ;
#1020 = VECTOR ( 'NONE', #2175, 1000.000000000000000 ) ;
#1021 = VERTEX_POINT ( 'NONE', #1197 ) ;
#1022 = CARTESIAN_POINT ( 'NONE',  ( 40.00000000000000000, 220.0000000000000000, 63.00000000000002132 ) ) ;
#1023 = AXIS2_PLACEMENT_3D ( 'NONE', #1923, #1896, #120 ) ;
#1024 = EDGE_CURVE ( 'NONE', #1143, #507, #172, .T. ) ;
#1025 = ORIENTED_EDGE ( 'NONE', *, *, #2337, .F. ) ;
#1026 = CARTESIAN_POINT ( 'NONE',  ( 39.28434172929515000, 222.7901257955055030, -67.44197484089890793 ) ) ;
#1027 = CARTESIAN_POINT ( 'NONE',  ( -41.39233025871091343, 248.7199849852119939, -68.00000000000000000 ) ) ;
#1028 = CARTESIAN_POINT ( 'NONE',  ( 39.15398310469782217, 220.0000000000000000, -65.90282818661873421 ) ) ;
#1029 = DIRECTION ( 'NONE',  ( 1.000000000000000000, 0.000000000000000000, 0.000000000000000000 ) ) ;
#1030 = DIRECTION ( 'NONE',  ( -1.000000000000000000, -0.000000000000000000, -0.000000000000000000 ) ) ;
#1031 = CARTESIAN_POINT ( 'NONE',  ( -41.39233025871090632, 248.7199849852119939, -48.00000000000000000 ) ) ;
#1032 = VERTEX_POINT ( 'NONE', #763 ) ;
#1033 = CARTESIAN_POINT ( 'NONE',  ( 44.98873492010844188, 220.0000000000000000, 67.63376848411567721 ) ) ;
#1034 = ORIENTED_EDGE ( 'NONE', *, *, #609, .F. ) ;
#1035 = DIRECTION ( 'NONE',  ( 1.000000000000000000, 0.000000000000000000, 0.000000000000000000 ) ) ;
#1036 = CARTESIAN_POINT ( 'NONE',  ( 36.59268319039874484, 225.1281628621742925, 47.99999999999999289 ) ) ;
#1037 = CARTESIAN_POINT ( 'NONE',  ( 41.19367168926355305, 225.9789156508801398, -63.47915237916955533 ) ) ;
#1038 = CARTESIAN_POINT ( 'NONE',  ( 15.04661015883235820, 159.9999999999999716, 80.00000000000001421 ) ) ;
#1039 =( BOUNDED_CURVE ( )  B_SPLINE_CURVE ( 3, ( #2339, #367, #2571, #1553 ),
 .UNSPECIFIED., .F., .F. ) 
 B_SPLINE_CURVE_WITH_KNOTS ( ( 4, 4 ),
 ( 5.140137669011815014, 6.283185307179586232 ),
 .UNSPECIFIED. ) 
 CURVE ( )  GEOMETRIC_REPRESENTATION_ITEM ( )  RATIONAL_B_SPLINE_CURVE ( ( 1.000000000000000000, 0.8940517976061113092, 0.8940517976061113092, 1.000000000000000000 ) ) 
 REPRESENTATION_ITEM ( '' )  );
#1040 = EDGE_CURVE ( 'NONE', #2011, #1065, #1987, .T. ) ;
#1041 = DIRECTION ( 'NONE',  ( 1.000000000000000000, 0.000000000000000000, 0.000000000000000000 ) ) ;
#1042 = DIRECTION ( 'NONE',  ( -0.000000000000000000, -0.000000000000000000, 1.000000000000000000 ) ) ;
#1043 = ORIENTED_EDGE ( 'NONE', *, *, #1827, .T. ) ;
#1044 = CARTESIAN_POINT ( 'NONE',  ( -65.77206906225285366, 243.1856976895368518, -48.00000000000000000 ) ) ;
#1045 = ORIENTED_EDGE ( 'NONE', *, *, #1793, .T. ) ;
#1046 = DIRECTION ( 'NONE',  ( -0.000000000000000000, -0.000000000000000000, -1.000000000000000000 ) ) ;
#1047 = CARTESIAN_POINT ( 'NONE',  ( 46.09690777867040623, 225.0000000000000000, 68.00000000000000000 ) ) ;
#1048 = CARTESIAN_POINT ( 'NONE',  ( 38.56869475788783319, 220.0000000000000000, 43.26027323412307624 ) ) ;
#1049 = VERTEX_POINT ( 'NONE', #576 ) ;
#1050 = CARTESIAN_POINT ( 'NONE',  ( 40.95785980695666240, 220.0000000000000000, -71.73571525794943682 ) ) ;
#1051 = CARTESIAN_POINT ( 'NONE',  ( -65.77206906225285366, 243.1856976895368518, 53.00000000000000000 ) ) ;
#1052 = AXIS2_PLACEMENT_3D ( 'NONE', #702, #479, #2088 ) ;
#1053 = ADVANCED_FACE ( 'NONE', ( #2377 ), #19, .F. ) ;
#1054 = LINE ( 'NONE', #1858, #805 ) ;
#1055 = AXIS2_PLACEMENT_3D ( 'NONE', #1218, #2250, #1474 ) ;
#1056 = DIRECTION ( 'NONE',  ( 0.2213714918270059950, -0.9751895521416775736, 0.000000000000000000 ) ) ;
#1057 = TOROIDAL_SURFACE ( 'NONE', #1233, 25.00000000000000355, 5.000000000000000000 ) ;
#1058 = ORIENTED_EDGE ( 'NONE', *, *, #1240, .F. ) ;
#1059 = CARTESIAN_POINT ( 'NONE',  ( -2.775557561562891351E-14, 159.9999999999999716, -80.00000000000000000 ) ) ;
#1060 = VECTOR ( 'NONE', #2463, 1000.000000000000000 ) ;
#1061 = ORIENTED_EDGE ( 'NONE', *, *, #1024, .F. ) ;
#1062 = AXIS2_PLACEMENT_3D ( 'NONE', #658, #1466, #2444 ) ;
#1063 = CARTESIAN_POINT ( 'NONE',  ( -41.39233025871090632, 248.7199849852119939, -63.00000000000000000 ) ) ;
#1064 =( NAMED_UNIT ( * ) PLANE_ANGLE_UNIT ( ) SI_UNIT ( $, .RADIAN. ) );
#1065 = VERTEX_POINT ( 'NONE', #1375 ) ;
#1066 = CARTESIAN_POINT ( 'NONE',  ( -39.75034077822652989, 222.2961934337868115, -67.54076131324261212 ) ) ;
#1067 = DIRECTION ( 'NONE',  ( -1.000000000000000000, 4.163336342344337027E-15, 2.775557561562892929E-15 ) ) ;
#1068 = DIRECTION ( 'NONE',  ( -0.000000000000000000, -0.000000000000000000, -1.000000000000000000 ) ) ;
#1069 = CARTESIAN_POINT ( 'NONE',  ( -41.39233025871090632, 248.7199849852119939, 48.00000000000000000 ) ) ;
#1070 = ORIENTED_EDGE ( 'NONE', *, *, #1963, .F. ) ;
#1071 = FACE_OUTER_BOUND ( 'NONE', #2261, .T. ) ;
#1072 = VERTEX_POINT ( 'NONE', #1961 ) ;
#1073 = EDGE_CURVE ( 'NONE', #1940, #1538, #157, .T. ) ;
#1074 = CARTESIAN_POINT ( 'NONE',  ( 52.87621060479106916, 316.5117997281915905, -63.00000000000000000 ) ) ;
#1075 = CALENDAR_DATE ( 2026, 8, 5 ) ;
#1076 = CARTESIAN_POINT ( 'NONE',  ( 35.89956074332287983, 225.0000000000000000, -48.00000000000000000 ) ) ;
#1077 = LINE ( 'NONE', #528, #1100 ) ;
#1078 = CARTESIAN_POINT ( 'NONE',  ( -41.38627833238639653, 226.1068574591350568, -50.07106781186545419 ) ) ;
#1079 = DIRECTION ( 'NONE',  ( -1.000000000000000000, 0.000000000000000000, -0.000000000000000000 ) ) ;
#1080 = ORIENTED_EDGE ( 'NONE', *, *, #208, .F. ) ;
#1081 = FACE_OUTER_BOUND ( 'NONE', #666, .T. ) ;
#1082 = ORIENTED_EDGE ( 'NONE', *, *, #1166, .T. ) ;
#1083 = EDGE_CURVE ( 'NONE', #1538, #1437, #2373, .T. ) ;
#1084 = CARTESIAN_POINT ( 'NONE',  ( 56.51108455170157185, 302.7014519378270165, -63.00000000000000000 ) ) ;
#1085 = EDGE_LOOP ( 'NONE', ( #2270, #2052, #932, #1561 ) ) ;
#1086 = CARTESIAN_POINT ( 'NONE',  ( -51.10732046425700759, 263.4327999157216595, -63.00000000000000000 ) ) ;
#1087 = CARTESIAN_POINT ( 'NONE',  ( 0.000000000000000000, 144.9999999999999716, 0.000000000000000000 ) ) ;
#1088 = AXIS2_PLACEMENT_3D ( 'NONE', #2450, #440, #2411 ) ;
#1089 = CARTESIAN_POINT ( 'NONE',  ( 46.09690777867040623, 220.0000000000000000, 53.00000000000000000 ) ) ;
#1090 = TOROIDAL_SURFACE ( 'NONE', #1052, 65.53900802632477962, 5.000000000000000000 ) ;
#1091 = FACE_OUTER_BOUND ( 'NONE', #1958, .T. ) ;
#1092 = ORIENTED_EDGE ( 'NONE', *, *, #128, .T. ) ;
#1093 = AXIS2_PLACEMENT_3D ( 'NONE', #406, #780, #2364 ) ;
#1094 = CARTESIAN_POINT ( 'NONE',  ( 46.09690777867040623, 225.0000000000000000, 0.000000000000000000 ) ) ;
#1095 = VECTOR ( 'NONE', #537, 1000.000000000000114 ) ;
#1096 = VERTEX_POINT ( 'NONE', #1182 ) ;
#1097 = CIRCLE ( 'NONE', #345, 70.53900802632479383 ) ;
#1098 = ADVANCED_FACE ( 'NONE', ( #1567 ), #2558, .T. ) ;
#1099 = CYLINDRICAL_SURFACE ( 'NONE', #1183, 70.53900802632479383 ) ;
#1100 = VECTOR ( 'NONE', #132, 1000.000000000000114 ) ;
#1101 = ORIENTED_EDGE ( 'NONE', *, *, #160, .T. ) ;
#1102 = CARTESIAN_POINT ( 'NONE',  ( -42.30325649339646077, 220.4990983055452602, -67.90018033889094795 ) ) ;
#1103 = CARTESIAN_POINT ( 'NONE',  ( -38.39820414689988581, 225.0143510807153575, 67.43380527041544781 ) ) ;
#1104 = LOCAL_TIME ( 19, 32, 5.000000000000000000, #1879 ) ;
#1105 = CARTESIAN_POINT ( 'NONE',  ( 39.00077913474260072, 225.5734355118437691, 48.00000000000000000 ) ) ;
#1106 = ADVANCED_FACE ( 'NONE', ( #956 ), #310, .F. ) ;
#1107 = CARTESIAN_POINT ( 'NONE',  ( 35.09676391058548006, 220.9789156508417705, 53.00000000000000000 ) ) ;
#1108 = EDGE_LOOP ( 'NONE', ( #36, #2464, #2551, #996 ) ) ;
#1109 = B_SPLINE_CURVE_WITH_KNOTS ( 'NONE', 3,
 ( #152, #1752, #656, #1465, #1216, #1794, #204, #980 ),
 .UNSPECIFIED., .F., .F.,
 ( 4, 2, 2, 4 ),
 ( 0.000000000000000000, 0.0009726939018839595016, 0.001945387803767919003, 0.003890775607535903492 ),
 .UNSPECIFIED. ) ;
#1110 = CARTESIAN_POINT ( 'NONE',  ( 35.89956074332290825, 220.0000000000000000, -47.99999999999999289 ) ) ;
#1111 = EDGE_CURVE ( 'NONE', #2319, #274, #721, .T. ) ;
#1112 = ORIENTED_EDGE ( 'NONE', *, *, #2138, .T. ) ;
#1113 = PERSON_AND_ORGANIZATION ( #2295, #227 ) ;
#1114 =( BOUNDED_CURVE ( )  B_SPLINE_CURVE ( 3, ( #2429, #245, #1, #1439 ),
 .UNSPECIFIED., .F., .F. ) 
 B_SPLINE_CURVE_WITH_KNOTS ( ( 4, 4 ),
 ( 1.570796326794896558, 3.141592653589793116 ),
 .UNSPECIFIED. ) 
 CURVE ( )  GEOMETRIC_REPRESENTATION_ITEM ( )  RATIONAL_B_SPLINE_CURVE ( ( 1.000000000000000000, 0.8047378541243649375, 0.8047378541243649375, 1.000000000000000000 ) ) 
 REPRESENTATION_ITEM ( '' )  );
#1115 = CARTESIAN_POINT ( 'NONE',  ( 0.000000000000000000, 144.9999999999999716, 7.500000000000000000 ) ) ;
#1116 = EDGE_LOOP ( 'NONE', ( #838, #949, #917, #1219 ) ) ;
#1117 = CYLINDRICAL_SURFACE ( 'NONE', #634, 80.00000000000001421 ) ;
#1118 = CARTESIAN_POINT ( 'NONE',  ( -46.26827801941930574, 247.6131275260769655, 63.00000000000000000 ) ) ;
#1119 = CARTESIAN_POINT ( 'NONE',  ( 38.53793267055142735, 224.2948594356860212, 67.35995260205193347 ) ) ;
#1120 = EDGE_CURVE ( 'NONE', #1731, #1586, #969, .T. ) ;
#1121 = DIRECTION ( 'NONE',  ( -0.000000000000000000, -0.000000000000000000, 1.000000000000000000 ) ) ;
#1122 = EDGE_CURVE ( 'NONE', #614, #638, #2189, .T. ) ;
#1123 = EDGE_LOOP ( 'NONE', ( #1212, #2358, #1092, #2251, #797, #608, #1045, #984, #724, #1006, #1598, #699, #1112, #1909, #2383, #1522 ) ) ;
#1124 = DIRECTION ( 'NONE',  ( 0.000000000000000000, 0.000000000000000000, 1.000000000000000000 ) ) ;
#1125 = CARTESIAN_POINT ( 'NONE',  ( 35.00017115330175699, 220.4950975679639384, 68.00000000000000000 ) ) ;
#1126 = EDGE_LOOP ( 'NONE', ( #103, #1101, #2495, #1945 ) ) ;
#1127 =( BOUNDED_CURVE ( )  B_SPLINE_CURVE ( 3, ( #23, #650, #1634, #2257 ),
 .UNSPECIFIED., .F., .F. ) 
 B_SPLINE_CURVE_WITH_KNOTS ( ( 4, 4 ),
 ( 5.811191215236107155, 6.238939903863236935 ),
 .UNSPECIFIED. ) 
 CURVE ( )  GEOMETRIC_REPRESENTATION_ITEM ( )  RATIONAL_B_SPLINE_CURVE ( ( 1.000000000000000000, 0.9848106206255435868, 0.9848106206255435868, 1.000000000000000000 ) ) 
 REPRESENTATION_ITEM ( '' )  );
#1128 = CARTESIAN_POINT ( 'NONE',  ( -12.66279742153371402, 316.5117997281915905, -63.00000000000000000 ) ) ;
#1129 = ORIENTED_EDGE ( 'NONE', *, *, #1541, .F. ) ;
#1130 = DIRECTION ( 'NONE',  ( 1.000000000000000000, -1.526556658859589928E-14, 0.000000000000000000 ) ) ;
#1131 = DIRECTION ( 'NONE',  ( 0.000000000000000000, 0.000000000000000000, 1.000000000000000000 ) ) ;
#1132 = FACE_OUTER_BOUND ( 'NONE', #1863, .T. ) ;
#1133 = DIRECTION ( 'NONE',  ( 0.000000000000000000, -1.000000000000000000, 0.000000000000000000 ) ) ;
#1134 = ADVANCED_FACE ( 'NONE', ( #882 ), #1880, .T. ) ;
#1135 = CARTESIAN_POINT ( 'NONE',  ( 38.24236635320024646, 221.3959157788263497, -67.72081684423474712 ) ) ;
#1136 = CARTESIAN_POINT ( 'NONE',  ( 39.42193788342014216, 219.9999999999999716, -50.51236782373210588 ) ) ;
#1137 = DIRECTION ( 'NONE',  ( 0.000000000000000000, 0.000000000000000000, 1.000000000000000000 ) ) ;
#1138 = AXIS2_PLACEMENT_3D ( 'NONE', #973, #2545, #749 ) ;
#1139 = ORIENTED_EDGE ( 'NONE', *, *, #609, .T. ) ;
#1140 = ADVANCED_FACE ( 'NONE', ( #1640 ), #1840, .T. ) ;
#1141 = AXIS2_PLACEMENT_3D ( 'NONE', #2191, #1720, #816 ) ;
#1142 = CARTESIAN_POINT ( 'NONE',  ( -34.87279166494435145, 219.5145168922730079, 68.09709662154540410 ) ) ;
#1143 = VERTEX_POINT ( 'NONE', #446 ) ;
#1144 = CIRCLE ( 'NONE', #469, 4.999999999999997335 ) ;
#1145 = VECTOR ( 'NONE', #822, 1000.000000000000114 ) ;
#1146 = DIRECTION ( 'NONE',  ( -1.000000000000000000, 0.000000000000000000, 0.000000000000000000 ) ) ;
#1147 = CARTESIAN_POINT ( 'NONE',  ( 51.96152422706632734, 220.0000000000000000, -30.00000000000000000 ) ) ;
#1148 = AXIS2_PLACEMENT_3D ( 'NONE', #1632, #264, #2433 ) ;
#1149 = DIRECTION ( 'NONE',  ( -1.000000000000000000, 0.000000000000000000, 0.000000000000000000 ) ) ;
#1150 = ORIENTED_EDGE ( 'NONE', *, *, #1927, .T. ) ;
#1151 = CARTESIAN_POINT ( 'NONE',  ( -38.67575770897864373, 225.5490481605000070, -67.36785394408738625 ) ) ;
#1152 = CARTESIAN_POINT ( 'NONE',  ( -29.52657803987188956, 180.6983862120367519, -75.86032275759266952 ) ) ;
#1153 = ORIENTED_EDGE ( 'NONE', *, *, #1819, .F. ) ;
#1154 = ADVANCED_FACE ( 'NONE', ( #1919 ), #1982, .T. ) ;
#1155 = EDGE_CURVE ( 'NONE', #2190, #1616, #1607, .T. ) ;
#1156 = ORIENTED_EDGE ( 'NONE', *, *, #2040, .T. ) ;
#1157 = CARTESIAN_POINT ( 'NONE',  ( -35.70907602666427039, 219.5145168874702222, 68.09709662250595841 ) ) ;
#1158 = LINE ( 'NONE', #171, #547 ) ;
#1159 = UNCERTAINTY_MEASURE_WITH_UNIT (LENGTH_MEASURE( 1.000000000000000082E-05 ), #18, 'distance_accuracy_value', 'NONE');
#1160 = CARTESIAN_POINT ( 'NONE',  ( -39.31312985055762255, 225.6802156211672923, -49.00166578876345369 ) ) ;
#1161 = ORIENTED_EDGE ( 'NONE', *, *, #1395, .T. ) ;
#1162 = CARTESIAN_POINT ( 'NONE',  ( -51.10732046425700048, 263.4327999157216595, -68.00000000000000000 ) ) ;
#1163 = CARTESIAN_POINT ( 'NONE',  ( -41.01942761638089507, 226.0313617263752803, 64.87713109306548631 ) ) ;
#1164 = ORIENTED_EDGE ( 'NONE', *, *, #192, .T. ) ;
#1165 = ORIENTED_EDGE ( 'NONE', *, *, #1166, .F. ) ;
#1166 = EDGE_CURVE ( 'NONE', #1848, #934, #220, .T. ) ;
#1167 = CARTESIAN_POINT ( 'NONE',  ( -12.66279742153371402, 316.5117997281915905, -48.00000000000000000 ) ) ;
#1168 = DIRECTION ( 'NONE',  ( 0.9806472178829046538, -0.1957831301683551073, 0.000000000000000000 ) ) ;
#1169 = DIRECTION ( 'NONE',  ( -0.000000000000000000, -1.000000000000000000, -0.000000000000000000 ) ) ;
#1170 = ADVANCED_FACE ( 'NONE', ( #1539 ), #1099, .T. ) ;
#1171 = CARTESIAN_POINT ( 'NONE',  ( -46.26222609309478884, 220.0000000000000000, -53.00000000000000000 ) ) ;
#1172 = ORIENTED_EDGE ( 'NONE', *, *, #667, .F. ) ;
#1173 = FACE_OUTER_BOUND ( 'NONE', #964, .T. ) ;
#1174 = CC_DESIGN_PERSON_AND_ORGANIZATION_ASSIGNMENT ( #697, #2518, ( #1907 ) ) ;
#1175 = CARTESIAN_POINT ( 'NONE',  ( -54.04027018385617254, 259.3833794704846696, -53.00000000000000000 ) ) ;
#1176 = ORIENTED_EDGE ( 'NONE', *, *, #641, .T. ) ;
#1177 = DIRECTION ( 'NONE',  ( 0.000000000000000000, 0.000000000000000000, -1.000000000000000000 ) ) ;
#1178 = AXIS2_PLACEMENT_3D ( 'NONE', #1086, #2266, #1327 ) ;
#1179 = VERTEX_POINT ( 'NONE', #1347 ) ;
#1180 = AXIS2_PLACEMENT_3D ( 'NONE', #1094, #1742, #1903 ) ;
#1181 = CYLINDRICAL_SURFACE ( 'NONE', #1906, 4.999999999999997335 ) ;
#1182 = CARTESIAN_POINT ( 'NONE',  ( 52.87621060479106916, 316.5117997281915905, 48.00000000000000000 ) ) ;
#1183 = AXIS2_PLACEMENT_3D ( 'NONE', #2508, #1492, #2106 ) ;
#1184 = DIRECTION ( 'NONE',  ( -0.000000000000000000, -0.000000000000000000, 1.000000000000000000 ) ) ;
#1185 = VECTOR ( 'NONE', #1647, 1000.000000000000000 ) ;
#1186 = DIRECTION ( 'NONE',  ( 0.000000000000000000, 0.000000000000000000, 1.000000000000000000 ) ) ;
#1187 = AXIS2_PLACEMENT_3D ( 'NONE', #1871, #1857, #1820 ) ;
#1188 = EDGE_LOOP ( 'NONE', ( #2393, #499, #1248, #2092, #2054, #1513, #253 ) ) ;
#1189 = CARTESIAN_POINT ( 'NONE',  ( -41.31169045431451536, 226.0915077098727863, -63.95820061244523913 ) ) ;
#1190 = CC_DESIGN_SECURITY_CLASSIFICATION ( #2494, ( #1907 ) ) ;
#1191 = LINE ( 'NONE', #2549, #2526 ) ;
#1192 = VERTEX_POINT ( 'NONE', #107 ) ;
#1193 = DIRECTION ( 'NONE',  ( 0.000000000000000000, 0.000000000000000000, 1.000000000000000000 ) ) ;
#1194 = VERTEX_POINT ( 'NONE', #2299 ) ;
#1195 = CARTESIAN_POINT ( 'NONE',  ( 51.60784846228703771, 303.6803675886687870, 68.00000000000000000 ) ) ;
#1196 = CARTESIAN_POINT ( 'NONE',  ( -35.36437883077425681, 220.5731343484080185, 67.99999999999998579 ) ) ;
#1197 = CARTESIAN_POINT ( 'NONE',  ( 41.09690777867041334, 225.0000000000000000, 53.00000000000000000 ) ) ;
#1198 = CARTESIAN_POINT ( 'NONE',  ( 38.52566167574958200, 225.4855831941787585, -67.36785488781816866 ) ) ;
#1199 = PLANE ( 'NONE',  #726 ) ;
#1200 = ORIENTED_EDGE ( 'NONE', *, *, #1699, .F. ) ;
#1201 = EDGE_CURVE ( 'NONE', #1217, #1404, #2075, .T. ) ;
#1202 = CARTESIAN_POINT ( 'NONE',  ( -34.98518057126455005, 219.5145168922730079, -68.09709662154540410 ) ) ;
#1203 = CARTESIAN_POINT ( 'NONE',  ( -38.20530825867070490, 225.4522324138508509, 67.56362753677828437 ) ) ;
#1204 = VERTEX_POINT ( 'NONE', #1115 ) ;
#1205 = DIRECTION ( 'NONE',  ( 0.000000000000000000, 0.000000000000000000, -1.000000000000000000 ) ) ;
#1206 = EDGE_CURVE ( 'NONE', #1744, #1767, #1408, .T. ) ;
#1207 = ORIENTED_EDGE ( 'NONE', *, *, #1008, .T. ) ;
#1208 = CARTESIAN_POINT ( 'NONE',  ( 39.00077913474257230, 225.5734355118438259, -47.99999999999998579 ) ) ;
#1209 = DIRECTION ( 'NONE',  ( 1.000000000000000000, 0.000000000000000000, 0.000000000000000000 ) ) ;
#1210 = CARTESIAN_POINT ( 'NONE',  ( -38.86010855247805296, 219.9999999999999432, 49.64760742205906752 ) ) ;
#1211 = CARTESIAN_POINT ( 'NONE',  ( 38.13607753108192355, 225.2965427263548293, -67.52167302546305905 ) ) ;
#1212 = ORIENTED_EDGE ( 'NONE', *, *, #2234, .T. ) ;
#1213 = CARTESIAN_POINT ( 'NONE',  ( -12.66279742153371402, 316.5117997281915905, -63.00000000000000000 ) ) ;
#1214 = CARTESIAN_POINT ( 'NONE',  ( -65.77206906225285366, 243.1856976895368518, -68.00000000000000000 ) ) ;
#1215 = EDGE_CURVE ( 'NONE', #2416, #2067, #1730, .T. ) ;
#1216 = CARTESIAN_POINT ( 'NONE',  ( 40.32502600300330187, 221.5676111952601559, -67.68647776094795177 ) ) ;
#1217 = VERTEX_POINT ( 'NONE', #1892 ) ;
#1218 = CARTESIAN_POINT ( 'NONE',  ( 51.60784846228704481, 303.6803675886687870, -63.00000000000000000 ) ) ;
#1219 = ORIENTED_EDGE ( 'NONE', *, *, #747, .F. ) ;
#1220 = EDGE_CURVE ( 'NONE', #1635, #1316, #2324, .T. ) ;
#1221 = VECTOR ( 'NONE', #1169, 1000.000000000000000 ) ;
#1222 = CARTESIAN_POINT ( 'NONE',  ( -46.26222609309478884, 220.0000000000000000, -53.00000000000000000 ) ) ;
#1223 = CARTESIAN_POINT ( 'NONE',  ( 35.76083320487361306, 220.6357489435942227, -67.99999999999998579 ) ) ;
#1224 = CIRCLE ( 'NONE', #1523, 4.999999999999997335 ) ;
#1225 = CARTESIAN_POINT ( 'NONE',  ( 39.99999999995016964, 220.0000000000398472, -63.36234499665805942 ) ) ;
#1226 = CIRCLE ( 'NONE', #176, 5.000000000000000888 ) ;
#1227 = CARTESIAN_POINT ( 'NONE',  ( 35.76083320487357753, 220.6357489435942227, 67.99999999999998579 ) ) ;
#1228 =( BOUNDED_CURVE ( )  B_SPLINE_CURVE ( 3, ( #60, #1246, #1659, #2462 ),
 .UNSPECIFIED., .F., .F. ) 
 B_SPLINE_CURVE_WITH_KNOTS ( ( 4, 4 ),
 ( 4.712388980384689674, 6.283185307179586232 ),
 .UNSPECIFIED. ) 
 CURVE ( )  GEOMETRIC_REPRESENTATION_ITEM ( )  RATIONAL_B_SPLINE_CURVE ( ( 1.000000000000000000, 0.8047378541243649375, 0.8047378541243649375, 1.000000000000000000 ) ) 
 REPRESENTATION_ITEM ( '' )  );
#1229 = DIRECTION ( 'NONE',  ( -0.000000000000000000, 0.000000000000000000, 1.000000000000000000 ) ) ;
#1230 = VECTOR ( 'NONE', #1345, 1000.000000000000000 ) ;
#1231 = CARTESIAN_POINT ( 'NONE',  ( -35.36437883075476662, 220.5731343483934950, -67.99999999999998579 ) ) ;
#1232 = CARTESIAN_POINT ( 'NONE',  ( 0.000000000000000000, 159.9999999999999716, 7.500000000000000000 ) ) ;
#1233 = AXIS2_PLACEMENT_3D ( 'NONE', #951, #2274, #271 ) ;
#1234 = EDGE_LOOP ( 'NONE', ( #1602, #2249, #2096, #2466 ) ) ;
#1235 = CARTESIAN_POINT ( 'NONE',  ( 41.19367168925587919, 225.9789156508417705, 68.00000000000000000 ) ) ;
#1236 = CIRCLE ( 'NONE', #349, 5.000000000000004441 ) ;
#1237 =( BOUNDED_CURVE ( )  B_SPLINE_CURVE ( 3, ( #71, #2422, #1038, #2033 ),
 .UNSPECIFIED., .F., .T. ) 
 B_SPLINE_CURVE_WITH_KNOTS ( ( 4, 4 ),
 ( 5.726258042490181666, 6.283185307179586232 ),
 .UNSPECIFIED. ) 
 CURVE ( )  GEOMETRIC_REPRESENTATION_ITEM ( )  RATIONAL_B_SPLINE_CURVE ( ( 1.000000000000000000, 0.9743192585159047292, 0.9743192585159047292, 1.000000000000000000 ) ) 
 REPRESENTATION_ITEM ( '' )  );
#1238 = CIRCLE ( 'NONE', #1865, 4.999999999999997335 ) ;
#1239 = ORIENTED_EDGE ( 'NONE', *, *, #1588, .F. ) ;
#1240 = EDGE_CURVE ( 'NONE', #274, #625, #513, .T. ) ;
#1241 = CARTESIAN_POINT ( 'NONE',  ( 46.09690777867041334, 225.0000000000000000, 53.00000000000000000 ) ) ;
#1242 = DIRECTION ( 'NONE',  ( -1.000000000000000000, 0.000000000000000000, 0.000000000000000000 ) ) ;
#1243 = CARTESIAN_POINT ( 'NONE',  ( 41.03513825776752810, 220.0000000000000000, 44.26213611565119521 ) ) ;
#1244 = CARTESIAN_POINT ( 'NONE',  ( -37.41561228215172008, 225.2897175984230387, 48.13013661705947044 ) ) ;
#1245 = CARTESIAN_POINT ( 'NONE',  ( 39.04708037550540212, 223.2069280454623481, -67.35861439090753322 ) ) ;
#1246 = CARTESIAN_POINT ( 'NONE',  ( -39.15844356530968184, 225.6483820879474536, 48.00000000000000000 ) ) ;
#1247 = DIRECTION ( 'NONE',  ( 0.000000000000000000, -1.000000000000000000, 0.000000000000000000 ) ) ;
#1248 = ORIENTED_EDGE ( 'NONE', *, *, #1798, .T. ) ;
#1249 = DIRECTION ( 'NONE',  ( -0.000000000000000000, -0.000000000000000000, -1.000000000000000000 ) ) ;
#1250 = ORIENTED_EDGE ( 'NONE', *, *, #1884, .F. ) ;
#1251 = EDGE_CURVE ( 'NONE', #2319, #115, #257, .T. ) ;
#1252 = CARTESIAN_POINT ( 'NONE',  ( -38.27827630352786770, 225.3492568992421923, -67.52092345589579736 ) ) ;
#1253 = DIRECTION ( 'NONE',  ( 0.000000000000000000, 0.000000000000000000, -1.000000000000000000 ) ) ;
#1254 = CARTESIAN_POINT ( 'NONE',  ( -38.71650845005367358, 225.5574344247783927, 48.63106805782765463 ) ) ;
#1255 = CARTESIAN_POINT ( 'NONE',  ( -41.38627833238639653, 226.1068574591350284, 63.00000000000000000 ) ) ;
#1256 = EDGE_CURVE ( 'NONE', #890, #989, #94, .T. ) ;
#1257 = CYLINDRICAL_SURFACE ( 'NONE', #1361, 20.00000000000000355 ) ;
#1258 = ORIENTED_EDGE ( 'NONE', *, *, #1256, .F. ) ;
#1259 = CARTESIAN_POINT ( 'NONE',  ( 38.52566167574828881, 225.4855831941810891, 67.36785488781892184 ) ) ;
#1260 = APPROVAL ( #2496, 'UNSPECIFIED' ) ;
#1261 = ORIENTED_EDGE ( 'NONE', *, *, #1765, .F. ) ;
#1262 = CARTESIAN_POINT ( 'NONE',  ( 41.09690777867040623, 225.0000000000000000, -63.00000000000000000 ) ) ;
#1263 = CARTESIAN_POINT ( 'NONE',  ( 39.28434172929515000, 222.7901257955055030, 67.44197484089890793 ) ) ;
#1264 = CARTESIAN_POINT ( 'NONE',  ( 37.28528308401600100, 225.2562291007745330, 48.13013661706128232 ) ) ;
#1265 = ORIENTED_EDGE ( 'NONE', *, *, #2093, .F. ) ;
#1266 = CARTESIAN_POINT ( 'NONE',  ( 46.09690777867040623, 220.0000000000000000, -53.00000000000000000 ) ) ;
#1267 = CARTESIAN_POINT ( 'NONE',  ( -41.39233025871090632, 248.7199849852119939, -68.00000000000000000 ) ) ;
#1268 = VECTOR ( 'NONE', #2327, 999.9999999999998863 ) ;
#1269 = CARTESIAN_POINT ( 'NONE',  ( -51.10732046425700759, 263.4327999157216595, 53.00000000000000000 ) ) ;
#1270 = AXIS2_PLACEMENT_3D ( 'NONE', #1674, #2271, #466 ) ;
#1271 = CARTESIAN_POINT ( 'NONE',  ( 41.19367168925589340, 225.9789156508417989, -65.01671509390986614 ) ) ;
#1272 = EDGE_CURVE ( 'NONE', #952, #2437, #2533, .T. ) ;
#1273 = AXIS2_PLACEMENT_3D ( 'NONE', #2195, #391, #2443 ) ;
#1274 = EDGE_LOOP ( 'NONE', ( #2311, #2506, #1058, #1949 ) ) ;
#1275 = CARTESIAN_POINT ( 'NONE',  ( 40.06660008687072150, 225.7705127589418055, 66.12106891947613008 ) ) ;
#1276 = TOROIDAL_SURFACE ( 'NONE', #2281, 65.53900802632477962, 5.000000000000000000 ) ;
#1277 = EDGE_CURVE ( 'NONE', #1425, #2300, #2519, .T. ) ;
#1278 = EDGE_LOOP ( 'NONE', ( #26, #863, #585, #1382 ) ) ;
#1279 = AXIS2_PLACEMENT_3D ( 'NONE', #575, #1146, #168 ) ;
#1280 = CARTESIAN_POINT ( 'NONE',  ( -41.38627833238639653, 226.1068574591350568, 65.01671509390985193 ) ) ;
#1281 = SECURITY_CLASSIFICATION_LEVEL ( 'unclassified' ) ;
#1282 = CARTESIAN_POINT ( 'NONE',  ( -12.66279742153371402, 316.5117997281915905, 48.00000000000000000 ) ) ;
#1283 = EDGE_LOOP ( 'NONE', ( #474, #717, #760, #241 ) ) ;
#1284 = CARTESIAN_POINT ( 'NONE',  ( 45.73595615903204958, 220.0000000000000000, 65.63704985919996204 ) ) ;
#1285 = CARTESIAN_POINT ( 'NONE',  ( -12.66279742153371402, 316.5117997281915905, 68.00000000000000000 ) ) ;
#1286 = CARTESIAN_POINT ( 'NONE',  ( 39.28434172929515000, 222.7901257955055030, 67.44197484089890793 ) ) ;
#1287 = CARTESIAN_POINT ( 'NONE',  ( -42.30325649339646077, 220.4990983055452602, -67.90018033889094795 ) ) ;
#1288 = EDGE_CURVE ( 'NONE', #2205, #2145, #2427, .T. ) ;
#1289 = ORIENTED_EDGE ( 'NONE', *, *, #1502, .F. ) ;
#1290 = CARTESIAN_POINT ( 'NONE',  ( 46.09690777867039913, 220.0000000000000000, -53.00000000000002132 ) ) ;
#1291 = ORIENTED_EDGE ( 'NONE', *, *, #837, .F. ) ;
#1292 = ADVANCED_FACE ( 'NONE', ( #2095 ), #897, .T. ) ;
#1293 = CARTESIAN_POINT ( 'NONE',  ( 35.49393018878914319, 222.9682597042463215, 63.00000000000000000 ) ) ;
#1294 = DATE_AND_TIME ( #1075, #775 ) ;
#1295 = CARTESIAN_POINT ( 'NONE',  ( -40.17126819382158232, 221.8360535397374065, 67.63278929205254997 ) ) ;
#1296 = VERTEX_POINT ( 'NONE', #498 ) ;
#1297 = DIRECTION ( 'NONE',  ( -1.000000000000000000, 0.000000000000000000, 0.000000000000000000 ) ) ;
#1298 = CARTESIAN_POINT ( 'NONE',  ( 35.89956074332287272, 220.0000000000000000, -43.00000000000000000 ) ) ;
#1299 = CYLINDRICAL_SURFACE ( 'NONE', #1977, 70.53900802632479383 ) ;
#1300 = CARTESIAN_POINT ( 'NONE',  ( -41.39233025871090632, 248.7199849852119939, 68.00000000000000000 ) ) ;
#1301 = ORIENTED_EDGE ( 'NONE', *, *, #306, .F. ) ;
#1302 = CARTESIAN_POINT ( 'NONE',  ( 35.89956074332290825, 225.0000000000000000, -47.99999999999999289 ) ) ;
#1303 = EDGE_CURVE ( 'NONE', #145, #2259, #935, .T. ) ;
#1304 = VERTEX_POINT ( 'NONE', #1839 ) ;
#1305 = EDGE_CURVE ( 'NONE', #1530, #1767, #1687, .T. ) ;
#1306 =( BOUNDED_CURVE ( )  B_SPLINE_CURVE ( 3, ( #2233, #429, #2053, #2453 ),
 .UNSPECIFIED., .F., .F. ) 
 B_SPLINE_CURVE_WITH_KNOTS ( ( 4, 4 ),
 ( 0.000000000000000000, 1.570796326794896558 ),
 .UNSPECIFIED. ) 
 CURVE ( )  GEOMETRIC_REPRESENTATION_ITEM ( )  RATIONAL_B_SPLINE_CURVE ( ( 1.000000000000000000, 0.8047378541243649375, 0.8047378541243649375, 1.000000000000000000 ) ) 
 REPRESENTATION_ITEM ( '' )  );
#1307 = DIRECTION ( 'NONE',  ( -1.000000000000000000, -0.000000000000000000, -0.000000000000000000 ) ) ;
#1308 = EDGE_CURVE ( 'NONE', #244, #1021, #2029, .T. ) ;
#1309 = ORIENTED_EDGE ( 'NONE', *, *, #336, .T. ) ;
#1310 = CARTESIAN_POINT ( 'NONE',  ( 42.28642429375448586, 220.4466786921171604, 67.91066426157657077 ) ) ;
#1311 = DIRECTION ( 'NONE',  ( 0.000000000000000000, 0.000000000000000000, 1.000000000000000000 ) ) ;
#1312 = EDGE_CURVE ( 'NONE', #2190, #382, #1604, .T. ) ;
#1313 = DIRECTION ( 'NONE',  ( 0.000000000000000000, 0.000000000000000000, 1.000000000000000000 ) ) ;
#1314 = VECTOR ( 'NONE', #1748, 1000.000000000000000 ) ;
#1315 = DIRECTION ( 'NONE',  ( 0.000000000000000000, 0.000000000000000000, -1.000000000000000000 ) ) ;
#1316 = VERTEX_POINT ( 'NONE', #209 ) ;
#1317 = AXIS2_PLACEMENT_3D ( 'NONE', #812, #2217, #411 ) ;
#1318 = FACE_OUTER_BOUND ( 'NONE', #961, .T. ) ;
#1319 = AXIS2_PLACEMENT_3D ( 'NONE', #1489, #1677, #2142 ) ;
#1320 = ORIENTED_EDGE ( 'NONE', *, *, #1469, .T. ) ;
#1321 =( BOUNDED_SURFACE ( )  B_SPLINE_SURFACE ( 3, 2, ( 
 ( #1757, #2147, #342 ),
 ( #148, #947, #2556 ),
 ( #1244, #1620, #821 ),
 ( #1254, #1830, #236 ),
 ( #1817, #1210, #630 ),
 ( #226, #1802, #41 ),
 ( #199, #1416, #648 ),
 ( #2432, #589, #1013 ),
 ( #20, #2420, #2046 ),
 ( #619, #1429, #1443 ) ),
 .UNSPECIFIED., .F., .F., .F. ) 
 B_SPLINE_SURFACE_WITH_KNOTS ( ( 4, 2, 2, 2, 4 ),
 ( 3, 3 ),
 ( 4.712388980384689674, 5.105088062083414258, 5.497787143782137953, 5.890486225480861648, 6.283185307179586232 ),
 ( 0.000000000000000000, 1.000000000000000000 ),
 .UNSPECIFIED. ) 
 GEOMETRIC_REPRESENTATION_ITEM ( )  RATIONAL_B_SPLINE_SURFACE ( (
 ( 1.000000000000000000, 0.7071067811865470176, 1.000000000000000000),
 ( 1.000000000000000000, 0.6968642836110872096, 1.000000000000000000),
 ( 1.000000000000000000, 0.6863862780286524856, 1.000000000000000000),
 ( 1.000000000000000000, 0.6665991599416603020, 1.000000000000000000),
 ( 1.000000000000000000, 0.6572979980699379388, 1.000000000000000000),
 ( 1.000000000000000000, 0.6415220179197623773, 1.000000000000000000),
 ( 1.000000000000000000, 0.6350619065203078062, 1.000000000000000000),
 ( 1.000000000000000000, 0.6262702540302274024, 1.000000000000000000),
 ( 1.000000000000000000, 0.6239357363696029779, 1.000000000000000000),
 ( 1.000000000000000000, 0.6239505221461861817, 1.000000000000000000) ) ) 
 REPRESENTATION_ITEM ( '' )  SURFACE ( )  );
#1322 = DATE_TIME_ROLE ( 'creation_date' ) ;
#1323 = CARTESIAN_POINT ( 'NONE',  ( -41.70958109813414438, 220.7346867017149350, 67.85306265965702721 ) ) ;
#1324 = EDGE_CURVE ( 'NONE', #2482, #1473, #703, .T. ) ;
#1325 = CIRCLE ( 'NONE', #224, 65.53900802632477962 ) ;
#1326 = ORIENTED_EDGE ( 'NONE', *, *, #1861, .F. ) ;
#1327 = DIRECTION ( 'NONE',  ( -0.5865899439198329901, -0.8098840890473939513, 0.000000000000000000 ) ) ;
#1328 = EDGE_CURVE ( 'NONE', #2067, #1425, #2400, .T. ) ;
#1329 = CARTESIAN_POINT ( 'NONE',  ( 0.000000000000000000, 225.0000000000000000, 43.00000000000000000 ) ) ;
#1330 = LINE ( 'NONE', #2303, #339 ) ;
#1331 = CARTESIAN_POINT ( 'NONE',  ( -51.96152422706632734, 220.0000000000000000, -30.00000000000000000 ) ) ;
#1332 = EDGE_LOOP ( 'NONE', ( #1390, #1009, #150, #2082 ) ) ;
#1333 = CARTESIAN_POINT ( 'NONE',  ( 38.75695701868947651, 219.9999999999999432, -49.56276357192615478 ) ) ;
#1334 = ORIENTED_EDGE ( 'NONE', *, *, #1623, .F. ) ;
#1335 = CARTESIAN_POINT ( 'NONE',  ( -40.00000000000000000, 220.0000000000000000, 53.00000000000000000 ) ) ;
#1336 = EDGE_LOOP ( 'NONE', ( #1874, #1207, #28, #1129 ) ) ;
#1337 = CARTESIAN_POINT ( 'NONE',  ( 38.29075088815883987, 223.2071857294724850, 67.35856285406752875 ) ) ;
#1338 = EDGE_CURVE ( 'NONE', #1635, #1530, #1144, .T. ) ;
#1339 = DIRECTION ( 'NONE',  ( 0.000000000000000000, 1.000000000000000000, 0.000000000000000000 ) ) ;
#1340 = DIRECTION ( 'NONE',  ( -0.000000000000000000, -1.000000000000000000, -0.000000000000000000 ) ) ;
#1341 = CARTESIAN_POINT ( 'NONE',  ( 40.08532757453987472, 221.7785810590177107, 67.64428378819646070 ) ) ;
#1342 = EDGE_CURVE ( 'NONE', #51, #432, #645, .T. ) ;
#1343 = EDGE_LOOP ( 'NONE', ( #737, #752, #1688, #1500 ) ) ;
#1344 = DIRECTION ( 'NONE',  ( 0.000000000000000000, 0.1961161351381842666, -0.9805806756909202226 ) ) ;
#1345 = DIRECTION ( 'NONE',  ( -0.000000000000000000, -0.000000000000000000, 1.000000000000000000 ) ) ;
#1346 = ORIENTED_EDGE ( 'NONE', *, *, #1959, .T. ) ;
#1347 = CARTESIAN_POINT ( 'NONE',  ( -46.26222609309478884, 220.0000000000000000, 63.00000000000000000 ) ) ;
#1348 = ORIENTED_EDGE ( 'NONE', *, *, #375, .T. ) ;
#1349 = CARTESIAN_POINT ( 'NONE',  ( -36.18299739931876502, 220.4585695447998432, 67.90828609103677138 ) ) ;
#1350 = CARTESIAN_POINT ( 'NONE',  ( 57.87621060479107626, 316.5117997281915905, -53.00000000000000000 ) ) ;
#1351 = ORIENTED_EDGE ( 'NONE', *, *, #1778, .F. ) ;
#1352 = DIRECTION ( 'NONE',  ( 0.000000000000000000, -0.1961161351381842666, -0.9805806756909202226 ) ) ;
#1353 = CARTESIAN_POINT ( 'NONE',  ( -2.775557561562891351E-14, 159.9999999999999716, -80.00000000000000000 ) ) ;
#1354 = CIRCLE ( 'NONE', #1141, 4.999999999999997335 ) ;
#1355 = ORIENTED_EDGE ( 'NONE', *, *, #315, .F. ) ;
#1356 = AXIS2_PLACEMENT_3D ( 'NONE', #753, #1597, #1369 ) ;
#1357 = ADVANCED_FACE ( 'NONE', ( #2055 ), #2209, .F. ) ;
#1358 = EDGE_LOOP ( 'NONE', ( #1882, #548, #2168, #2079, #1002, #1691, #1164 ) ) ;
#1359 = B_SPLINE_CURVE_WITH_KNOTS ( 'NONE', 3,
 ( #1686, #1534, #2340, #318, #1341, #2117, #307, #2304 ),
 .UNSPECIFIED., .F., .F.,
 ( 4, 2, 2, 4 ),
 ( 5.003707553108401214E-17, 0.001937210790520703992, 0.002905816185781030618, 0.003874421581041357678 ),
 .UNSPECIFIED. ) ;
#1360 = AXIS2_PLACEMENT_3D ( 'NONE', #2222, #2028, #1743 ) ;
#1361 = AXIS2_PLACEMENT_3D ( 'NONE', #876, #1860, #1625 ) ;
#1362 = CARTESIAN_POINT ( 'NONE',  ( 35.09676391058548006, 220.9789156508417705, 48.00000000000000000 ) ) ;
#1363 = PLANE ( 'NONE',  #2397 ) ;
#1364 = CARTESIAN_POINT ( 'NONE',  ( 35.49393018878911477, 222.9682597042463215, 68.00000000000000000 ) ) ;
#1365 = CIRCLE ( 'NONE', #643, 4.999999999999997335 ) ;
#1366 = CARTESIAN_POINT ( 'NONE',  ( -12.66279742153371402, 316.5117997281915905, 68.00000000000000000 ) ) ;
#1367 = VECTOR ( 'NONE', #1815, 1000.000000000000000 ) ;
#1368 = ORIENTED_EDGE ( 'NONE', *, *, #1827, .F. ) ;
#1369 = DIRECTION ( 'NONE',  ( 0.9751895521416779067, 0.2213714918270048571, 0.000000000000000000 ) ) ;
#1370 = EDGE_CURVE ( 'NONE', #1304, #244, #1114, .T. ) ;
#1371 = CARTESIAN_POINT ( 'NONE',  ( -40.00000000000001421, 219.9999999999999716, 63.00000000000000000 ) ) ;
#1372 = EDGE_LOOP ( 'NONE', ( #1668, #1393, #256, #1575, #2452, #414 ) ) ;
#1373 = ORIENTED_EDGE ( 'NONE', *, *, #1714, .T. ) ;
#1374 = CARTESIAN_POINT ( 'NONE',  ( -38.39851473459120967, 223.2587658590418584, 67.34824682822186048 ) ) ;
#1375 = CARTESIAN_POINT ( 'NONE',  ( -36.00780942298347043, 220.0000000000000000, -43.00000000000000000 ) ) ;
#1376 = DIRECTION ( 'NONE',  ( -0.000000000000000000, -1.000000000000000000, -0.000000000000000000 ) ) ;
#1377 = ORIENTED_EDGE ( 'NONE', *, *, #2532, .F. ) ;
#1378 = CARTESIAN_POINT ( 'NONE',  ( -39.97078157774489426, 220.0000000000000568, -63.68488685081393896 ) ) ;
#1379 = CARTESIAN_POINT ( 'NONE',  ( -44.07914720677317177, 220.0000000000000000, 69.24213783895281438 ) ) ;
#1380 = ORIENTED_EDGE ( 'NONE', *, *, #2535, .F. ) ;
#1381 = CARTESIAN_POINT ( 'NONE',  ( 35.81596919635148879, 220.9967627908064287, 67.96357339074647541 ) ) ;
#1382 = ORIENTED_EDGE ( 'NONE', *, *, #2403, .F. ) ;
#1383 = CARTESIAN_POINT ( 'NONE',  ( -36.53093948672010782, 219.8930337632887415, 68.02139324734226022 ) ) ;
#1384 = DIRECTION ( 'NONE',  ( 0.000000000000000000, -1.000000000000000000, 0.000000000000000000 ) ) ;
#1385 = LINE ( 'NONE', #1147, #1221 ) ;
#1386 = CARTESIAN_POINT ( 'NONE',  ( 46.09690777867040623, 225.0000000000000000, 0.000000000000000000 ) ) ;
#1387 = LINE ( 'NONE', #579, #1975 ) ;
#1388 = CARTESIAN_POINT ( 'NONE',  ( -46.12001923214667443, 220.0000000000000000, -64.91640122489488363 ) ) ;
#1389 = CARTESIAN_POINT ( 'NONE',  ( -39.84057055420363724, 220.0000000000000000, 64.38366141596600301 ) ) ;
#1390 = ORIENTED_EDGE ( 'NONE', *, *, #1812, .T. ) ;
#1391 = DIRECTION ( 'NONE',  ( 0.000000000000000000, 0.000000000000000000, -1.000000000000000000 ) ) ;
#1392 = AXIS2_PLACEMENT_3D ( 'NONE', #1016, #915, #875 ) ;
#1393 = ORIENTED_EDGE ( 'NONE', *, *, #1288, .F. ) ;
#1394 = CIRCLE ( 'NONE', #1941, 20.00000000000000355 ) ;
#1395 = EDGE_CURVE ( 'NONE', #1940, #922, #343, .T. ) ;
#1396 = CARTESIAN_POINT ( 'NONE',  ( -46.26222609309478884, 220.0000000000000000, -47.14213562373094391 ) ) ;
#1397 = FACE_OUTER_BOUND ( 'NONE', #1628, .T. ) ;
#1398 = CARTESIAN_POINT ( 'NONE',  ( 39.93597349572365118, 220.0000000000000284, 52.01123397344781552 ) ) ;
#1399 = AXIS2_PLACEMENT_3D ( 'NONE', #2481, #683, #1733 ) ;
#1400 = FACE_OUTER_BOUND ( 'NONE', #1188, .T. ) ;
#1401 =( BOUNDED_CURVE ( )  B_SPLINE_CURVE ( 3, ( #823, #2202, #1420, #2216 ),
 .UNSPECIFIED., .F., .F. ) 
 B_SPLINE_CURVE_WITH_KNOTS ( ( 4, 4 ),
 ( 3.469446951953613696E-16, 0.5571751417953210161 ),
 .UNSPECIFIED. ) 
 CURVE ( )  GEOMETRIC_REPRESENTATION_ITEM ( )  RATIONAL_B_SPLINE_CURVE ( ( 1.000000000000000000, 0.9742965415400891560, 0.9742965415400891560, 1.000000000000000000 ) ) 
 REPRESENTATION_ITEM ( '' )  );
#1402 = VECTOR ( 'NONE', #1900, 1000.000000000000000 ) ;
#1403 = CARTESIAN_POINT ( 'NONE',  ( -83.20180544785850429, 316.5117997281915905, -68.00000000000000000 ) ) ;
#1404 = VERTEX_POINT ( 'NONE', #1195 ) ;
#1405 = CIRCLE ( 'NONE', #2529, 5.000000000000000888 ) ;
#1406 = ORIENTED_EDGE ( 'NONE', *, *, #1308, .F. ) ;
#1407 = CARTESIAN_POINT ( 'NONE',  ( -40.19749036616527604, 220.0000000000000000, -72.12725507355658294 ) ) ;
#1408 =( BOUNDED_CURVE ( )  B_SPLINE_CURVE ( 3, ( #486, #1908, #933, #117 ),
 .UNSPECIFIED., .F., .F. ) 
 B_SPLINE_CURVE_WITH_KNOTS ( ( 4, 4 ),
 ( 2.874731513427688512, 3.141592653589793116 ),
 .UNSPECIFIED. ) 
 CURVE ( )  GEOMETRIC_REPRESENTATION_ITEM ( )  RATIONAL_B_SPLINE_CURVE ( ( 1.000000000000000000, 0.9940742272195712825, 0.9940742272195712825, 1.000000000000000000 ) ) 
 REPRESENTATION_ITEM ( '' )  );
#1409 = CARTESIAN_POINT ( 'NONE',  ( -39.74003097746232527, 220.0000000000000000, 64.73838388734614568 ) ) ;
#1410 = ORIENTED_EDGE ( 'NONE', *, *, #66, .T. ) ;
#1411 = CARTESIAN_POINT ( 'NONE',  ( -78.20180544785850429, 316.5117997281915905, 48.00000000000000000 ) ) ;
#1412 = ORIENTED_EDGE ( 'NONE', *, *, #2487, .F. ) ;
#1413 = CARTESIAN_POINT ( 'NONE',  ( -46.26222609309478884, 220.0000000000000000, 0.000000000000000000 ) ) ;
#1414 = CARTESIAN_POINT ( 'NONE',  ( -46.26827801941930574, 247.6131275260769655, 68.00000000000000000 ) ) ;
#1415 = CARTESIAN_POINT ( 'NONE',  ( 39.42193788341415228, 220.0000000000000000, 50.51236782373478462 ) ) ;
#1416 = CARTESIAN_POINT ( 'NONE',  ( -39.69187048580415222, 219.9999999999999432, 51.09912636465789859 ) ) ;
#1417 = ADVANCED_FACE ( 'NONE', ( #418 ), #2154, .T. ) ;
#1418 = CARTESIAN_POINT ( 'NONE',  ( -38.71650845005527941, 225.5574344247780232, -48.63106805782834385 ) ) ;
#1419 = ORIENTED_EDGE ( 'NONE', *, *, #1256, .T. ) ;
#1420 = CARTESIAN_POINT ( 'NONE',  ( -29.52657803987188956, 180.6983862120367519, 75.86032275759266952 ) ) ;
#1421 = CARTESIAN_POINT ( 'NONE',  ( -40.29762683842285043, 224.0727938555135097, -67.18544122889730374 ) ) ;
#1422 = CARTESIAN_POINT ( 'NONE',  ( -38.39302700512642019, 220.0000000000000000, 66.82342288556345977 ) ) ;
#1423 = EDGE_LOOP ( 'NONE', ( #899, #1239, #1034, #2231 ) ) ;
#1424 = CARTESIAN_POINT ( 'NONE',  ( 56.51108455170156475, 302.7014519378270165, 68.00000000000000000 ) ) ;
#1425 = VERTEX_POINT ( 'NONE', #2013 ) ;
#1426 = DIRECTION ( 'NONE',  ( 0.000000000000000000, 0.000000000000000000, 1.000000000000000000 ) ) ;
#1427 = CYLINDRICAL_SURFACE ( 'NONE', #1062, 5.000000000000004441 ) ;
#1428 = CARTESIAN_POINT ( 'NONE',  ( 44.05404104637448626, 220.0000000000000000, 46.85453279873777888 ) ) ;
#1429 = CARTESIAN_POINT ( 'NONE',  ( -40.00000000000001421, 219.9999999999999716, 53.00000000000000711 ) ) ;
#1430 = CARTESIAN_POINT ( 'NONE',  ( -42.30325649339646077, 220.4990983055452602, 67.90018033889094795 ) ) ;
#1431 = CARTESIAN_POINT ( 'NONE',  ( 36.15919451983589283, 220.4341899929990802, -67.91316200140340698 ) ) ;
#1432 = LINE ( 'NONE', #463, #1060 ) ;
#1433 = EDGE_LOOP ( 'NONE', ( #153, #1080, #1790, #1783 ) ) ;
#1434 = DIRECTION ( 'NONE',  ( -1.000000000000000000, 0.000000000000000000, 0.000000000000000000 ) ) ;
#1435 = EDGE_CURVE ( 'NONE', #1179, #706, #603, .T. ) ;
#1436 = AXIS2_PLACEMENT_3D ( 'NONE', #1213, #5, #1460 ) ;
#1437 = VERTEX_POINT ( 'NONE', #1026 ) ;
#1438 = CIRCLE ( 'NONE', #2024, 65.53900802632477962 ) ;
#1439 = CARTESIAN_POINT ( 'NONE',  ( 46.09690777867040623, 220.0000000000000000, 53.00000000000000000 ) ) ;
#1440 = CARTESIAN_POINT ( 'NONE',  ( -39.40616053589472756, 222.8253236476121799, -67.43493527047756686 ) ) ;
#1441 = CARTESIAN_POINT ( 'NONE',  ( 42.16630691788484597, 220.0000000000000000, 45.00333157753126301 ) ) ;
#1442 = AXIS2_PLACEMENT_3D ( 'NONE', #2170, #820, #791 ) ;
#1443 = CARTESIAN_POINT ( 'NONE',  ( -46.26222609309478884, 220.0000000000000000, 53.00000000000002132 ) ) ;
#1444 = AXIS2_PLACEMENT_3D ( 'NONE', #735, #2144, #911 ) ;
#1445 = LINE ( 'NONE', #22, #1985 ) ;
#1446 = DIRECTION ( 'NONE',  ( -0.000000000000000000, 0.000000000000000000, 1.000000000000000000 ) ) ;
#1447 = CIRCLE ( 'NONE', #814, 4.999999999999997335 ) ;
#1448 = CARTESIAN_POINT ( 'NONE',  ( -12.66279742153371402, 316.5117997281915905, 48.00000000000000000 ) ) ;
#1449 = TOROIDAL_SURFACE ( 'NONE', #2321, 25.00000000000000355, 5.000000000000000000 ) ;
#1450 = ORIENTED_EDGE ( 'NONE', *, *, #66, .F. ) ;
#1451 = CARTESIAN_POINT ( 'NONE',  ( 41.12025367598948833, 225.9653401812355469, 63.95820061244656074 ) ) ;
#1452 = EDGE_CURVE ( 'NONE', #1065, #1296, #1491, .T. ) ;
#1453 = ORIENTED_EDGE ( 'NONE', *, *, #1911, .F. ) ;
#1454 = CARTESIAN_POINT ( 'NONE',  ( 34.90132648232624746, 225.0000000000000000, -48.00000000000000000 ) ) ;
#1455 = DIRECTION ( 'NONE',  ( -0.5865899439198312137, -0.8098840890473951726, 0.000000000000000000 ) ) ;
#1456 = EDGE_CURVE ( 'NONE', #1826, #115, #2485, .T. ) ;
#1457 = CARTESIAN_POINT ( 'NONE',  ( 40.06660008687496344, 225.7705127589414360, -66.12106891946963572 ) ) ;
#1458 = FACE_OUTER_BOUND ( 'NONE', #883, .T. ) ;
#1459 = CC_DESIGN_PERSON_AND_ORGANIZATION_ASSIGNMENT ( #116, #1717, ( #759 ) ) ;
#1460 = DIRECTION ( 'NONE',  ( 1.000000000000000000, 0.000000000000000000, 0.000000000000000000 ) ) ;
#1461 = LINE ( 'NONE', #1031, #431 ) ;
#1462 = VERTEX_POINT ( 'NONE', #1125 ) ;
#1463 = DIRECTION ( 'NONE',  ( -1.000000000000000000, 0.000000000000000000, 0.000000000000000000 ) ) ;
#1464 = ORIENTED_EDGE ( 'NONE', *, *, #380, .F. ) ;
#1465 = CARTESIAN_POINT ( 'NONE',  ( 40.08008187374210252, 221.7837588422633814, -67.64324823154733224 ) ) ;
#1466 = DIRECTION ( 'NONE',  ( 1.000000000000000000, 0.000000000000000000, 0.000000000000000000 ) ) ;
#1467 = EDGE_CURVE ( 'NONE', #105, #2319, #1549, .T. ) ;
#1468 = CARTESIAN_POINT ( 'NONE',  ( -78.20180544785850429, 316.5117997281915905, 68.00000000000000000 ) ) ;
#1469 = EDGE_CURVE ( 'NONE', #1595, #1530, #1931, .T. ) ;
#1470 = CARTESIAN_POINT ( 'NONE',  ( -36.00780942298344911, 225.0000000000000000, -43.00000000000000000 ) ) ;
#1471 = EDGE_CURVE ( 'NONE', #675, #1797, #42, .T. ) ;
#1472 = LINE ( 'NONE', #2258, #1609 ) ;
#1473 = VERTEX_POINT ( 'NONE', #880 ) ;
#1474 = DIRECTION ( 'NONE',  ( 0.9806472178829037656, -0.1957831301683589376, 0.000000000000000000 ) ) ;
#1475 = ORIENTED_EDGE ( 'NONE', *, *, #1155, .F. ) ;
#1476 = CARTESIAN_POINT ( 'NONE',  ( 35.89956074332290825, 220.0000000000000000, 43.00000000000000000 ) ) ;
#1477 = EDGE_LOOP ( 'NONE', ( #817, #1656, #1701, #390 ) ) ;
#1478 = CARTESIAN_POINT ( 'NONE',  ( 0.000000000000000000, 220.0000000000000000, 0.000000000000000000 ) ) ;
#1479 = CARTESIAN_POINT ( 'NONE',  ( -38.96217682743768052, 223.6782047530102489, 67.32338123949162423 ) ) ;
#1480 = CIRCLE ( 'NONE', #758, 25.00000000000000711 ) ;
#1481 = DIRECTION ( 'NONE',  ( 1.000000000000000000, 0.000000000000000000, 0.000000000000000000 ) ) ;
#1482 = VECTOR ( 'NONE', #63, 1000.000000000000000 ) ;
#1483 = DIRECTION ( 'NONE',  ( 0.000000000000000000, 0.000000000000000000, 1.000000000000000000 ) ) ;
#1484 = AXIS2_PLACEMENT_3D ( 'NONE', #801, #434, #2253 ) ;
#1485 = ORIENTED_EDGE ( 'NONE', *, *, #556, .F. ) ;
#1486 = CARTESIAN_POINT ( 'NONE',  ( 39.81467100699661898, 220.0000000000000000, 64.45347961752112553 ) ) ;
#1487 = AXIS2_PLACEMENT_3D ( 'NONE', #101, #716, #1926 ) ;
#1488 = ORIENTED_EDGE ( 'NONE', *, *, #1328, .F. ) ;
#1489 = CARTESIAN_POINT ( 'NONE',  ( 35.00017115330179962, 220.4950975679639384, -73.00000000000001421 ) ) ;
#1490 = PERSON_AND_ORGANIZATION ( #2295, #227 ) ;
#1491 =( BOUNDED_CURVE ( )  B_SPLINE_CURVE ( 3, ( #1653, #2456, #1396, #1222 ),
 .UNSPECIFIED., .F., .F. ) 
 B_SPLINE_CURVE_WITH_KNOTS ( ( 4, 4 ),
 ( 1.570796326794895892, 3.141592653589793116 ),
 .UNSPECIFIED. ) 
 CURVE ( )  GEOMETRIC_REPRESENTATION_ITEM ( )  RATIONAL_B_SPLINE_CURVE ( ( 1.000000000000000000, 0.8047378541243649375, 0.8047378541243649375, 1.000000000000000000 ) ) 
 REPRESENTATION_ITEM ( '' )  );
#1492 = DIRECTION ( 'NONE',  ( -0.000000000000000000, -0.000000000000000000, 1.000000000000000000 ) ) ;
#1493 = DIRECTION ( 'NONE',  ( 1.000000000000000000, 0.000000000000000000, 0.000000000000000000 ) ) ;
#1494 = CYLINDRICAL_SURFACE ( 'NONE', #435, 7.500000000000000000 ) ;
#1495 = EDGE_CURVE ( 'NONE', #1673, #1596, #2069, .T. ) ;
#1496 = PLANE ( 'NONE',  #1638 ) ;
#1497 = DIRECTION ( 'NONE',  ( 1.000000000000000000, 0.000000000000000000, 0.000000000000000000 ) ) ;
#1498 = ORIENTED_EDGE ( 'NONE', *, *, #21, .T. ) ;
#1499 = CARTESIAN_POINT ( 'NONE',  ( 37.24008071483542182, 220.0000000000000000, -48.40126717181297522 ) ) ;
#1500 = ORIENTED_EDGE ( 'NONE', *, *, #189, .F. ) ;
#1501 =( BOUNDED_CURVE ( )  B_SPLINE_CURVE ( 3, ( #1698, #904, #1105, #72 ),
 .UNSPECIFIED., .F., .F. ) 
 B_SPLINE_CURVE_WITH_KNOTS ( ( 4, 4 ),
 ( 3.141592653589793116, 4.712388980384689674 ),
 .UNSPECIFIED. ) 
 CURVE ( )  GEOMETRIC_REPRESENTATION_ITEM ( )  RATIONAL_B_SPLINE_CURVE ( ( 1.000000000000000000, 0.8047378541243649375, 0.8047378541243649375, 1.000000000000000000 ) ) 
 REPRESENTATION_ITEM ( '' )  );
#1502 = EDGE_CURVE ( 'NONE', #1538, #2307, #2115, .T. ) ;
#1503 = DIRECTION ( 'NONE',  ( 0.9806472178829048758, -0.1957831301683533309, 0.000000000000000000 ) ) ;
#1504 = ORIENTED_EDGE ( 'NONE', *, *, #2501, .T. ) ;
#1505 = DIRECTION ( 'NONE',  ( 0.000000000000000000, 0.000000000000000000, 1.000000000000000000 ) ) ;
#1506 =( BOUNDED_SURFACE ( )  B_SPLINE_SURFACE ( 3, 2, ( 
 ( #1773, #550, #392 ),
 ( #1157, #156, #1196 ),
 ( #1383, #1349, #762 ),
 ( #1999, #2179, #197 ),
 ( #2363, #1374, #1800 ),
 ( #955, #539, #738 ) ),
 .UNSPECIFIED., .F., .F., .F. ) 
 B_SPLINE_SURFACE_WITH_KNOTS ( ( 4, 2, 4 ),
 ( 3, 3 ),
 ( 0.1735001994656101276, 0.2312431039205075645, 0.2889860083754050013 ),
 ( 0.000000000000000000, 1.000000000000000000 ),
 .UNSPECIFIED. ) 
 GEOMETRIC_REPRESENTATION_ITEM ( )  RATIONAL_B_SPLINE_SURFACE ( (
 ( 1.000000000000000000, 0.9951333266680700840, 1.000000000000000000),
 ( 1.000000000000000000, 0.9943689900110297408, 1.000000000000000000),
 ( 1.000000000000000000, 0.9917203947597421632, 1.000000000000000000),
 ( 1.000000000000000000, 0.9825672015794424397, 1.000000000000000000),
 ( 1.000000000000000000, 0.9760625662484728737, 1.000000000000000000),
 ( 1.000000000000000000, 0.9677486347591990334, 1.000000000000000000) ) ) 
 REPRESENTATION_ITEM ( '' )  SURFACE ( )  );
#1507 = DIRECTION ( 'NONE',  ( -1.000000000000000000, 0.000000000000000000, 0.000000000000000000 ) ) ;
#1508 = CARTESIAN_POINT ( 'NONE',  ( -54.04027018385617254, 259.3833794704846696, 63.00000000000000000 ) ) ;
#1509 = DIRECTION ( 'NONE',  ( -0.8098840890473946175, 0.5865899439198322129, 5.388516663861280914E-15 ) ) ;
#1510 = ORIENTED_EDGE ( 'NONE', *, *, #2012, .T. ) ;
#1511 = FACE_OUTER_BOUND ( 'NONE', #1358, .T. ) ;
#1512 = EDGE_CURVE ( 'NONE', #625, #2416, #744, .T. ) ;
#1513 = ORIENTED_EDGE ( 'NONE', *, *, #709, .T. ) ;
#1514 = EDGE_CURVE ( 'NONE', #2498, #2143, #1226, .T. ) ;
#1515 = DIRECTION ( 'NONE',  ( 0.000000000000000000, 0.000000000000000000, 1.000000000000000000 ) ) ;
#1516 = CARTESIAN_POINT ( 'NONE',  ( -39.74925709497743753, 222.2979099541858830, 67.54041800916280636 ) ) ;
#1517 = ORIENTED_EDGE ( 'NONE', *, *, #644, .T. ) ;
#1518 = DIRECTION ( 'NONE',  ( -1.000000000000000000, 0.000000000000000000, 0.000000000000000000 ) ) ;
#1519 = CARTESIAN_POINT ( 'NONE',  ( 52.87621060479106916, 316.5117997281915905, -48.00000000000000000 ) ) ;
#1520 = AXIS2_PLACEMENT_3D ( 'NONE', #685, #2460, #1493 ) ;
#1521 = LINE ( 'NONE', #2317, #1402 ) ;
#1522 = ORIENTED_EDGE ( 'NONE', *, *, #460, .T. ) ;
#1523 = AXIS2_PLACEMENT_3D ( 'NONE', #195, #2206, #373 ) ;
#1524 = DIRECTION ( 'NONE',  ( -0.000000000000000000, -1.000000000000000000, -0.000000000000000000 ) ) ;
#1525 = AXIS2_PLACEMENT_3D ( 'NONE', #325, #1933, #286 ) ;
#1526 = ORIENTED_EDGE ( 'NONE', *, *, #144, .T. ) ;
#1527 = EDGE_CURVE ( 'NONE', #1586, #108, #455, .T. ) ;
#1528 = AXIS2_PLACEMENT_3D ( 'NONE', #292, #704, #1315 ) ;
#1529 = DIRECTION ( 'NONE',  ( -0.2213714918270048015, 0.9751895521416779067, 0.000000000000000000 ) ) ;
#1530 = VERTEX_POINT ( 'NONE', #1262 ) ;
#1531 = CARTESIAN_POINT ( 'NONE',  ( 35.00017115330176409, 220.4950975679639669, 67.99999999999998579 ) ) ;
#1532 = EDGE_CURVE ( 'NONE', #2221, #2190, #1899, .T. ) ;
#1533 = DIRECTION ( 'NONE',  ( 0.000000000000000000, 1.000000000000000000, 0.000000000000000000 ) ) ;
#1534 = CARTESIAN_POINT ( 'NONE',  ( 41.67220021153011800, 220.6765733592373806, 67.86468532815253241 ) ) ;
#1535 = VERTEX_POINT ( 'NONE', #1878 ) ;
#1536 = CARTESIAN_POINT ( 'NONE',  ( -36.00780942298347753, 225.0000000000000000, 48.00000000000000000 ) ) ;
#1537 = CARTESIAN_POINT ( 'NONE',  ( -40.21283616323400167, 225.8653699206425642, 66.71292917940915856 ) ) ;
#1538 = VERTEX_POINT ( 'NONE', #2467 ) ;
#1539 = FACE_OUTER_BOUND ( 'NONE', #2534, .T. ) ;
#1540 = ORIENTED_EDGE ( 'NONE', *, *, #90, .T. ) ;
#1541 = EDGE_CURVE ( 'NONE', #363, #1715, #2238, .T. ) ;
#1542 = CARTESIAN_POINT ( 'NONE',  ( -41.39233025871090632, 248.7199849852119939, 53.00000000000000000 ) ) ;
#1543 = DIRECTION ( 'NONE',  ( -0.000000000000000000, -1.000000000000000000, -0.000000000000000000 ) ) ;
#1544 = EDGE_CURVE ( 'NONE', #105, #69, #761, .T. ) ;
#1545 = CARTESIAN_POINT ( 'NONE',  ( -51.10732046425698627, 263.4327999157217164, 63.00000000000000000 ) ) ;
#1546 = ORIENTED_EDGE ( 'NONE', *, *, #508, .F. ) ;
#1547 = CARTESIAN_POINT ( 'NONE',  ( -41.38627833238639653, 226.1068574591350284, -63.00000000000001421 ) ) ;
#1548 = ADVANCED_FACE ( 'NONE', ( #284 ), #484, .T. ) ;
#1549 = LINE ( 'NONE', #545, #895 ) ;
#1550 = VERTEX_POINT ( 'NONE', #1955 ) ;
#1551 = EDGE_LOOP ( 'NONE', ( #664, #1261, #1070, #1563 ) ) ;
#1552 = CARTESIAN_POINT ( 'NONE',  ( 51.60784846228704481, 303.6803675886687870, 53.00000000000000000 ) ) ;
#1553 = CARTESIAN_POINT ( 'NONE',  ( 41.19367168925587919, 225.9789156508417705, 63.00000000000000000 ) ) ;
#1554 = ADVANCED_FACE ( 'NONE', ( #930 ), #2344, .T. ) ;
#1555 = DIRECTION ( 'NONE',  ( -0.000000000000000000, -0.000000000000000000, -1.000000000000000000 ) ) ;
#1556 = VERTEX_POINT ( 'NONE', #2530 ) ;
#1557 = CARTESIAN_POINT ( 'NONE',  ( -45.14785132535060086, 220.0000000000000000, -67.63376848411009234 ) ) ;
#1558 = VECTOR ( 'NONE', #1184, 1000.000000000000000 ) ;
#1559 = DIRECTION ( 'NONE',  ( 0.000000000000000000, 0.000000000000000000, -1.000000000000000000 ) ) ;
#1560 = AXIS2_PLACEMENT_3D ( 'NONE', #2554, #1384, #1580 ) ;
#1561 = ORIENTED_EDGE ( 'NONE', *, *, #2471, .T. ) ;
#1562 = VECTOR ( 'NONE', #1617, 1000.000000000000000 ) ;
#1563 = ORIENTED_EDGE ( 'NONE', *, *, #90, .F. ) ;
#1564 = CIRCLE ( 'NONE', #1732, 80.00000000000000000 ) ;
#1565 = AXIS2_PLACEMENT_3D ( 'NONE', #1366, #1186, #1149 ) ;
#1566 = DIRECTION ( 'NONE',  ( -0.2213714918270048015, 0.9751895521416779067, 0.000000000000000000 ) ) ;
#1567 = FACE_OUTER_BOUND ( 'NONE', #353, .T. ) ;
#1568 = LINE ( 'NONE', #379, #1314 ) ;
#1569 = CARTESIAN_POINT ( 'NONE',  ( -36.00780942298347043, 220.0000000000000000, -47.99999999999999289 ) ) ;
#1570 = ADVANCED_FACE ( 'NONE', ( #733 ), #1057, .T. ) ;
#1571 = AXIS2_PLACEMENT_3D ( 'NONE', #2056, #857, #1654 ) ;
#1572 = ORIENTED_EDGE ( 'NONE', *, *, #641, .F. ) ;
#1573 = FACE_OUTER_BOUND ( 'NONE', #93, .T. ) ;
#1574 = B_SPLINE_CURVE_WITH_KNOTS ( 'NONE', 3,
 ( #2111, #1103, #2314, #1479, #110, #914 ),
 .UNSPECIFIED., .F., .F.,
 ( 4, 2, 4 ),
 ( -1.545490240685782127E-05, 0.001443803145680536875, 0.002903061193767931571 ),
 .UNSPECIFIED. ) ;
#1575 = ORIENTED_EDGE ( 'NONE', *, *, #1544, .F. ) ;
#1576 = CARTESIAN_POINT ( 'NONE',  ( -83.20180544785850429, 316.5117997281915905, 63.00000000000000000 ) ) ;
#1577 = EDGE_CURVE ( 'NONE', #1437, #1032, #1109, .T. ) ;
#1578 = ORIENTED_EDGE ( 'NONE', *, *, #1073, .F. ) ;
#1579 = PLANE ( 'NONE',  #2448 ) ;
#1580 = DIRECTION ( 'NONE',  ( 0.000000000000000000, 0.000000000000000000, -1.000000000000000000 ) ) ;
#1581 = CARTESIAN_POINT ( 'NONE',  ( -12.66279742153371402, 316.5117997281915905, 68.00000000000000000 ) ) ;
#1582 = CARTESIAN_POINT ( 'NONE',  ( -37.36484474072904050, 220.0000000000000000, -48.43865498029008876 ) ) ;
#1583 = ORIENTED_EDGE ( 'NONE', *, *, #954, .T. ) ;
#1584 =( BOUNDED_CURVE ( )  B_SPLINE_CURVE ( 3, ( #231, #61, #2475, #1844 ),
 .UNSPECIFIED., .F., .F. ) 
 B_SPLINE_CURVE_WITH_KNOTS ( ( 4, 4 ),
 ( 0.04424540331635135743, 0.4101964456047549890 ),
 .UNSPECIFIED. ) 
 CURVE ( )  GEOMETRIC_REPRESENTATION_ITEM ( )  RATIONAL_B_SPLINE_CURVE ( ( 1.000000000000000000, 0.9888710879699736944, 0.9888710879699736944, 1.000000000000000000 ) ) 
 REPRESENTATION_ITEM ( '' )  );
#1585 = CARTESIAN_POINT ( 'NONE',  ( 0.000000000000000000, 220.0000000000000000, 0.000000000000000000 ) ) ;
#1586 = VERTEX_POINT ( 'NONE', #2382 ) ;
#1587 = CARTESIAN_POINT ( 'NONE',  ( 35.00017115330174278, 219.5145168922730363, 68.09709662154538989 ) ) ;
#1588 = EDGE_CURVE ( 'NONE', #1194, #787, #2006, .T. ) ;
#1589 = ADVANCED_FACE ( 'NONE', ( #1782 ), #424, .F. ) ;
#1590 = ORIENTED_EDGE ( 'NONE', *, *, #1601, .T. ) ;
#1591 = CARTESIAN_POINT ( 'NONE',  ( -83.20180544785850429, 316.5117997281915905, -53.00000000000000000 ) ) ;
#1592 = CARTESIAN_POINT ( 'NONE',  ( 39.99999999993197264, 220.0000000000543992, 52.50547952756193126 ) ) ;
#1593 = CARTESIAN_POINT ( 'NONE',  ( 40.06592455702808309, 220.0000000000000000, -72.12725507355659715 ) ) ;
#1594 = LINE ( 'NONE', #1403, #433 ) ;
#1595 = VERTEX_POINT ( 'NONE', #371 ) ;
#1596 = VERTEX_POINT ( 'NONE', #1175 ) ;
#1597 = DIRECTION ( 'NONE',  ( 0.2213714918270060228, -0.9751895521416776846, 0.000000000000000000 ) ) ;
#1598 = ORIENTED_EDGE ( 'NONE', *, *, #1435, .T. ) ;
#1599 = CARTESIAN_POINT ( 'NONE',  ( -51.10732046425700048, 263.4327999157216595, 48.00000000000000000 ) ) ;
#1600 = AXIS2_PLACEMENT_3D ( 'NONE', #517, #2268, #462 ) ;
#1601 = EDGE_CURVE ( 'NONE', #282, #155, #568, .T. ) ;
#1602 = ORIENTED_EDGE ( 'NONE', *, *, #1155, .T. ) ;
#1603 = AXIS2_PLACEMENT_3D ( 'NONE', #544, #1352, #2153 ) ;
#1604 = LINE ( 'NONE', #404, #2561 ) ;
#1605 = CARTESIAN_POINT ( 'NONE',  ( 41.19367168925587919, 225.9789156508417705, -53.00000000000000000 ) ) ;
#1606 = DIRECTION ( 'NONE',  ( -1.000000000000000000, 0.000000000000000000, 0.000000000000000000 ) ) ;
#1607 = CIRCLE ( 'NONE', #811, 70.53900802632479383 ) ;
#1608 = CARTESIAN_POINT ( 'NONE',  ( 39.96494344970552248, 220.0000000000000000, -63.72408807412780618 ) ) ;
#1609 = VECTOR ( 'NONE', #1056, 1000.000000000000114 ) ;
#1610 = ADVANCED_FACE ( 'NONE', ( #813 ), #360, .F. ) ;
#1611 = CARTESIAN_POINT ( 'NONE',  ( -39.94724880123960986, 220.0000000000000000, -52.06466196190719131 ) ) ;
#1612 = CARTESIAN_POINT ( 'NONE',  ( -34.98518057126453584, 219.5145168922730363, -68.09709662154538989 ) ) ;
#1613 = CARTESIAN_POINT ( 'NONE',  ( -43.42551319072201466, 220.0000000000000000, 69.97081854165618608 ) ) ;
#1614 = VERTEX_POINT ( 'NONE', #2563 ) ;
#1615 = CARTESIAN_POINT ( 'NONE',  ( 38.24236635320023225, 221.3959157788263212, 67.72081684423474712 ) ) ;
#1616 = VERTEX_POINT ( 'NONE', #581 ) ;
#1617 = DIRECTION ( 'NONE',  ( -0.000000000000000000, 0.000000000000000000, -1.000000000000000000 ) ) ;
#1618 = LINE ( 'NONE', #2255, #1948 ) ;
#1619 = CARTESIAN_POINT ( 'NONE',  ( -78.20180544785850429, 316.5117997281915905, -68.00000000000000000 ) ) ;
#1620 = CARTESIAN_POINT ( 'NONE',  ( -37.36484474072422302, 219.9999999999999716, 48.43865498028991823 ) ) ;
#1621 = EDGE_CURVE ( 'NONE', #62, #828, #1097, .T. ) ;
#1622 = CARTESIAN_POINT ( 'NONE',  ( -12.66279742153371402, 316.5117997281915905, -53.00000000000000000 ) ) ;
#1623 = EDGE_CURVE ( 'NONE', #297, #1635, #1191, .T. ) ;
#1624 = CARTESIAN_POINT ( 'NONE',  ( -38.39851473468567633, 223.2587658590386468, -67.34824682825016851 ) ) ;
#1625 = DIRECTION ( 'NONE',  ( 1.000000000000000000, 0.000000000000000000, 0.000000000000000000 ) ) ;
#1626 = ORIENTED_EDGE ( 'NONE', *, *, #1812, .F. ) ;
#1627 = CARTESIAN_POINT ( 'NONE',  ( 41.19367168926353884, 225.9789156508801398, 63.47915237917020903 ) ) ;
#1628 = EDGE_LOOP ( 'NONE', ( #2380, #627, #1853, #1377 ) ) ;
#1629 = CARTESIAN_POINT ( 'NONE',  ( 46.09690777867040623, 225.0000000000000000, -63.00000000000000000 ) ) ;
#1630 = CARTESIAN_POINT ( 'NONE',  ( 37.24008071483059723, 219.9999999999817248, 48.40126717181279048 ) ) ;
#1631 = DIRECTION ( 'NONE',  ( 0.000000000000000000, 0.000000000000000000, -1.000000000000000000 ) ) ;
#1632 = CARTESIAN_POINT ( 'NONE',  ( 0.000000000000000000, 159.9999999999999716, 0.000000000000000000 ) ) ;
#1633 = EDGE_CURVE ( 'NONE', #428, #934, #766, .T. ) ;
#1634 = CARTESIAN_POINT ( 'NONE',  ( -35.75796324180615926, 220.6541317238895772, 67.99999999999998579 ) ) ;
#1635 = VERTEX_POINT ( 'NONE', #2585 ) ;
#1636 = CARTESIAN_POINT ( 'NONE',  ( 39.72914442163146731, 225.7081150049862970, 66.48540927083013230 ) ) ;
#1637 = ORIENTED_EDGE ( 'NONE', *, *, #2081, .F. ) ;
#1638 = AXIS2_PLACEMENT_3D ( 'NONE', #502, #1313, #2113 ) ;
#1639 = DIRECTION ( 'NONE',  ( 1.000000000000000000, 0.000000000000000000, 0.000000000000000000 ) ) ;
#1640 = FACE_OUTER_BOUND ( 'NONE', #2401, .T. ) ;
#1641 = AXIS2_PLACEMENT_3D ( 'NONE', #1007, #1935, #119 ) ;
#1642 = CARTESIAN_POINT ( 'NONE',  ( 41.12025367598911174, 225.9653401812349500, -63.95820061244744892 ) ) ;
#1643 = AXIS2_PLACEMENT_3D ( 'NONE', #126, #334, #1867 ) ;
#1644 = CARTESIAN_POINT ( 'NONE',  ( 9.184850993605147944E-16, 159.9999999999999716, -7.500000000000000000 ) ) ;
#1645 = CARTESIAN_POINT ( 'NONE',  ( -36.00780942298347753, 225.0000000000000000, -48.00000000000000000 ) ) ;
#1646 = AXIS2_PLACEMENT_3D ( 'NONE', #651, #1672, #1483 ) ;
#1647 = DIRECTION ( 'NONE',  ( 0.000000000000000000, -0.000000000000000000, -1.000000000000000000 ) ) ;
#1648 = CIRCLE ( 'NONE', #599, 70.53900802632479383 ) ;
#1649 = ORIENTED_EDGE ( 'NONE', *, *, #2110, .T. ) ;
#1650 = CARTESIAN_POINT ( 'NONE',  ( 41.79181319120073113, 220.0000000000000000, 71.21768914852037824 ) ) ;
#1651 = ORIENTED_EDGE ( 'NONE', *, *, #1514, .T. ) ;
#1652 =( BOUNDED_CURVE ( )  B_SPLINE_CURVE ( 3, ( #1855, #57, #182, #2577 ),
 .UNSPECIFIED., .F., .F. ) 
 B_SPLINE_CURVE_WITH_KNOTS ( ( 4, 4 ),
 ( 0.000000000000000000, 0.2522720220872849417 ),
 .UNSPECIFIED. ) 
 CURVE ( )  GEOMETRIC_REPRESENTATION_ITEM ( )  RATIONAL_B_SPLINE_CURVE ( ( 1.000000000000000000, 0.9947035967732427153, 0.9947035967732427153, 1.000000000000000000 ) ) 
 REPRESENTATION_ITEM ( '' )  );
#1653 = CARTESIAN_POINT ( 'NONE',  ( -36.00780942298347043, 220.0000000000000000, -43.00000000000000000 ) ) ;
#1654 = DIRECTION ( 'NONE',  ( 0.000000000000000000, 0.000000000000000000, 1.000000000000000000 ) ) ;
#1655 = CARTESIAN_POINT ( 'NONE',  ( 35.89956074332291536, 220.0000000000000000, 47.99999999999999289 ) ) ;
#1656 = ORIENTED_EDGE ( 'NONE', *, *, #144, .F. ) ;
#1657 = PLANE ( 'NONE',  #296 ) ;
#1658 = CARTESIAN_POINT ( 'NONE',  ( 36.80858476802284684, 222.2979905397394305, 67.84752051688292340 ) ) ;
#1659 = CARTESIAN_POINT ( 'NONE',  ( -41.38627833238640363, 226.1068574591350284, 50.07106781186545419 ) ) ;
#1660 = LINE ( 'NONE', #278, #684 ) ;
#1661 = ORIENTED_EDGE ( 'NONE', *, *, #2237, .T. ) ;
#1662 = PLANE ( 'NONE',  #298 ) ;
#1663 = ORIENTED_EDGE ( 'NONE', *, *, #657, .F. ) ;
#1664 = ADVANCED_FACE ( 'NONE', ( #796 ), #1276, .T. ) ;
#1665 = CARTESIAN_POINT ( 'NONE',  ( -54.04027018385617254, 259.3833794704846696, -68.00000000000000000 ) ) ;
#1666 = COORDINATED_UNIVERSAL_TIME_OFFSET ( 1, 0, .AHEAD. ) ;
#1667 = DIRECTION ( 'NONE',  ( 0.000000000000000000, 0.000000000000000000, 1.000000000000000000 ) ) ;
#1668 = ORIENTED_EDGE ( 'NONE', *, *, #21, .F. ) ;
#1669 = FACE_OUTER_BOUND ( 'NONE', #2547, .T. ) ;
#1670 = DIRECTION ( 'NONE',  ( -0.000000000000000000, -0.000000000000000000, 1.000000000000000000 ) ) ;
#1671 = CARTESIAN_POINT ( 'NONE',  ( 38.83224910953265407, 223.6391535970094253, 67.33101615074588153 ) ) ;
#1672 = DIRECTION ( 'NONE',  ( 0.000000000000000000, 1.000000000000000000, 0.000000000000000000 ) ) ;
#1673 = VERTEX_POINT ( 'NONE', #426 ) ;
#1674 = CARTESIAN_POINT ( 'NONE',  ( 0.000000000000000000, 220.0000000000000000, 0.000000000000000000 ) ) ;
#1675 = ORIENTED_EDGE ( 'NONE', *, *, #508, .T. ) ;
#1676 = EDGE_CURVE ( 'NONE', #432, #1715, #1660, .T. ) ;
#1677 = DIRECTION ( 'NONE',  ( -1.000000000000000000, 0.000000000000000000, 0.000000000000000000 ) ) ;
#1678 = APPROVAL_DATE_TIME ( #2468, #322 ) ;
#1679 = DIRECTION ( 'NONE',  ( -0.000000000000000000, -0.000000000000000000, 1.000000000000000000 ) ) ;
#1680 = CARTESIAN_POINT ( 'NONE',  ( -40.41551876240966124, 221.6157858887944769, -67.67684282224112735 ) ) ;
#1681 = APPLICATION_CONTEXT ( 'configuration controlled 3d designs of mechanical parts and assemblies' ) ;
#1682 = PLANE ( 'NONE',  #902 ) ;
#1683 = CIRCLE ( 'NONE', #1810, 5.000000000000018652 ) ;
#1684 = DIRECTION ( 'NONE',  ( -0.5865899439198329901, -0.8098840890473939513, 0.000000000000000000 ) ) ;
#1685 = CIRCLE ( 'NONE', #1317, 70.53900802632479383 ) ;
#1686 = CARTESIAN_POINT ( 'NONE',  ( 42.28642429375448586, 220.4466786921171604, 67.91066426157657077 ) ) ;
#1687 = CIRCLE ( 'NONE', #2192, 4.999999999999997335 ) ;
#1688 = ORIENTED_EDGE ( 'NONE', *, *, #2050, .F. ) ;
#1689 = CARTESIAN_POINT ( 'NONE',  ( 44.80986378098052825, 220.0000000000000000, -47.96381019829218673 ) ) ;
#1690 = AXIS2_PLACEMENT_3D ( 'NONE', #1107, #121, #491 ) ;
#1691 = ORIENTED_EDGE ( 'NONE', *, *, #1577, .T. ) ;
#1692 = AXIS2_PLACEMENT_3D ( 'NONE', #1047, #1253, #419 ) ;
#1693 =( GEOMETRIC_REPRESENTATION_CONTEXT ( 3 ) GLOBAL_UNCERTAINTY_ASSIGNED_CONTEXT ( ( #1159 ) ) GLOBAL_UNIT_ASSIGNED_CONTEXT ( ( #18, #1064, #30 ) ) REPRESENTATION_CONTEXT ( 'NONE', 'WORKASPACE' ) );
#1694 = CARTESIAN_POINT ( 'NONE',  ( 35.09676391058548006, 220.9789156508417705, -63.00000000000000000 ) ) ;
#1695 = ORIENTED_EDGE ( 'NONE', *, *, #13, .F. ) ;
#1696 = FACE_OUTER_BOUND ( 'NONE', #234, .T. ) ;
#1697 = DIRECTION ( 'NONE',  ( 0.000000000000000000, 0.000000000000000000, -1.000000000000000000 ) ) ;
#1698 = CARTESIAN_POINT ( 'NONE',  ( 41.19367168925588629, 225.9789156508417705, 53.00000000000000000 ) ) ;
#1699 = EDGE_CURVE ( 'NONE', #2143, #1586, #1472, .T. ) ;
#1700 = CARTESIAN_POINT ( 'NONE',  ( -34.98518057126455716, 220.4950975679639384, 73.00000000000001421 ) ) ;
#1701 = ORIENTED_EDGE ( 'NONE', *, *, #447, .F. ) ;
#1702 = CARTESIAN_POINT ( 'NONE',  ( 37.28528308401597258, 225.2562291007745330, -48.13013661706127522 ) ) ;
#1703 = ORIENTED_EDGE ( 'NONE', *, *, #818, .F. ) ;
#1704 = DATE_AND_TIME ( #2275, #438 ) ;
#1705 = CARTESIAN_POINT ( 'NONE',  ( -12.66279742153371402, 316.5117997281915905, -68.00000000000000000 ) ) ;
#1706 = ORIENTED_EDGE ( 'NONE', *, *, #1395, .F. ) ;
#1707 = DIRECTION ( 'NONE',  ( 0.9751895521416779067, 0.2213714918270048571, 0.000000000000000000 ) ) ;
#1708 = CARTESIAN_POINT ( 'NONE',  ( -41.38627833238639653, 226.1068574591350284, 53.00000000000000000 ) ) ;
#1709 = CARTESIAN_POINT ( 'NONE',  ( 38.44421763230611333, 224.5152719773110448, 67.38142834374717438 ) ) ;
#1710 = LINE ( 'NONE', #1331, #936 ) ;
#1711 = EDGE_CURVE ( 'NONE', #1096, #659, #975, .T. ) ;
#1712 = ORIENTED_EDGE ( 'NONE', *, *, #1240, .T. ) ;
#1713 = CARTESIAN_POINT ( 'NONE',  ( 39.93597349572444699, 219.9999999999999432, -52.01123397347353006 ) ) ;
#1714 = EDGE_CURVE ( 'NONE', #1635, #909, #1925, .T. ) ;
#1715 = VERTEX_POINT ( 'NONE', #834 ) ;
#1716 = ADVANCED_FACE ( 'NONE', ( #825 ), #1257, .F. ) ;
#1717 = PERSON_AND_ORGANIZATION_ROLE ( 'design_owner' ) ;
#1718 = CARTESIAN_POINT ( 'NONE',  ( -12.66279742153371402, 316.5117997281915905, 63.00000000000000000 ) ) ;
#1719 = ORIENTED_EDGE ( 'NONE', *, *, #1778, .T. ) ;
#1720 = DIRECTION ( 'NONE',  ( -1.224646799147353207E-16, 1.000000000000000000, 0.000000000000000000 ) ) ;
#1721 = DIRECTION ( 'NONE',  ( 0.000000000000000000, 0.000000000000000000, 1.000000000000000000 ) ) ;
#1722 = CLOSED_SHELL ( 'NONE', ( #2252, #2517, #808, #348, #2007, #1098, #1930, #267, #252, #1417, #76, #1548, #1170, #352, #225, #755, #655, #2254, #2388, #1610, #281, #929, #516, #2199, #865, #1053, #1357, #395, #871, #1781, #1140, #1716, #2182, #995, #1989, #736, #785, #2436, #1570, #319, #1292, #847, #1154, #1664, #981, #1134, #2177, #333, #1845, #527, #541, #1745, #1554, #2355, #901, #2010, #944, #800, #2458, #768, #45, #2030, #415, #2077, #385, #1589, #2262, #2421, #1106, #2325, #2215, #621, #692, #2242, #1957, #1876 ) ) ;
#1723 = CARTESIAN_POINT ( 'NONE',  ( -51.96152422706635576, 180.0000000000000000, 29.99999999999996447 ) ) ;
#1724 = TOROIDAL_SURFACE ( 'NONE', #719, 65.53900802632477962, 5.000000000000000000 ) ;
#1725 = DIRECTION ( 'NONE',  ( -0.000000000000000000, 1.000000000000000000, -0.000000000000000000 ) ) ;
#1726 = EDGE_LOOP ( 'NONE', ( #2207, #2565, #2531, #2352, #1419, #2326, #323 ) ) ;
#1727 = AXIS2_PLACEMENT_3D ( 'NONE', #388, #615, #1193 ) ;
#1728 = CYLINDRICAL_SURFACE ( 'NONE', #1180, 4.999999999999997335 ) ;
#1729 = DIRECTION ( 'NONE',  ( 0.1957831301683550795, 0.9806472178829045427, 0.000000000000000000 ) ) ;
#1730 = CIRCLE ( 'NONE', #1399, 70.53900802632479383 ) ;
#1731 = VERTEX_POINT ( 'NONE', #674 ) ;
#1732 = AXIS2_PLACEMENT_3D ( 'NONE', #368, #1376, #976 ) ;
#1733 = DIRECTION ( 'NONE',  ( -1.000000000000000000, 0.000000000000000000, 0.000000000000000000 ) ) ;
#1734 = AXIS2_PLACEMENT_3D ( 'NONE', #2210, #618, #1455 ) ;
#1735 = EDGE_CURVE ( 'NONE', #507, #625, #640, .T. ) ;
#1736 = ORIENTED_EDGE ( 'NONE', *, *, #613, .F. ) ;
#1737 = CYLINDRICAL_SURFACE ( 'NONE', #58, 4.999999999999997335 ) ;
#1738 = EDGE_CURVE ( 'NONE', #1049, #313, #1432, .T. ) ;
#1739 = DIRECTION ( 'NONE',  ( -0.000000000000000000, -0.000000000000000000, 1.000000000000000000 ) ) ;
#1740 = CARTESIAN_POINT ( 'NONE',  ( -38.23892409023383721, 225.4591503554690632, -67.54950975679639669 ) ) ;
#1741 = ORIENTED_EDGE ( 'NONE', *, *, #460, .F. ) ;
#1742 = DIRECTION ( 'NONE',  ( 0.000000000000000000, 0.000000000000000000, -1.000000000000000000 ) ) ;
#1743 = DIRECTION ( 'NONE',  ( -1.000000000000000000, 0.000000000000000000, 0.000000000000000000 ) ) ;
#1744 = VERTEX_POINT ( 'NONE', #663 ) ;
#1745 = ADVANCED_FACE ( 'NONE', ( #2424 ), #852, .T. ) ;
#1746 = ORIENTED_EDGE ( 'NONE', *, *, #362, .T. ) ;
#1747 = DIRECTION ( 'NONE',  ( 0.9806472178829038766, -0.1957831301683586600, 0.000000000000000000 ) ) ;
#1748 = DIRECTION ( 'NONE',  ( -0.000000000000000000, -0.000000000000000000, 1.000000000000000000 ) ) ;
#1749 = CARTESIAN_POINT ( 'NONE',  ( -41.17212828870179919, 220.0000000000000000, -44.26213611565782458 ) ) ;
#1750 = ORIENTED_EDGE ( 'NONE', *, *, #1793, .F. ) ;
#1751 = CARTESIAN_POINT ( 'NONE',  ( -65.77206906225285366, 243.1856976895368518, 68.00000000000000000 ) ) ;
#1752 = CARTESIAN_POINT ( 'NONE',  ( 39.44564948838808505, 222.5067528995343480, -67.49864942009314461 ) ) ;
#1753 = VERTEX_POINT ( 'NONE', #1232 ) ;
#1754 = ORIENTED_EDGE ( 'NONE', *, *, #208, .T. ) ;
#1755 = CARTESIAN_POINT ( 'NONE',  ( -46.26222609309478884, 225.0000000000000000, -68.00000000000000000 ) ) ;
#1756 = DIRECTION ( 'NONE',  ( 0.1957831301683551073, 0.9806472178829046538, 0.000000000000000000 ) ) ;
#1757 = CARTESIAN_POINT ( 'NONE',  ( -36.00780942298347753, 225.0000000000000000, 47.99999999999999289 ) ) ;
#1758 = CARTESIAN_POINT ( 'NONE',  ( -38.86010855247186413, 220.0000000000000284, -49.64760742206563293 ) ) ;
#1759 = EDGE_CURVE ( 'NONE', #137, #2164, #222, .T. ) ;
#1760 = ORIENTED_EDGE ( 'NONE', *, *, #1342, .F. ) ;
#1761 = CARTESIAN_POINT ( 'NONE',  ( -34.98518057126455716, 220.4950975679639384, -68.00000000000000000 ) ) ;
#1762 = CIRCLE ( 'NONE', #632, 7.500000000000000000 ) ;
#1763 = CARTESIAN_POINT ( 'NONE',  ( -46.26222609309478884, 220.0000000000000000, 63.00000000000000000 ) ) ;
#1764 = AXIS2_PLACEMENT_3D ( 'NONE', #870, #1667, #2469 ) ;
#1765 = EDGE_CURVE ( 'NONE', #2437, #2205, #1584, .T. ) ;
#1766 = PRODUCT_DEFINITION ( 'UNKNOWN', '', #1907, #317 ) ;
#1767 = VERTEX_POINT ( 'NONE', #2282 ) ;
#1768 = DIRECTION ( 'NONE',  ( -0.000000000000000000, -0.000000000000000000, -1.000000000000000000 ) ) ;
#1769 = AXIS2_PLACEMENT_3D ( 'NONE', #840, #2445, #647 ) ;
#1770 = ORIENTED_EDGE ( 'NONE', *, *, #128, .F. ) ;
#1771 = AXIS2_PLACEMENT_3D ( 'NONE', #1993, #1559, #992 ) ;
#1772 = CIRCLE ( 'NONE', #2244, 80.00000000000001421 ) ;
#1773 = CARTESIAN_POINT ( 'NONE',  ( -34.98518057126453584, 219.5145168922730363, 68.09709662154538989 ) ) ;
#1774 = CYLINDRICAL_SURFACE ( 'NONE', #1093, 4.999999999999998224 ) ;
#1775 = DIRECTION ( 'NONE',  ( 1.000000000000000000, 0.000000000000000000, 0.000000000000000000 ) ) ;
#1776 = LOCAL_TIME ( 19, 32, 5.000000000000000000, #471 ) ;
#1777 = CARTESIAN_POINT ( 'NONE',  ( -40.70744234664942951, 225.9671569817222121, -50.48190509914508084 ) ) ;
#1778 = EDGE_CURVE ( 'NONE', #934, #51, #1461, .T. ) ;
#1779 = CARTESIAN_POINT ( 'NONE',  ( 39.07384861301499512, 224.7492616998433164, -67.05014766003131399 ) ) ;
#1780 = CARTESIAN_POINT ( 'NONE',  ( -39.23770042722276941, 219.9999999999999716, -65.81222605021943650 ) ) ;
#1781 = ADVANCED_FACE ( 'NONE', ( #2051 ), #35, .T. ) ;
#1782 = FACE_OUTER_BOUND ( 'NONE', #1372, .T. ) ;
#1783 = ORIENTED_EDGE ( 'NONE', *, *, #837, .T. ) ;
#1784 = DIRECTION ( 'NONE',  ( 0.000000000000000000, 0.000000000000000000, 1.000000000000000000 ) ) ;
#1785 = ORIENTED_EDGE ( 'NONE', *, *, #740, .T. ) ;
#1786 = CARTESIAN_POINT ( 'NONE',  ( 40.00000000000000000, 220.0000000000000000, -53.00000000000000000 ) ) ;
#1787 = CARTESIAN_POINT ( 'NONE',  ( 46.09690777867041334, 220.0000000000000000, 53.00000000000000000 ) ) ;
#1788 = FACE_OUTER_BOUND ( 'NONE', #520, .T. ) ;
#1789 = CARTESIAN_POINT ( 'NONE',  ( -40.30879267188896620, 225.8851172091552826, -49.92726639937107080 ) ) ;
#1790 = ORIENTED_EDGE ( 'NONE', *, *, #2150, .F. ) ;
#1791 = CARTESIAN_POINT ( 'NONE',  ( 38.11913246552884260, 225.4628032841440017, -67.54406994123640118 ) ) ;
#1792 = CARTESIAN_POINT ( 'NONE',  ( -39.74003097744920154, 220.0000000000000000, -64.73838388733175009 ) ) ;
#1793 = EDGE_CURVE ( 'NONE', #1296, #1731, #862, .T. ) ;
#1794 = CARTESIAN_POINT ( 'NONE',  ( 41.10375973191853660, 220.9821210740256561, -67.80357578519486594 ) ) ;
#1795 = EDGE_LOOP ( 'NONE', ( #261, #1410, #1176, #2398 ) ) ;
#1796 = FACE_OUTER_BOUND ( 'NONE', #799, .T. ) ;
#1797 = VERTEX_POINT ( 'NONE', #1287 ) ;
#1798 = EDGE_CURVE ( 'NONE', #787, #1877, #2248, .T. ) ;
#1799 = CARTESIAN_POINT ( 'NONE',  ( -38.40454501789065489, 225.0103506977623056, -67.44784116520213502 ) ) ;
#1800 = CARTESIAN_POINT ( 'NONE',  ( -37.57297687995939128, 223.9459980203992302, 67.69386383151656617 ) ) ;
#1801 = CARTESIAN_POINT ( 'NONE',  ( 44.80986378097827583, 220.0000000000000000, 47.96381019829759396 ) ) ;
#1802 = CARTESIAN_POINT ( 'NONE',  ( -39.48974822050260514, 220.0000000000000284, 50.60522805242953126 ) ) ;
#1803 = DIRECTION ( 'NONE',  ( -0.000000000000000000, -0.000000000000000000, 1.000000000000000000 ) ) ;
#1804 = ORIENTED_EDGE ( 'NONE', *, *, #2237, .F. ) ;
#1805 = DIRECTION ( 'NONE',  ( 1.000000000000000000, 0.000000000000000000, 0.000000000000000000 ) ) ;
#1806 = CARTESIAN_POINT ( 'NONE',  ( -39.84057055421026661, 220.0000000000000284, -64.38366141597269632 ) ) ;
#1807 = CARTESIAN_POINT ( 'NONE',  ( -41.09441867915307256, 220.0000000000000000, 71.73571467669633250 ) ) ;
#1808 = ORIENTED_EDGE ( 'NONE', *, *, #1456, .F. ) ;
#1809 = CARTESIAN_POINT ( 'NONE',  ( 39.18222012599589732, 222.5479199336364218, 67.49041601327272133 ) ) ;
#1810 = AXIS2_PLACEMENT_3D ( 'NONE', #1269, #887, #1684 ) ;
#1811 = ORIENTED_EDGE ( 'NONE', *, *, #1738, .F. ) ;
#1812 = EDGE_CURVE ( 'NONE', #274, #2067, #1873, .T. ) ;
#1813 = CIRCLE ( 'NONE', #1641, 70.53900802632479383 ) ;
#1814 = DIRECTION ( 'NONE',  ( -1.000000000000000000, 0.000000000000000000, 0.000000000000000000 ) ) ;
#1815 = DIRECTION ( 'NONE',  ( -1.000000000000000000, -0.000000000000000000, 0.000000000000000000 ) ) ;
#1816 = AXIS2_PLACEMENT_3D ( 'NONE', #1850, #617, #1426 ) ;
#1817 = CARTESIAN_POINT ( 'NONE',  ( -39.31312985055536302, 225.6802156211687702, 49.00166578876093126 ) ) ;
#1818 = AXIS2_PLACEMENT_3D ( 'NONE', #1585, #164, #2396 ) ;
#1819 = EDGE_CURVE ( 'NONE', #1021, #1072, #515, .T. ) ;
#1820 = DIRECTION ( 'NONE',  ( -1.000000000000000000, 0.000000000000000000, 0.000000000000000000 ) ) ;
#1821 = VECTOR ( 'NONE', #2338, 999.9999999999998863 ) ;
#1822 = CARTESIAN_POINT ( 'NONE',  ( -34.98518057126453584, 220.0000000000000284, -68.00000000000000000 ) ) ;
#1823 = LOCAL_TIME ( 19, 32, 5.000000000000000000, #669 ) ;
#1824 = CARTESIAN_POINT ( 'NONE',  ( 41.19367168925588629, 225.9789156508417705, -63.00000000000000000 ) ) ;
#1825 = VERTEX_POINT ( 'NONE', #741 ) ;
#1826 = VERTEX_POINT ( 'NONE', #1914 ) ;
#1827 = EDGE_CURVE ( 'NONE', #563, #546, #1359, .T. ) ;
#1828 = CARTESIAN_POINT ( 'NONE',  ( -38.96082534860644131, 223.6811841517738628, -67.32341055577478528 ) ) ;
#1829 = DIRECTION ( 'NONE',  ( -1.000000000000000000, 0.000000000000000000, 0.000000000000000000 ) ) ;
#1830 = CARTESIAN_POINT ( 'NONE',  ( -38.43755502362323995, 220.0000000000000284, 49.18862481611625981 ) ) ;
#1831 = CARTESIAN_POINT ( 'NONE',  ( 38.30827362973808903, 224.8506978585330955, -67.43161131736295033 ) ) ;
#1832 = CARTESIAN_POINT ( 'NONE',  ( -45.93765139068025860, 220.0000000000000000, -65.49604709223552845 ) ) ;
#1833 = CARTESIAN_POINT ( 'NONE',  ( -37.61155546847155051, 222.0628491277949479, -67.58743017443438816 ) ) ;
#1834 = DIRECTION ( 'NONE',  ( 0.2213714918270059950, -0.9751895521416775736, 0.000000000000000000 ) ) ;
#1835 = ORIENTED_EDGE ( 'NONE', *, *, #1963, .T. ) ;
#1836 = CARTESIAN_POINT ( 'NONE',  ( 40.95785980696817319, 220.0000000000000000, 71.73571525796991466 ) ) ;
#1837 = ORIENTED_EDGE ( 'NONE', *, *, #644, .F. ) ;
#1838 =( BOUNDED_CURVE ( )  B_SPLINE_CURVE ( 3, ( #81, #2074, #475, #1284 ),
 .UNSPECIFIED., .F., .F. ) 
 B_SPLINE_CURVE_WITH_KNOTS ( ( 4, 4 ),
 ( 0.000000000000000000, 0.2668611401621060475 ),
 .UNSPECIFIED. ) 
 CURVE ( )  GEOMETRIC_REPRESENTATION_ITEM ( )  RATIONAL_B_SPLINE_CURVE ( ( 1.000000000000000000, 0.9940742272195712825, 0.9940742272195712825, 1.000000000000000000 ) ) 
 REPRESENTATION_ITEM ( '' )  );
#1839 = CARTESIAN_POINT ( 'NONE',  ( 35.89956074332292246, 220.0000000000000000, 43.00000000000000000 ) ) ;
#1840 = PLANE ( 'NONE',  #1769 ) ;
#1841 = CARTESIAN_POINT ( 'NONE',  ( 46.09690777867041334, 220.0000000000000000, -63.95830475833840012 ) ) ;
#1842 = CARTESIAN_POINT ( 'NONE',  ( 38.09568175480106333, 225.4060771017520608, -67.54950975679639669 ) ) ;
#1843 = CARTESIAN_POINT ( 'NONE',  ( -39.40616053589472756, 222.8253236476121799, -67.43493527047756686 ) ) ;
#1844 = CARTESIAN_POINT ( 'NONE',  ( -39.40616053589472756, 222.8253236476121799, 67.43493527047756686 ) ) ;
#1845 = ADVANCED_FACE ( 'NONE', ( #330 ), #2330, .T. ) ;
#1846 = ORIENTED_EDGE ( 'NONE', *, *, #2403, .T. ) ;
#1847 = CARTESIAN_POINT ( 'NONE',  ( 37.88840993734202556, 220.0000000000000568, 67.16683478133971619 ) ) ;
#1848 = VERTEX_POINT ( 'NONE', #531 ) ;
#1849 = AXIS2_PLACEMENT_3D ( 'NONE', #2001, #830, #841 ) ;
#1850 = CARTESIAN_POINT ( 'NONE',  ( -34.98518057126455005, 220.4950975679639669, -73.00000000000000000 ) ) ;
#1851 = CARTESIAN_POINT ( 'NONE',  ( -46.26222609309478884, 225.0000000000000000, 63.00000000000000000 ) ) ;
#1852 =( BOUNDED_SURFACE ( )  B_SPLINE_SURFACE ( 3, 2, ( 
 ( #151, #1976, #1407 ),
 ( #1151, #2548, #1992 ),
 ( #2005, #202, #991 ),
 ( #2185, #1780, #1954 ),
 ( #795, #567, #1004 ),
 ( #580, #1792, #1557 ),
 ( #177, #1806, #384 ),
 ( #1189, #1378, #1388 ),
 ( #2174, #2354, #962 ),
 ( #1547, #6, #2165 ) ),
 .UNSPECIFIED., .F., .F., .F. ) 
 B_SPLINE_SURFACE_WITH_KNOTS ( ( 4, 2, 2, 2, 4 ),
 ( 3, 3 ),
 ( 5.133279383182808076, 5.420755864182002171, 5.708232345181197154, 5.995708826180392137, 6.283185307179586232 ),
 ( 0.000000000000000000, 1.000000000000000000 ),
 .UNSPECIFIED. ) 
 GEOMETRIC_REPRESENTATION_ITEM ( )  RATIONAL_B_SPLINE_SURFACE ( (
 ( 1.000000000000000000, 0.6743713803349872249, 1.000000000000000000),
 ( 1.000000000000000000, 0.6671931446872114702, 1.000000000000000000),
 ( 1.000000000000000000, 0.6603644666609295166, 1.000000000000000000),
 ( 1.000000000000000000, 0.6480520916623515593, 1.000000000000000000),
 ( 1.000000000000000000, 0.6425719768282716071, 1.000000000000000000),
 ( 1.000000000000000000, 0.6335323178173764003, 1.000000000000000000),
 ( 1.000000000000000000, 0.6299758471029515139, 1.000000000000000000),
 ( 1.000000000000000000, 0.6251839486003867297, 1.000000000000000000),
 ( 1.000000000000000000, 0.6239461570613863417, 1.000000000000000000),
 ( 1.000000000000000000, 0.6239505221461861817, 1.000000000000000000) ) ) 
 REPRESENTATION_ITEM ( '' )  SURFACE ( )  );
#1853 = ORIENTED_EDGE ( 'NONE', *, *, #1601, .F. ) ;
#1854 = VECTOR ( 'NONE', #986, 1000.000000000000000 ) ;
#1855 = CARTESIAN_POINT ( 'NONE',  ( -46.26222609309478884, 220.0000000000000000, -63.00000000000000000 ) ) ;
#1856 = VECTOR ( 'NONE', #1137, 1000.000000000000000 ) ;
#1857 = DIRECTION ( 'NONE',  ( -0.000000000000000000, 0.000000000000000000, -1.000000000000000000 ) ) ;
#1858 = CARTESIAN_POINT ( 'NONE',  ( 46.09690777867040623, 220.0000000000000000, -52.99999999999998579 ) ) ;
#1859 = CIRCLE ( 'NONE', #1565, 65.53900802632477962 ) ;
#1860 = DIRECTION ( 'NONE',  ( -0.000000000000000000, -0.000000000000000000, 1.000000000000000000 ) ) ;
#1861 = EDGE_CURVE ( 'NONE', #274, #1826, #557, .T. ) ;
#1862 = AXIS2_PLACEMENT_3D ( 'NONE', #1851, #646, #1242 ) ;
#1863 = EDGE_LOOP ( 'NONE', ( #1649, #2543, #1583, #778 ) ) ;
#1864 = CARTESIAN_POINT ( 'NONE',  ( 43.27598223645637887, 220.0000000000000000, 69.97081854165777770 ) ) ;
#1865 = AXIS2_PLACEMENT_3D ( 'NONE', #2406, #246, #1829 ) ;
#1866 = ORIENTED_EDGE ( 'NONE', *, *, #239, .F. ) ;
#1867 = DIRECTION ( 'NONE',  ( 0.9806472178829038766, -0.1957831301683586600, 0.000000000000000000 ) ) ;
#1868 = PERSON_AND_ORGANIZATION ( #2295, #227 ) ;
#1869 = ORIENTED_EDGE ( 'NONE', *, *, #571, .T. ) ;
#1870 = CARTESIAN_POINT ( 'NONE',  ( -39.40616053589472756, 222.8253236476121799, -67.43493527047756686 ) ) ;
#1871 = CARTESIAN_POINT ( 'NONE',  ( -46.26222609309478884, 225.0000000000000000, 0.000000000000000000 ) ) ;
#1872 = DIRECTION ( 'NONE',  ( 1.224646799147353207E-16, 1.000000000000000000, 0.000000000000000000 ) ) ;
#1873 = LINE ( 'NONE', #73, #303 ) ;
#1874 = ORIENTED_EDGE ( 'NONE', *, *, #400, .F. ) ;
#1875 = CARTESIAN_POINT ( 'NONE',  ( 46.09690777867039913, 220.0000000000000000, 63.95830475833838591 ) ) ;
#1876 = ADVANCED_FACE ( 'NONE', ( #84 ), #1887, .T. ) ;
#1877 = VERTEX_POINT ( 'NONE', #136 ) ;
#1878 = CARTESIAN_POINT ( 'NONE',  ( -36.00780942298347753, 220.0000000000000000, 43.00000000000000000 ) ) ;
#1879 = COORDINATED_UNIVERSAL_TIME_OFFSET ( 1, 0, .AHEAD. ) ;
#1880 = CYLINDRICAL_SURFACE ( 'NONE', #2442, 5.000000000000000888 ) ;
#1881 = EDGE_CURVE ( 'NONE', #1473, #1586, #696, .T. ) ;
#1882 = ORIENTED_EDGE ( 'NONE', *, *, #1471, .T. ) ;
#1883 = FACE_OUTER_BOUND ( 'NONE', #532, .T. ) ;
#1884 = EDGE_CURVE ( 'NONE', #115, #1614, #2293, .T. ) ;
#1885 = APPROVAL ( #523, 'UNSPECIFIED' ) ;
#1886 = DIRECTION ( 'NONE',  ( -0.000000000000000000, 1.000000000000000000, -0.000000000000000000 ) ) ;
#1887 = PLANE ( 'NONE',  #1984 ) ;
#1888 = ORIENTED_EDGE ( 'NONE', *, *, #1765, .T. ) ;
#1889 = CARTESIAN_POINT ( 'NONE',  ( 57.87621060479107626, 316.5117997281915905, 53.00000000000000000 ) ) ;
#1890 = ORIENTED_EDGE ( 'NONE', *, *, #1911, .T. ) ;
#1891 = SHAPE_DEFINITION_REPRESENTATION ( #359, #629 ) ;
#1892 = CARTESIAN_POINT ( 'NONE',  ( 56.51108455170156475, 302.7014519378270165, 63.00000000000000000 ) ) ;
#1893 = ORIENTED_EDGE ( 'NONE', *, *, #1008, .F. ) ;
#1894 = CARTESIAN_POINT ( 'NONE',  ( -45.93765139068025860, 220.0000000000000000, -65.49604709223552845 ) ) ;
#1895 = AXIS2_PLACEMENT_3D ( 'NONE', #1937, #134, #2181 ) ;
#1896 = DIRECTION ( 'NONE',  ( -0.000000000000000000, -0.000000000000000000, -1.000000000000000000 ) ) ;
#1897 = CIRCLE ( 'NONE', #2027, 25.00000000000000711 ) ;
#1898 = CARTESIAN_POINT ( 'NONE',  ( -12.66279742153371402, 316.5117997281915905, -53.00000000000000000 ) ) ;
#1899 = CIRCLE ( 'NONE', #764, 5.000000000000004441 ) ;
#1900 = DIRECTION ( 'NONE',  ( -0.000000000000000000, -1.000000000000000000, -0.000000000000000000 ) ) ;
#1901 = VECTOR ( 'NONE', #2451, 1000.000000000000114 ) ;
#1902 = ORIENTED_EDGE ( 'NONE', *, *, #1456, .T. ) ;
#1903 = DIRECTION ( 'NONE',  ( -1.000000000000000000, 0.000000000000000000, 0.000000000000000000 ) ) ;
#1904 = VECTOR ( 'NONE', #210, 1000.000000000000000 ) ;
#1905 = EDGE_LOOP ( 'NONE', ( #1172, #2414, #602, #1893 ) ) ;
#1906 = AXIS2_PLACEMENT_3D ( 'NONE', #1755, #2376, #146 ) ;
#1907 = PRODUCT_DEFINITION_FORMATION_WITH_SPECIFIED_SOURCE ( 'ANY', '', #759, .NOT_KNOWN. ) ;
#1908 = CARTESIAN_POINT ( 'NONE',  ( 45.97587334959901284, 220.0000000000000000, -64.77644339092185533 ) ) ;
#1909 = ORIENTED_EDGE ( 'NONE', *, *, #1370, .T. ) ;
#1910 = CARTESIAN_POINT ( 'NONE',  ( 42.86859121284104646, 220.3445342017983535, 67.54816217714015636 ) ) ;
#1911 = EDGE_CURVE ( 'NONE', #335, #320, #1710, .T. ) ;
#1912 = DIRECTION ( 'NONE',  ( -0.000000000000000000, -1.000000000000000000, -0.000000000000000000 ) ) ;
#1913 = CARTESIAN_POINT ( 'NONE',  ( 38.17778215090183380, 225.1834593661782264, 67.49293436858093287 ) ) ;
#1914 = CARTESIAN_POINT ( 'NONE',  ( -51.10732046425699338, 263.4327999157216595, 68.00000000000000000 ) ) ;
#1915 = ORIENTED_EDGE ( 'NONE', *, *, #1676, .T. ) ;
#1916 = CARTESIAN_POINT ( 'NONE',  ( 0.000000000000000000, 220.0000000000000000, 0.000000000000000000 ) ) ;
#1917 = ORIENTED_EDGE ( 'NONE', *, *, #2515, .T. ) ;
#1918 = DATE_AND_TIME ( #2132, #1776 ) ;
#1919 = FACE_OUTER_BOUND ( 'NONE', #2123, .T. ) ;
#1920 = B_SPLINE_CURVE_WITH_KNOTS ( 'NONE', 3,
 ( #700, #262, #2301, #1680, #900, #1066, #2483, #1870 ),
 .UNSPECIFIED., .F., .F.,
 ( 4, 2, 2, 4 ),
 ( 1.387778780781445676E-17, 0.001888758249048219044, 0.002833137373572313170, 0.003777516498096408163 ),
 .UNSPECIFIED. ) ;
#1921 = ORIENTED_EDGE ( 'NONE', *, *, #709, .F. ) ;
#1922 = CARTESIAN_POINT ( 'NONE',  ( -65.77206906225285366, 243.1856976895368518, -63.00000000000000000 ) ) ;
#1923 = CARTESIAN_POINT ( 'NONE',  ( 46.09690777867040623, 225.0000000000000000, 63.00000000000000000 ) ) ;
#1924 = FACE_OUTER_BOUND ( 'NONE', #953, .T. ) ;
#1925 =( BOUNDED_CURVE ( )  B_SPLINE_CURVE ( 3, ( #1824, #1271, #846, #240 ),
 .UNSPECIFIED., .F., .T. ) 
 B_SPLINE_CURVE_WITH_KNOTS ( ( 4, 4 ),
 ( 3.141592653589793116, 4.284640291757565222 ),
 .UNSPECIFIED. ) 
 CURVE ( )  GEOMETRIC_REPRESENTATION_ITEM ( )  RATIONAL_B_SPLINE_CURVE ( ( 1.000000000000000000, 0.8940517976061111982, 0.8940517976061111982, 1.000000000000000000 ) ) 
 REPRESENTATION_ITEM ( '' )  );
#1926 = DIRECTION ( 'NONE',  ( -1.000000000000000000, 0.000000000000000000, 0.000000000000000000 ) ) ;
#1927 = EDGE_CURVE ( 'NONE', #167, #1550, #596, .T. ) ;
#1928 = ORIENTED_EDGE ( 'NONE', *, *, #1633, .T. ) ;
#1929 = CARTESIAN_POINT ( 'NONE',  ( 45.83149812940965262, 220.0000000000000000, -50.38252115440598544 ) ) ;
#1930 = ADVANCED_FACE ( 'NONE', ( #2100 ), #2032, .T. ) ;
#1931 = LINE ( 'NONE', #2333, #2357 ) ;
#1932 = ORIENTED_EDGE ( 'NONE', *, *, #430, .T. ) ;
#1933 = DIRECTION ( 'NONE',  ( -0.000000000000000000, -0.000000000000000000, 1.000000000000000000 ) ) ;
#1934 = EDGE_LOOP ( 'NONE', ( #853, #835, #2542, #2090 ) ) ;
#1935 = DIRECTION ( 'NONE',  ( 0.000000000000000000, 0.000000000000000000, -1.000000000000000000 ) ) ;
#1936 = DIRECTION ( 'NONE',  ( -1.000000000000000000, 0.000000000000000000, 0.000000000000000000 ) ) ;
#1937 = CARTESIAN_POINT ( 'NONE',  ( -12.66279742153371402, 316.5117997281915905, -48.00000000000000000 ) ) ;
#1938 = TOROIDAL_SURFACE ( 'NONE', #676, 65.53900802632477962, 5.000000000000000000 ) ;
#1939 = DIRECTION ( 'NONE',  ( -1.000000000000000000, 0.000000000000000000, 0.000000000000000000 ) ) ;
#1940 = VERTEX_POINT ( 'NONE', #2512 ) ;
#1941 = AXIS2_PLACEMENT_3D ( 'NONE', #1922, #1205, #1130 ) ;
#1942 = CARTESIAN_POINT ( 'NONE',  ( -51.96152422706635576, 180.0000000000000000, -29.99999999999996447 ) ) ;
#1943 = EDGE_CURVE ( 'NONE', #2428, #1204, #99, .T. ) ;
#1944 = DIRECTION ( 'NONE',  ( -0.000000000000000000, -0.000000000000000000, 1.000000000000000000 ) ) ;
#1945 = ORIENTED_EDGE ( 'NONE', *, *, #2369, .T. ) ;
#1946 = CIRCLE ( 'NONE', #2241, 5.000000000000004441 ) ;
#1947 = DIRECTION ( 'NONE',  ( -0.000000000000000000, -0.000000000000000000, -1.000000000000000000 ) ) ;
#1948 = VECTOR ( 'NONE', #54, 1000.000000000000000 ) ;
#1949 = ORIENTED_EDGE ( 'NONE', *, *, #1861, .T. ) ;
#1950 = LINE ( 'NONE', #1786, #1821 ) ;
#1951 = CARTESIAN_POINT ( 'NONE',  ( -46.26827801941930574, 247.6131275260769655, -68.00000000000000000 ) ) ;
#1952 = CARTESIAN_POINT ( 'NONE',  ( -42.30962755439835377, 220.0000000000000000, -45.00333157752668711 ) ) ;
#1953 = EDGE_LOOP ( 'NONE', ( #1804, #569, #1351, #1165 ) ) ;
#1954 = CARTESIAN_POINT ( 'NONE',  ( -43.42551319071864668, 220.0000000000000000, -69.97081854165618608 ) ) ;
#1955 = CARTESIAN_POINT ( 'NONE',  ( -78.20180544785850429, 316.5117997281915905, -48.00000000000000000 ) ) ;
#1956 = ORIENTED_EDGE ( 'NONE', *, *, #1251, .T. ) ;
#1957 = ADVANCED_FACE ( 'NONE', ( #1091 ), #2503, .T. ) ;
#1958 = EDGE_LOOP ( 'NONE', ( #387, #1997, #2589, #162 ) ) ;
#1959 = EDGE_CURVE ( 'NONE', #313, #155, #1521, .T. ) ;
#1960 = DIRECTION ( 'NONE',  ( -0.000000000000000000, -0.000000000000000000, 1.000000000000000000 ) ) ;
#1961 = CARTESIAN_POINT ( 'NONE',  ( 41.19367168925588629, 225.9789156508417705, 53.00000000000000000 ) ) ;
#1962 = DIRECTION ( 'NONE',  ( -1.000000000000000000, 0.000000000000000000, 0.000000000000000000 ) ) ;
#1963 = EDGE_CURVE ( 'NONE', #1614, #2437, #1946, .T. ) ;
#1964 = CARTESIAN_POINT ( 'NONE',  ( -36.72329963519248253, 220.0000000000000000, -48.14724370403900622 ) ) ;
#1965 = ORIENTED_EDGE ( 'NONE', *, *, #1338, .F. ) ;
#1966 = CARTESIAN_POINT ( 'NONE',  ( 38.09568175480106333, 225.4060771017520608, -67.54950975679639669 ) ) ;
#1967 = CARTESIAN_POINT ( 'NONE',  ( -39.89841484476384181, 225.8006638514088991, 66.48540927083016072 ) ) ;
#1968 = ORIENTED_EDGE ( 'NONE', *, *, #430, .F. ) ;
#1969 = ORIENTED_EDGE ( 'NONE', *, *, #1943, .F. ) ;
#1970 = EDGE_CURVE ( 'NONE', #922, #1473, #574, .T. ) ;
#1971 = CARTESIAN_POINT ( 'NONE',  ( 46.09690777867040623, 220.0000000000000000, 63.00000000000000000 ) ) ;
#1972 = LINE ( 'NONE', #2, #845 ) ;
#1973 = EDGE_CURVE ( 'NONE', #507, #1826, #1859, .T. ) ;
#1974 = CARTESIAN_POINT ( 'NONE',  ( -40.00000000000001421, 219.9999999999999716, -53.00000000000000000 ) ) ;
#1975 = VECTOR ( 'NONE', #2367, 999.9999999999998863 ) ;
#1976 = CARTESIAN_POINT ( 'NONE',  ( -38.00720461633711977, 220.0000000000000284, -67.10981800104937633 ) ) ;
#1977 = AXIS2_PLACEMENT_3D ( 'NONE', #490, #1068, #925 ) ;
#1978 = CARTESIAN_POINT ( 'NONE',  ( -41.38627833238639653, 226.1068574591350284, 63.00000000000000000 ) ) ;
#1979 = AXIS2_PLACEMENT_3D ( 'NONE', #2141, #294, #1124 ) ;
#1980 = ORIENTED_EDGE ( 'NONE', *, *, #635, .T. ) ;
#1981 = CARTESIAN_POINT ( 'NONE',  ( 35.36651205761754113, 220.5628363835706978, 67.99999999999998579 ) ) ;
#1982 = TOROIDAL_SURFACE ( 'NONE', #1525, 25.00000000000000355, 5.000000000000000000 ) ;
#1983 = ORIENTED_EDGE ( 'NONE', *, *, #336, .F. ) ;
#1984 = AXIS2_PLACEMENT_3D ( 'NONE', #889, #1133, #926 ) ;
#1985 = VECTOR ( 'NONE', #2061, 1000.000000000000000 ) ;
#1986 = DIRECTION ( 'NONE',  ( 1.000000000000000000, 0.000000000000000000, 0.000000000000000000 ) ) ;
#1987 = LINE ( 'NONE', #355, #1854 ) ;
#1988 = DIRECTION ( 'NONE',  ( 0.1957831301683551073, 0.9806472178829046538, 0.000000000000000000 ) ) ;
#1989 = ADVANCED_FACE ( 'NONE', ( #590 ), #1199, .F. ) ;
#1990 = CARTESIAN_POINT ( 'NONE',  ( -65.77206906225285366, 243.1856976895368518, -68.00000000000000000 ) ) ;
#1991 = ORIENTED_EDGE ( 'NONE', *, *, #1370, .F. ) ;
#1992 = CARTESIAN_POINT ( 'NONE',  ( -41.09441867916091695, 220.0000000000000000, -71.73571467672007884 ) ) ;
#1993 = CARTESIAN_POINT ( 'NONE',  ( -65.77206906225285366, 243.1856976895368518, -48.00000000000000000 ) ) ;
#1994 = EDGE_CURVE ( 'NONE', #1616, #2410, #1594, .T. ) ;
#1995 = ORIENTED_EDGE ( 'NONE', *, *, #1215, .T. ) ;
#1996 = CARTESIAN_POINT ( 'NONE',  ( -41.38627833238639653, 226.1068574591350284, 68.00000000000000000 ) ) ;
#1997 = ORIENTED_EDGE ( 'NONE', *, *, #571, .F. ) ;
#1998 = DIRECTION ( 'NONE',  ( -0.000000000000000000, -0.000000000000000000, -1.000000000000000000 ) ) ;
#1999 = CARTESIAN_POINT ( 'NONE',  ( -38.32134423581850768, 221.4244621216104463, 67.71510757567790506 ) ) ;
#2000 = CARTESIAN_POINT ( 'NONE',  ( 40.52548282675460456, 225.8553631711284879, 50.48190509914698509 ) ) ;
#2001 = CARTESIAN_POINT ( 'NONE',  ( -65.77206906225285366, 243.1856976895368518, 48.00000000000000000 ) ) ;
#2002 = CARTESIAN_POINT ( 'NONE',  ( -41.38627833238639653, 226.1068574591350284, -53.00000000000000000 ) ) ;
#2003 = EDGE_LOOP ( 'NONE', ( #1590, #458, #1811, #2478 ) ) ;
#2004 = FACE_OUTER_BOUND ( 'NONE', #1116, .T. ) ;
#2005 = CARTESIAN_POINT ( 'NONE',  ( -39.11560760690151994, 225.6395666981326826, -67.10884457426162442 ) ) ;
#2006 = LINE ( 'NONE', #412, #1020 ) ;
#2007 = ADVANCED_FACE ( 'NONE', ( #356 ), #2194, .T. ) ;
#2008 = EDGE_LOOP ( 'NONE', ( #2568, #279, #826, #1932, #218, #270 ) ) ;
#2009 = FACE_OUTER_BOUND ( 'NONE', #1433, .T. ) ;
#2010 = ADVANCED_FACE ( 'NONE', ( #2200 ), #2128, .F. ) ;
#2011 = VERTEX_POINT ( 'NONE', #565 ) ;
#2012 = EDGE_CURVE ( 'NONE', #1556, #675, #1564, .T. ) ;
#2013 = CARTESIAN_POINT ( 'NONE',  ( -46.26827801941930574, 247.6131275260769655, 53.00000000000000000 ) ) ;
#2014 = LINE ( 'NONE', #1011, #1367 ) ;
#2015 = CARTESIAN_POINT ( 'NONE',  ( -95.00000000000001421, 219.5145168922730079, -68.09709662154540410 ) ) ;
#2016 = CARTESIAN_POINT ( 'NONE',  ( 39.69999720960863954, 219.9999999999865281, -64.81941822749313076 ) ) ;
#2017 = LINE ( 'NONE', #1267, #1145 ) ;
#2018 = CARTESIAN_POINT ( 'NONE',  ( -65.77206906225285366, 243.1856976895368518, 48.00000000000000000 ) ) ;
#2019 = CARTESIAN_POINT ( 'NONE',  ( -37.57297687999661662, 223.9459980204140095, -67.69386383150138897 ) ) ;
#2020 = CARTESIAN_POINT ( 'NONE',  ( -46.26222609309478884, 220.0000000000000000, 63.95830475833909645 ) ) ;
#2021 = ORIENTED_EDGE ( 'NONE', *, *, #111, .T. ) ;
#2022 = CARTESIAN_POINT ( 'NONE',  ( 40.83257480018982477, 225.9121464803826598, 64.87713109306852743 ) ) ;
#2023 = EDGE_CURVE ( 'NONE', #2416, #638, #1447, .T. ) ;
#2024 = AXIS2_PLACEMENT_3D ( 'NONE', #459, #2510, #288 ) ;
#2025 = ORIENTED_EDGE ( 'NONE', *, *, #2532, .T. ) ;
#2026 =( BOUNDED_CURVE ( )  B_SPLINE_CURVE ( 3, ( #1263, #2070, #2043, #803 ),
 .UNSPECIFIED., .F., .T. ) 
 B_SPLINE_CURVE_WITH_KNOTS ( ( 4, 4 ),
 ( 2.738477309245960001, 3.102456021352370197 ),
 .UNSPECIFIED. ) 
 CURVE ( )  GEOMETRIC_REPRESENTATION_ITEM ( )  RATIONAL_B_SPLINE_CURVE ( ( 1.000000000000000000, 0.9889903951059492160, 0.9889903951059492160, 1.000000000000000000 ) ) 
 REPRESENTATION_ITEM ( '' )  );
#2027 = AXIS2_PLACEMENT_3D ( 'NONE', #1214, #1018, #2570 ) ;
#2028 = DIRECTION ( 'NONE',  ( -0.000000000000000000, -0.000000000000000000, -1.000000000000000000 ) ) ;
#2029 = CIRCLE ( 'NONE', #972, 4.999999999999997335 ) ;
#2030 = ADVANCED_FACE ( 'NONE', ( #2379 ), #578, .F. ) ;
#2031 = CARTESIAN_POINT ( 'NONE',  ( 43.92597853661889928, 220.0000000000000000, -69.24213783894366259 ) ) ;
#2032 = TOROIDAL_SURFACE ( 'NONE', #1487, 65.53900802632477962, 5.000000000000000000 ) ;
#2033 = CARTESIAN_POINT ( 'NONE',  ( -2.775557561562891351E-14, 159.9999999999999716, 80.00000000000001421 ) ) ;
#2034 = AXIS2_PLACEMENT_3D ( 'NONE', #2136, #1697, #1507 ) ;
#2035 = CARTESIAN_POINT ( 'NONE',  ( -12.66279742153371402, 316.5117997281915905, -68.00000000000000000 ) ) ;
#2036 = CARTESIAN_POINT ( 'NONE',  ( -39.21169291599139939, 224.7763715091604695, -67.04472569816790894 ) ) ;
#2037 = ORIENTED_EDGE ( 'NONE', *, *, #1251, .F. ) ;
#2038 = CARTESIAN_POINT ( 'NONE',  ( 40.06592455702806888, 220.0000000000000000, 72.12725507355658294 ) ) ;
#2039 =( BOUNDED_CURVE ( )  B_SPLINE_CURVE ( 3, ( #83, #1078, #98, #2127 ),
 .UNSPECIFIED., .F., .T. ) 
 B_SPLINE_CURVE_WITH_KNOTS ( ( 4, 4 ),
 ( 3.141592653589793116, 4.712388980384689674 ),
 .UNSPECIFIED. ) 
 CURVE ( )  GEOMETRIC_REPRESENTATION_ITEM ( )  RATIONAL_B_SPLINE_CURVE ( ( 1.000000000000000000, 0.8047378541243649375, 0.8047378541243649375, 1.000000000000000000 ) ) 
 REPRESENTATION_ITEM ( '' )  );
#2040 = EDGE_CURVE ( 'NONE', #1437, #909, #2541, .T. ) ;
#2041 = ORIENTED_EDGE ( 'NONE', *, *, #1676, .F. ) ;
#2042 = CARTESIAN_POINT ( 'NONE',  ( -38.44766192704668128, 224.8982947526894236, -67.42769875360258425 ) ) ;
#2043 = CARTESIAN_POINT ( 'NONE',  ( 36.24425567829106853, 219.5145168922730647, 68.09709662154538989 ) ) ;
#2044 = DIRECTION ( 'NONE',  ( -1.000000000000000000, 0.000000000000000000, 0.000000000000000000 ) ) ;
#2045 = EDGE_CURVE ( 'NONE', #922, #2498, #2017, .T. ) ;
#2046 = CARTESIAN_POINT ( 'NONE',  ( -46.26222609309478884, 220.0000000000000000, 51.69076705392438242 ) ) ;
#2047 = EDGE_CURVE ( 'NONE', #145, #1021, #661, .T. ) ;
#2048 = CARTESIAN_POINT ( 'NONE',  ( -54.04027018385617254, 259.3833794704846696, 53.00000000000000000 ) ) ;
#2049 = CARTESIAN_POINT ( 'NONE',  ( 35.53523795066006841, 220.0335839314907957, -67.99328321372729533 ) ) ;
#2050 = EDGE_CURVE ( 'NONE', #51, #1065, #1236, .T. ) ;
#2051 = FACE_OUTER_BOUND ( 'NONE', #2538, .T. ) ;
#2052 = ORIENTED_EDGE ( 'NONE', *, *, #572, .T. ) ;
#2053 = CARTESIAN_POINT ( 'NONE',  ( -42.01470763410993925, 220.0000000000000000, 42.99999999999999289 ) ) ;
#2054 = ORIENTED_EDGE ( 'NONE', *, *, #1122, .T. ) ;
#2055 = FACE_OUTER_BOUND ( 'NONE', #512, .T. ) ;
#2056 = CARTESIAN_POINT ( 'NONE',  ( 0.000000000000000000, 180.0000000000000000, 0.000000000000000000 ) ) ;
#2057 = CARTESIAN_POINT ( 'NONE',  ( 38.75695701869563692, 220.0000000000000000, 49.56276357192392368 ) ) ;
#2058 = ORIENTED_EDGE ( 'NONE', *, *, #1324, .F. ) ;
#2059 = CARTESIAN_POINT ( 'NONE',  ( 38.60695990878084416, 220.0000000000000000, -66.57739940366109010 ) ) ;
#2060 = EDGE_CURVE ( 'NONE', #1596, #2410, #1648, .T. ) ;
#2061 = DIRECTION ( 'NONE',  ( 1.000000000000000000, -0.000000000000000000, 0.000000000000000000 ) ) ;
#2062 = EDGE_CURVE ( 'NONE', #2221, #338, #854, .T. ) ;
#2063 = CARTESIAN_POINT ( 'NONE',  ( 35.00017115330179962, 220.0000000000000284, -68.00000000000000000 ) ) ;
#2064 = CARTESIAN_POINT ( 'NONE',  ( -12.66279742153371402, 316.5117997281915905, 63.00000000000000000 ) ) ;
#2065 = ORIENTED_EDGE ( 'NONE', *, *, #1338, .T. ) ;
#2066 = CARTESIAN_POINT ( 'NONE',  ( 45.95549235168770963, 220.0000000000000000, 64.91640122489582154 ) ) ;
#2067 = VERTEX_POINT ( 'NONE', #2048 ) ;
#2068 = CIRCLE ( 'NONE', #1178, 5.000000000000018652 ) ;
#2069 = LINE ( 'NONE', #1665, #1230 ) ;
#2070 = CARTESIAN_POINT ( 'NONE',  ( 37.68820990244859814, 220.6185414003107610, 67.87629171993789612 ) ) ;
#2071 = CARTESIAN_POINT ( 'NONE',  ( 37.23463101348973936, 220.0000000000000000, 43.00000000001389822 ) ) ;
#2072 = ORIENTED_EDGE ( 'NONE', *, *, #1083, .F. ) ;
#2073 = CIRCLE ( 'NONE', #2277, 80.00000000000000000 ) ;
#2074 = CARTESIAN_POINT ( 'NONE',  ( 46.09690777867039913, 220.0000000000000000, 63.89218686795381075 ) ) ;
#2075 = CIRCLE ( 'NONE', #592, 5.000000000000003553 ) ;
#2076 = DIRECTION ( 'NONE',  ( -4.163336342344333082E-15, -1.000000000000000000, 0.000000000000000000 ) ) ;
#2077 = ADVANCED_FACE ( 'NONE', ( #1015 ), #461, .F. ) ;
#2078 = DIRECTION ( 'NONE',  ( -1.000000000000000000, 0.000000000000000000, 0.000000000000000000 ) ) ;
#2079 = ORIENTED_EDGE ( 'NONE', *, *, #1073, .T. ) ;
#2080 = CARTESIAN_POINT ( 'NONE',  ( 43.92597853661985852, 220.0000000000000000, 69.24213783894722951 ) ) ;
#2081 = EDGE_CURVE ( 'NONE', #1753, #2167, #2405, .T. ) ;
#2082 = ORIENTED_EDGE ( 'NONE', *, *, #1111, .T. ) ;
#2083 = CARTESIAN_POINT ( 'NONE',  ( -41.38627833238639653, 226.1068574591350284, 63.00000000000000000 ) ) ;
#2084 = CARTESIAN_POINT ( 'NONE',  ( 0.000000000000000000, 0.000000000000000000, 0.000000000000000000 ) ) ;
#2085 = DIRECTION ( 'NONE',  ( 1.000000000000000000, 0.000000000000000000, 0.000000000000000000 ) ) ;
#2086 = ORIENTED_EDGE ( 'NONE', *, *, #1514, .F. ) ;
#2087 = DIRECTION ( 'NONE',  ( -0.000000000000000000, -0.000000000000000000, -1.000000000000000000 ) ) ;
#2088 = DIRECTION ( 'NONE',  ( 1.000000000000000000, 0.000000000000000000, 0.000000000000000000 ) ) ;
#2089 = DIRECTION ( 'NONE',  ( -1.000000000000000000, 0.000000000000000000, 0.000000000000000000 ) ) ;
#2090 = ORIENTED_EDGE ( 'NONE', *, *, #1308, .T. ) ;
#2091 = CARTESIAN_POINT ( 'NONE',  ( 40.52548282675264346, 225.8553631711293121, -50.48190509914196866 ) ) ;
#2092 = ORIENTED_EDGE ( 'NONE', *, *, #142, .T. ) ;
#2093 = EDGE_CURVE ( 'NONE', #563, #1556, #1237, .T. ) ;
#2094 = DIRECTION ( 'NONE',  ( 0.000000000000000000, 0.000000000000000000, -1.000000000000000000 ) ) ;
#2095 = FACE_OUTER_BOUND ( 'NONE', #582, .T. ) ;
#2096 = ORIENTED_EDGE ( 'NONE', *, *, #667, .T. ) ;
#2097 = CARTESIAN_POINT ( 'NONE',  ( -36.00780942298347753, 225.0000000000000000, 43.00000000000000000 ) ) ;
#2098 = CARTESIAN_POINT ( 'NONE',  ( 46.09690777867040623, 220.0000000000000000, -53.00000000000000000 ) ) ;
#2099 = DIRECTION ( 'NONE',  ( -1.000000000000000000, 0.000000000000000000, 0.000000000000000000 ) ) ;
#2100 = FACE_OUTER_BOUND ( 'NONE', #47, .T. ) ;
#2101 = ORIENTED_EDGE ( 'NONE', *, *, #1994, .F. ) ;
#2102 = CARTESIAN_POINT ( 'NONE',  ( 40.13308572595941826, 225.7828063873290034, -49.92726639936773836 ) ) ;
#2103 = ORIENTED_EDGE ( 'NONE', *, *, #530, .T. ) ;
#2104 = EDGE_CURVE ( 'NONE', #1316, #2190, #2360, .T. ) ;
#2105 = AXIS2_PLACEMENT_3D ( 'NONE', #861, #1229, #1805 ) ;
#2106 = DIRECTION ( 'NONE',  ( 1.000000000000000000, 0.000000000000000000, 0.000000000000000000 ) ) ;
#2107 = ORIENTED_EDGE ( 'NONE', *, *, #180, .F. ) ;
#2108 = CARTESIAN_POINT ( 'NONE',  ( -42.91725820462352914, 220.3886901832044600, -67.51764421383523995 ) ) ;
#2109 = VECTOR ( 'NONE', #11, 1000.000000000000000 ) ;
#2110 = EDGE_CURVE ( 'NONE', #625, #906, #2567, .T. ) ;
#2111 = CARTESIAN_POINT ( 'NONE',  ( -38.23892409023385142, 225.4591503554690632, 67.54950975679638248 ) ) ;
#2112 = AXIS2_PLACEMENT_3D ( 'NONE', #2320, #1344, #942 ) ;
#2113 = DIRECTION ( 'NONE',  ( 1.000000000000000000, 0.000000000000000000, -0.000000000000000000 ) ) ;
#2114 =( BOUNDED_SURFACE ( )  B_SPLINE_SURFACE ( 3, 2, ( 
 ( #639, #1847, #2038 ),
 ( #1259, #850, #1836 ),
 ( #254, #827, #1650 ),
 ( #1636, #2426, #1864 ),
 ( #1275, #49, #2080 ),
 ( #836, #27, #1033 ),
 ( #2022, #1486, #2465 ),
 ( #1451, #242, #2066 ),
 ( #1627, #233, #1875 ),
 ( #219, #1022, #626 ) ),
 .UNSPECIFIED., .F., .F., .F. ) 
 B_SPLINE_SURFACE_WITH_KNOTS ( ( 4, 2, 2, 2, 4 ),
 ( 3, 3 ),
 ( 5.133279383182808076, 5.420755864182002171, 5.708232345181197154, 5.995708826180392137, 6.283185307179586232 ),
 ( 0.000000000000000000, 1.000000000000000000 ),
 .UNSPECIFIED. ) 
 GEOMETRIC_REPRESENTATION_ITEM ( )  RATIONAL_B_SPLINE_SURFACE ( (
 ( 1.000000000000000000, 0.6782360351697842571, 1.000000000000000000),
 ( 1.000000000000000000, 0.6719235699165292397, 1.000000000000000000),
 ( 1.000000000000000000, 0.6659318047986623190, 1.000000000000000000),
 ( 1.000000000000000000, 0.6551469892818234664, 1.000000000000000000),
 ( 1.000000000000000000, 0.6503570500607939175, 1.000000000000000000),
 ( 1.000000000000000000, 0.6424656725826799475, 1.000000000000000000),
 ( 1.000000000000000000, 0.6393666447952974785, 1.000000000000000000),
 ( 1.000000000000000000, 0.6351931488889215327, 1.000000000000000000),
 ( 1.000000000000000000, 0.6341165587823225369, 1.000000000000000000),
 ( 1.000000000000000000, 0.6341202054152061951, 1.000000000000000000) ) ) 
 REPRESENTATION_ITEM ( '' )  SURFACE ( )  );
#2115 = CIRCLE ( 'NONE', #1319, 5.000000000000004441 ) ;
#2116 = CC_DESIGN_PERSON_AND_ORGANIZATION_ASSIGNMENT ( #910, #68, ( #1766 ) ) ;
#2117 = CARTESIAN_POINT ( 'NONE',  ( 39.64260189851473370, 222.2513897740199980, 67.54972204519600609 ) ) ;
#2118 = ORIENTED_EDGE ( 'NONE', *, *, #1120, .F. ) ;
#2119 = CARTESIAN_POINT ( 'NONE',  ( 39.15303926113263344, 225.6015894025107400, -49.00166578876676482 ) ) ;
#2120 = AXIS2_PLACEMENT_3D ( 'NONE', #1285, #2087, #1936 ) ;
#2121 = ORIENTED_EDGE ( 'NONE', *, *, #657, .T. ) ;
#2122 = PERSON_AND_ORGANIZATION ( #2295, #227 ) ;
#2123 = EDGE_LOOP ( 'NONE', ( #1082, #293, #2520, #894 ) ) ;
#2124 = DIRECTION ( 'NONE',  ( 0.000000000000000000, 0.000000000000000000, 1.000000000000000000 ) ) ;
#2125 =( BOUNDED_SURFACE ( )  B_SPLINE_SURFACE ( 3, 2, ( 
 ( #3, #2243, #2225 ),
 ( #1037, #1225, #1841 ),
 ( #1642, #1608, #2408 ),
 ( #606, #2447, #2212 ),
 ( #407, #2016, #212 ),
 ( #1457, #420, #2031 ),
 ( #448, #1028, #2198 ),
 ( #394, #2059, #31 ),
 ( #1198, #249, #1050 ),
 ( #2391, #2581, #1593 ) ),
 .UNSPECIFIED., .F., .F., .F. ) 
 B_SPLINE_SURFACE_WITH_KNOTS ( ( 4, 2, 2, 2, 4 ),
 ( 3, 3 ),
 ( 3.141592653589793116, 3.429069134588988099, 3.716545615588182638, 4.004022096587377177, 4.291498577586572161 ),
 ( 0.000000000000000000, 1.000000000000000000 ),
 .UNSPECIFIED. ) 
 GEOMETRIC_REPRESENTATION_ITEM ( )  RATIONAL_B_SPLINE_SURFACE ( (
 ( 1.000000000000000000, 0.6341202054152056400, 1.000000000000000000),
 ( 1.000000000000000000, 0.6341165587823233141, 1.000000000000000000),
 ( 1.000000000000000000, 0.6351931488889221988, 1.000000000000000000),
 ( 1.000000000000000000, 0.6393666447952981446, 1.000000000000000000),
 ( 1.000000000000000000, 0.6424656725829653858, 1.000000000000000000),
 ( 1.000000000000000000, 0.6503570500605091453, 1.000000000000000000),
 ( 1.000000000000000000, 0.6551469892819307139, 1.000000000000000000),
 ( 1.000000000000000000, 0.6659318047985544053, 1.000000000000000000),
 ( 1.000000000000000000, 0.6719235699166100639, 1.000000000000000000),
 ( 1.000000000000000000, 0.6782360351697842571, 1.000000000000000000) ) ) 
 REPRESENTATION_ITEM ( '' )  SURFACE ( )  );
#2126 = DIRECTION ( 'NONE',  ( -0.000000000000000000, -0.000000000000000000, 1.000000000000000000 ) ) ;
#2127 = CARTESIAN_POINT ( 'NONE',  ( -36.00780942298347753, 225.0000000000000000, -48.00000000000000000 ) ) ;
#2128 =( BOUNDED_SURFACE ( )  B_SPLINE_SURFACE ( 3, 2, ( 
 ( #2002, #1974, #1171 ),
 ( #782, #188, #200 ),
 ( #767, #1611, #2409 ),
 ( #1777, #161, #173 ),
 ( #1789, #607, #149 ),
 ( #1160, #1758, #1952 ),
 ( #1418, #948, #1749 ),
 ( #2546, #1582, #750 ),
 ( #2351, #1964, #960 ),
 ( #2559, #1569, #2366 ) ),
 .UNSPECIFIED., .F., .F., .T. ) 
 B_SPLINE_SURFACE_WITH_KNOTS ( ( 4, 2, 2, 2, 4 ),
 ( 3, 3 ),
 ( 3.141592653589793116, 3.534291735288517255, 3.926990816987241395, 4.319689898685965090, 4.712388980384689674 ),
 ( 0.000000000000000000, 1.000000000000000000 ),
 .UNSPECIFIED. ) 
 GEOMETRIC_REPRESENTATION_ITEM ( )  RATIONAL_B_SPLINE_SURFACE ( (
 ( 1.000000000000000000, 0.6239505221461861817, 1.000000000000000000),
 ( 1.000000000000000000, 0.6239357363692906722, 1.000000000000000000),
 ( 1.000000000000000000, 0.6262702540306459564, 1.000000000000000000),
 ( 1.000000000000000000, 0.6350619065198901403, 1.000000000000000000),
 ( 1.000000000000000000, 0.6415220179203160455, 1.000000000000000000),
 ( 1.000000000000000000, 0.6572979980693851587, 1.000000000000000000),
 ( 1.000000000000000000, 0.6665991599413633173, 1.000000000000000000),
 ( 1.000000000000000000, 0.6863862780289494703, 1.000000000000000000),
 ( 1.000000000000000000, 0.6968642836108641658, 1.000000000000000000),
 ( 1.000000000000000000, 0.7071067811865470176, 1.000000000000000000) ) ) 
 REPRESENTATION_ITEM ( '' )  SURFACE ( )  );
#2129 = ORIENTED_EDGE ( 'NONE', *, *, #1973, .T. ) ;
#2130 = CARTESIAN_POINT ( 'NONE',  ( 39.99999999992289190, 219.9999999999999716, -52.50547952754353531 ) ) ;
#2131 = ORIENTED_EDGE ( 'NONE', *, *, #2454, .F. ) ;
#2132 = CALENDAR_DATE ( 2026, 8, 5 ) ;
#2133 = DIRECTION ( 'NONE',  ( 0.000000000000000000, 0.000000000000000000, -1.000000000000000000 ) ) ;
#2134 = ORIENTED_EDGE ( 'NONE', *, *, #1881, .F. ) ;
#2135 = CARTESIAN_POINT ( 'NONE',  ( 36.15919451985612199, 220.4341899929670490, 67.91316200141140769 ) ) ;
#2136 = CARTESIAN_POINT ( 'NONE',  ( 46.09690777867040623, 225.0000000000000000, 68.00000000000000000 ) ) ;
#2137 = CARTESIAN_POINT ( 'NONE',  ( 51.60784846228704481, 303.6803675886687870, -68.00000000000000000 ) ) ;
#2138 = EDGE_CURVE ( 'NONE', #1535, #1304, #1445, .T. ) ;
#2139 = DIRECTION ( 'NONE',  ( -0.000000000000000000, -0.000000000000000000, -1.000000000000000000 ) ) ;
#2140 = ORIENTED_EDGE ( 'NONE', *, *, #1303, .T. ) ;
#2141 = CARTESIAN_POINT ( 'NONE',  ( -65.77206906225285366, 225.0000000000000000, -43.00000000000000000 ) ) ;
#2142 = DIRECTION ( 'NONE',  ( 0.000000000000000000, 0.000000000000000000, 1.000000000000000000 ) ) ;
#2143 = VERTEX_POINT ( 'NONE', #620 ) ;
#2144 = DIRECTION ( 'NONE',  ( -0.2213714918270048293, 0.9751895521416780177, 0.000000000000000000 ) ) ;
#2145 = VERTEX_POINT ( 'NONE', #1430 ) ;
#2146 = CARTESIAN_POINT ( 'NONE',  ( 9.184850993605147944E-16, 144.9999999999999716, -7.500000000000000000 ) ) ;
#2147 = CARTESIAN_POINT ( 'NONE',  ( -36.00780942298347753, 220.0000000000000000, 47.99999999999999289 ) ) ;
#2148 = CIRCLE ( 'NONE', #48, 4.999999999999997335 ) ;
#2149 = DIRECTION ( 'NONE',  ( 0.000000000000000000, 0.000000000000000000, 1.000000000000000000 ) ) ;
#2150 = EDGE_CURVE ( 'NONE', #1462, #1825, #678, .T. ) ;
#2151 = ORIENTED_EDGE ( 'NONE', *, *, #283, .T. ) ;
#2152 = AXIS2_PLACEMENT_3D ( 'NONE', #1916, #1524, #280 ) ;
#2153 = DIRECTION ( 'NONE',  ( 0.000000000000000000, 0.9805806756909202226, -0.1961161351381842666 ) ) ;
#2154 = TOROIDAL_SURFACE ( 'NONE', #1017, 65.53900802632477962, 5.000000000000000000 ) ;
#2155 = ORIENTED_EDGE ( 'NONE', *, *, #958, .F. ) ;
#2156 = AXIS2_PLACEMENT_3D ( 'NONE', #939, #1121, #1497 ) ;
#2157 = AXIS2_PLACEMENT_3D ( 'NONE', #1552, #2347, #1747 ) ;
#2158 = ORIENTED_EDGE ( 'NONE', *, *, #2110, .F. ) ;
#2159 = CC_DESIGN_APPROVAL ( #1260, ( #1907 ) ) ;
#2160 = CARTESIAN_POINT ( 'NONE',  ( -46.26222609309478884, 220.0000000000000000, 63.00000000000000000 ) ) ;
#2161 = CARTESIAN_POINT ( 'NONE',  ( -40.00000000000000000, 220.0000000000000000, 68.00000000000000000 ) ) ;
#2162 = FACE_OUTER_BOUND ( 'NONE', #1283, .T. ) ;
#2163 = CARTESIAN_POINT ( 'NONE',  ( -34.98518057126455716, 220.4950975679639384, -68.00000000000000000 ) ) ;
#2164 = VERTEX_POINT ( 'NONE', #842 ) ;
#2165 = CARTESIAN_POINT ( 'NONE',  ( -46.26222609309478884, 220.0000000000000000, -63.00000000000001421 ) ) ;
#2166 = CARTESIAN_POINT ( 'NONE',  ( -40.19749036616529736, 220.0000000000000000, 72.12725507355658294 ) ) ;
#2167 = VERTEX_POINT ( 'NONE', #1644 ) ;
#2168 = ORIENTED_EDGE ( 'NONE', *, *, #64, .T. ) ;
#2169 = CYLINDRICAL_SURFACE ( 'NONE', #2196, 5.000000000000000888 ) ;
#2170 = CARTESIAN_POINT ( 'NONE',  ( -12.66279742153371402, 316.5117997281915905, 53.00000000000000000 ) ) ;
#2171 = DIRECTION ( 'NONE',  ( -1.000000000000000000, 0.000000000000000000, 0.000000000000000000 ) ) ;
#2172 = DIRECTION ( 'NONE',  ( 0.000000000000000000, -1.000000000000000000, 0.000000000000000000 ) ) ;
#2173 = CARTESIAN_POINT ( 'NONE',  ( -42.30325649339646077, 220.4990983055452602, 67.90018033889094795 ) ) ;
#2174 = CARTESIAN_POINT ( 'NONE',  ( -41.38627833239517173, 226.1068574591736819, -63.47915237917120379 ) ) ;
#2175 = DIRECTION ( 'NONE',  ( -1.000000000000000000, -0.000000000000000000, -0.000000000000000000 ) ) ;
#2176 = VERTEX_POINT ( 'NONE', #649 ) ;
#2177 = ADVANCED_FACE ( 'NONE', ( #1458 ), #1449, .T. ) ;
#2178 = ORIENTED_EDGE ( 'NONE', *, *, #174, .F. ) ;
#2179 = CARTESIAN_POINT ( 'NONE',  ( -37.61155546848397790, 222.0628491278446859, 67.58743017443437395 ) ) ;
#2180 = DIRECTION ( 'NONE',  ( -0.2213714918270059950, 0.9751895521416775736, 0.000000000000000000 ) ) ;
#2181 = DIRECTION ( 'NONE',  ( 1.000000000000000000, 0.000000000000000000, 0.000000000000000000 ) ) ;
#2182 = ADVANCED_FACE ( 'NONE', ( #250 ), #701, .T. ) ;
#2183 = CARTESIAN_POINT ( 'NONE',  ( -78.20180544785850429, 316.5117997281915905, 53.00000000000000000 ) ) ;
#2184 = CARTESIAN_POINT ( 'NONE',  ( -45.93765139068026571, 220.0000000000000000, 65.49604709223552845 ) ) ;
#2185 = CARTESIAN_POINT ( 'NONE',  ( -39.89841484476384892, 225.8006638513946314, -66.48540927082744645 ) ) ;
#2186 = AXIS2_PLACEMENT_3D ( 'NONE', #1581, #739, #2171 ) ;
#2187 = CC_DESIGN_DATE_AND_TIME_ASSIGNMENT ( #1294, #722, ( #2494 ) ) ;
#2188 = DIRECTION ( 'NONE',  ( -1.000000000000000000, 0.000000000000000000, 0.000000000000000000 ) ) ;
#2189 = CIRCLE ( 'NONE', #135, 65.53900802632477962 ) ;
#2190 = VERTEX_POINT ( 'NONE', #477 ) ;
#2191 = CARTESIAN_POINT ( 'NONE',  ( 52.87621060479106916, 316.5117997281915905, 63.00000000000000000 ) ) ;
#2192 = AXIS2_PLACEMENT_3D ( 'NONE', #1629, #829, #1035 ) ;
#2193 = ORIENTED_EDGE ( 'NONE', *, *, #1024, .T. ) ;
#2194 = TOROIDAL_SURFACE ( 'NONE', #260, 65.53900802632477962, 5.000000000000000000 ) ;
#2195 = CARTESIAN_POINT ( 'NONE',  ( -65.77206906225285366, 243.1856976895368518, 53.00000000000000000 ) ) ;
#2196 = AXIS2_PLACEMENT_3D ( 'NONE', #365, #2569, #2264 ) ;
#2197 = DIRECTION ( 'NONE',  ( -0.1957831301683551073, -0.9806472178829046538, -0.000000000000000000 ) ) ;
#2198 = CARTESIAN_POINT ( 'NONE',  ( 43.27598223645301090, 220.0000000000000000, -69.97081854165779191 ) ) ;
#2199 = ADVANCED_FACE ( 'NONE', ( #714 ), #2279, .T. ) ;
#2200 = FACE_OUTER_BOUND ( 'NONE', #1343, .T. ) ;
#2201 = EDGE_CURVE ( 'NONE', #468, #2011, #2208, .T. ) ;
#2202 = CARTESIAN_POINT ( 'NONE',  ( -15.05348396985809423, 160.0000000000000000, 80.00000000000001421 ) ) ;
#2203 = CYLINDRICAL_SURFACE ( 'NONE', #467, 20.00000000000000355 ) ;
#2204 = CARTESIAN_POINT ( 'NONE',  ( -40.00000000000665779, 220.0000000000000000, 63.34272199422742489 ) ) ;
#2205 = VERTEX_POINT ( 'NONE', #276 ) ;
#2206 = DIRECTION ( 'NONE',  ( -1.000000000000000000, -0.000000000000000000, -0.000000000000000000 ) ) ;
#2207 = ORIENTED_EDGE ( 'NONE', *, *, #13, .T. ) ;
#2208 =( BOUNDED_CURVE ( )  B_SPLINE_CURVE ( 3, ( #2098, #82, #290, #1298 ),
 .UNSPECIFIED., .F., .T. ) 
 B_SPLINE_CURVE_WITH_KNOTS ( ( 4, 4 ),
 ( 0.000000000000000000, 1.570796326794900111 ),
 .UNSPECIFIED. ) 
 CURVE ( )  GEOMETRIC_REPRESENTATION_ITEM ( )  RATIONAL_B_SPLINE_CURVE ( ( 1.000000000000000000, 0.8047378541243641603, 0.8047378541243641603, 1.000000000000000000 ) ) 
 REPRESENTATION_ITEM ( '' )  );
#2209 = PLANE ( 'NONE',  #1484 ) ;
#2210 = CARTESIAN_POINT ( 'NONE',  ( -51.10732046425698627, 263.4327999157217164, -53.00000000000000000 ) ) ;
#2211 = FACE_OUTER_BOUND ( 'NONE', #184, .T. ) ;
#2212 = CARTESIAN_POINT ( 'NONE',  ( 45.40137450995184309, 220.0000000000000000, -66.75426218613436902 ) ) ;
#2213 = DIRECTION ( 'NONE',  ( -1.000000000000000000, 0.000000000000000000, 0.000000000000000000 ) ) ;
#2214 = ORIENTED_EDGE ( 'NONE', *, *, #1303, .F. ) ;
#2215 = ADVANCED_FACE ( 'NONE', ( #2523 ), #2328, .F. ) ;
#2216 = CARTESIAN_POINT ( 'NONE',  ( -42.30325649339646077, 220.4990983055452602, 67.90018033889094795 ) ) ;
#2217 = DIRECTION ( 'NONE',  ( 0.000000000000000000, 0.000000000000000000, 1.000000000000000000 ) ) ;
#2218 = DIRECTION ( 'NONE',  ( 0.000000000000000000, 0.000000000000000000, 1.000000000000000000 ) ) ;
#2219 = ORIENTED_EDGE ( 'NONE', *, *, #974, .T. ) ;
#2220 = LINE ( 'NONE', #1424, #133 ) ;
#2221 = VERTEX_POINT ( 'NONE', #727 ) ;
#2222 = CARTESIAN_POINT ( 'NONE',  ( -65.77206906225285366, 243.1856976895368518, 68.00000000000000000 ) ) ;
#2223 = CARTESIAN_POINT ( 'NONE',  ( 35.89956074332287983, 225.0000000000000000, -48.00000000000000000 ) ) ;
#2224 = DIRECTION ( 'NONE',  ( -0.9751895521416779067, -0.2213714918270048571, 0.000000000000000000 ) ) ;
#2225 = CARTESIAN_POINT ( 'NONE',  ( 46.09690777867041334, 220.0000000000000000, -63.00000000000000000 ) ) ;
#2226 = CARTESIAN_POINT ( 'NONE',  ( -41.39233025871091343, 248.7199849852119939, 68.00000000000000000 ) ) ;
#2227 = CARTESIAN_POINT ( 'NONE',  ( -35.53548541561904273, 220.0386996285197085, -67.99226007426290153 ) ) ;
#2228 = EDGE_CURVE ( 'NONE', #2322, #145, #2491, .T. ) ;
#2229 = AXIS2_PLACEMENT_3D ( 'NONE', #2035, #238, #1041 ) ;
#2230 = DIRECTION ( 'NONE',  ( -0.000000000000000000, -0.000000000000000000, -1.000000000000000000 ) ) ;
#2231 = ORIENTED_EDGE ( 'NONE', *, *, #2138, .F. ) ;
#2232 = CIRCLE ( 'NONE', #7, 70.53900802632479383 ) ;
#2233 = CARTESIAN_POINT ( 'NONE',  ( -46.26222609309478884, 220.0000000000000000, 53.00000000000000000 ) ) ;
#2234 = EDGE_CURVE ( 'NONE', #1192, #1744, #1772, .T. ) ;
#2235 = CIRCLE ( 'NONE', #893, 5.000000000000004441 ) ;
#2236 = ORIENTED_EDGE ( 'NONE', *, *, #50, .F. ) ;
#2237 = EDGE_CURVE ( 'NONE', #108, #1848, #1077, .T. ) ;
#2238 = CIRCLE ( 'NONE', #1643, 5.000000000000003553 ) ;
#2239 = CARTESIAN_POINT ( 'NONE',  ( -39.17090761403814270, 223.2480686955597378, -67.35038626088804392 ) ) ;
#2240 = DIRECTION ( 'NONE',  ( -0.000000000000000000, 0.000000000000000000, 1.000000000000000000 ) ) ;
#2241 = AXIS2_PLACEMENT_3D ( 'NONE', #1700, #1079, #519 ) ;
#2242 = ADVANCED_FACE ( 'NONE', ( #304, #1883 ), #1682, .F. ) ;
#2243 = CARTESIAN_POINT ( 'NONE',  ( 40.00000000000000711, 219.9999999999999716, -62.99999999999998579 ) ) ;
#2244 = AXIS2_PLACEMENT_3D ( 'NONE', #2302, #1533, #1721 ) ;
#2245 = CARTESIAN_POINT ( 'NONE',  ( 38.09568175480105623, 225.4060771017520892, 67.54950975679639669 ) ) ;
#2246 = DIRECTION ( 'NONE',  ( 0.000000000000000000, 0.000000000000000000, 1.000000000000000000 ) ) ;
#2247 = APPROVAL_PERSON_ORGANIZATION ( #1490, #1885, #510 ) ;
#2248 = LINE ( 'NONE', #1069, #1901 ) ;
#2249 = ORIENTED_EDGE ( 'NONE', *, *, #1994, .T. ) ;
#2250 = DIRECTION ( 'NONE',  ( -0.1957831301683589653, -0.9806472178829038766, -0.000000000000000000 ) ) ;
#2251 = ORIENTED_EDGE ( 'NONE', *, *, #2201, .T. ) ;
#2252 = ADVANCED_FACE ( 'NONE', ( #687 ), #1494, .T. ) ;
#2253 = DIRECTION ( 'NONE',  ( -1.000000000000000000, 0.000000000000000000, 0.000000000000000000 ) ) ;
#2254 = ADVANCED_FACE ( 'NONE', ( #2291 ), #937, .T. ) ;
#2255 = CARTESIAN_POINT ( 'NONE',  ( 51.96152422706632734, 220.0000000000000000, 30.00000000000000000 ) ) ;
#2256 = CARTESIAN_POINT ( 'NONE',  ( 38.44371508680981719, 224.5164452033120028, -67.38153283877811361 ) ) ;
#2257 = CARTESIAN_POINT ( 'NONE',  ( -34.98518057126455716, 220.4950975679639384, 68.00000000000000000 ) ) ;
#2258 = CARTESIAN_POINT ( 'NONE',  ( -40.00000000000000000, 220.0000000000000000, -63.00000000000000000 ) ) ;
#2259 = VERTEX_POINT ( 'NONE', #501 ) ;
#2260 = LINE ( 'NONE', #443, #1482 ) ;
#2261 = EDGE_LOOP ( 'NONE', ( #2284, #2140, #680, #1754, #1368, #1968, #1741 ) ) ;
#2262 = ADVANCED_FACE ( 'NONE', ( #2536 ), #1737, .F. ) ;
#2263 = CARTESIAN_POINT ( 'NONE',  ( -83.20180544785850429, 316.5117997281915905, 68.00000000000000000 ) ) ;
#2264 = DIRECTION ( 'NONE',  ( -0.9751895521416779067, -0.2213714918270048571, 0.000000000000000000 ) ) ;
#2265 = ORIENTED_EDGE ( 'NONE', *, *, #1970, .F. ) ;
#2266 = DIRECTION ( 'NONE',  ( -0.8098840890473928411, 0.5865899439198347665, 0.000000000000000000 ) ) ;
#2267 = DIRECTION ( 'NONE',  ( 1.000000000000000000, 1.573913577308639026E-15, 0.000000000000000000 ) ) ;
#2268 = DIRECTION ( 'NONE',  ( 0.000000000000000000, 0.000000000000000000, 1.000000000000000000 ) ) ;
#2269 = CARTESIAN_POINT ( 'NONE',  ( -12.66279742153371402, 316.5117997281915905, -53.00000000000000000 ) ) ;
#2270 = ORIENTED_EDGE ( 'NONE', *, *, #1277, .T. ) ;
#2271 = DIRECTION ( 'NONE',  ( 0.000000000000000000, 1.000000000000000000, 0.000000000000000000 ) ) ;
#2272 = EDGE_LOOP ( 'NONE', ( #1637, #2385 ) ) ;
#2273 = VECTOR ( 'NONE', #1988, 999.9999999999998863 ) ;
#2274 = DIRECTION ( 'NONE',  ( -0.000000000000000000, -0.000000000000000000, 1.000000000000000000 ) ) ;
#2275 = CALENDAR_DATE ( 2026, 8, 5 ) ;
#2276 = ORIENTED_EDGE ( 'NONE', *, *, #1122, .F. ) ;
#2277 = AXIS2_PLACEMENT_3D ( 'NONE', #2505, #707, #505 ) ;
#2278 = CARTESIAN_POINT ( 'NONE',  ( -43.52426260934023361, 220.2617348445141658, -67.12796527027795435 ) ) ;
#2279 = CYLINDRICAL_SURFACE ( 'NONE', #2120, 70.53900802632479383 ) ;
#2280 = FACE_OUTER_BOUND ( 'NONE', #1905, .T. ) ;
#2281 = AXIS2_PLACEMENT_3D ( 'NONE', #2269, #1042, #624 ) ;
#2282 = CARTESIAN_POINT ( 'NONE',  ( 46.09690777867040623, 220.0000000000000000, -63.00000000000000000 ) ) ;
#2283 = CIRCLE ( 'NONE', #1571, 60.00000000000001421 ) ;
#2284 = ORIENTED_EDGE ( 'NONE', *, *, #2228, .T. ) ;
#2285 = CARTESIAN_POINT ( 'NONE',  ( 45.73595615903205669, 220.0000000000000000, -65.63704985919994783 ) ) ;
#2286 = ORIENTED_EDGE ( 'NONE', *, *, #2104, .T. ) ;
#2287 = DIRECTION ( 'NONE',  ( 0.000000000000000000, 0.000000000000000000, -1.000000000000000000 ) ) ;
#2288 = DIRECTION ( 'NONE',  ( -0.9751895521416779067, -0.2213714918270048571, 0.000000000000000000 ) ) ;
#2289 = EDGE_LOOP ( 'NONE', ( #1061, #652, #2158, #481 ) ) ;
#2290 = CARTESIAN_POINT ( 'NONE',  ( -41.39233025871090632, 248.7199849852119939, 63.00000000000000000 ) ) ;
#2291 = FACE_OUTER_BOUND ( 'NONE', #2008, .T. ) ;
#2292 = CARTESIAN_POINT ( 'NONE',  ( 29.51360815911329283, 180.6799698571732620, -75.86400602856534192 ) ) ;
#2293 = LINE ( 'NONE', #1300, #55 ) ;
#2294 = EDGE_CURVE ( 'NONE', #69, #2205, #1574, .T. ) ;
#2295 = PERSON ( 'UNSPECIFIED', 'UNSPECIFIED', 'UNSPECIFIED', ('UNSPECIFIED'), ('UNSPECIFIED'), ('UNSPECIFIED') ) ;
#2296 = ORIENTED_EDGE ( 'NONE', *, *, #1469, .F. ) ;
#2297 = CYLINDRICAL_SURFACE ( 'NONE', #1979, 4.999999999999997335 ) ;
#2298 = EDGE_LOOP ( 'NONE', ( #1869, #118 ) ) ;
#2299 = CARTESIAN_POINT ( 'NONE',  ( 35.89956074332292246, 225.0000000000000000, 48.00000000000000000 ) ) ;
#2300 = VERTEX_POINT ( 'NONE', #1708 ) ;
#2301 = CARTESIAN_POINT ( 'NONE',  ( -41.16112905221582707, 221.0410739846618071, -67.79178520306766131 ) ) ;
#2302 = CARTESIAN_POINT ( 'NONE',  ( 0.000000000000000000, 220.0000000000000000, 0.000000000000000000 ) ) ;
#2303 = CARTESIAN_POINT ( 'NONE',  ( 0.000000000000000000, 144.9999999999999716, 7.500000000000000000 ) ) ;
#2304 = CARTESIAN_POINT ( 'NONE',  ( 39.28434172929515000, 222.7901257955055030, 67.44197484089890793 ) ) ;
#2305 = ORIENTED_EDGE ( 'NONE', *, *, #1220, .F. ) ;
#2306 = CARTESIAN_POINT ( 'NONE',  ( 41.03513825776748547, 220.0000000000000000, -44.26213611564656958 ) ) ;
#2307 = VERTEX_POINT ( 'NONE', #2511 ) ;
#2308 = MECHANICAL_CONTEXT ( 'NONE', #289, 'mechanical' ) ;
#2309 = CARTESIAN_POINT ( 'NONE',  ( -40.40710439582628055, 221.6227942925232810, 67.67544114149534096 ) ) ;
#2310 = EDGE_CURVE ( 'NONE', #2164, #1179, #2386, .T. ) ;
#2311 = ORIENTED_EDGE ( 'NONE', *, *, #1973, .F. ) ;
#2312 = DIRECTION ( 'NONE',  ( -1.000000000000000000, 0.000000000000000000, 0.000000000000000000 ) ) ;
#2313 = CIRCLE ( 'NONE', #422, 60.00000000000001421 ) ;
#2314 = CARTESIAN_POINT ( 'NONE',  ( -38.57539238093566780, 224.5614860622378899, 67.36411396848122024 ) ) ;
#2315 = VECTOR ( 'NONE', #1768, 1000.000000000000000 ) ;
#2316 = CARTESIAN_POINT ( 'NONE',  ( 38.09568175480105623, 225.4060771017520892, 67.54950975679639669 ) ) ;
#2317 = CARTESIAN_POINT ( 'NONE',  ( -51.96152422706635576, 220.0000000000000000, 29.99999999999996447 ) ) ;
#2318 = AXIS2_PLACEMENT_3D ( 'NONE', #1293, #1729, #668 ) ;
#2319 = VERTEX_POINT ( 'NONE', #1118 ) ;
#2320 = CARTESIAN_POINT ( 'NONE',  ( -95.00000000000001421, 220.0000000000000000, -68.00000000000000000 ) ) ;
#2321 = AXIS2_PLACEMENT_3D ( 'NONE', #1051, #59, #860 ) ;
#2322 = VERTEX_POINT ( 'NONE', #1971 ) ;
#2323 = APPLICATION_PROTOCOL_DEFINITION ( 'international standard', 'config_control_design', 1994, #1681 ) ;
#2324 = LINE ( 'NONE', #1084, #2524 ) ;
#2325 = ADVANCED_FACE ( 'NONE', ( #998 ), #185, .F. ) ;
#2326 = ORIENTED_EDGE ( 'NONE', *, *, #50, .T. ) ;
#2327 = DIRECTION ( 'NONE',  ( 0.1957831301683551073, 0.9806472178829046538, 0.000000000000000000 ) ) ;
#2328 = CYLINDRICAL_SURFACE ( 'NONE', #2034, 4.999999999999997335 ) ;
#2329 = CARTESIAN_POINT ( 'NONE',  ( -12.66279742153371402, 316.5117997281915905, -63.00000000000000000 ) ) ;
#2330 = CYLINDRICAL_SURFACE ( 'NONE', #1690, 4.999999999999998224 ) ;
#2331 = ORIENTED_EDGE ( 'NONE', *, *, #1884, .T. ) ;
#2332 = CARTESIAN_POINT ( 'NONE',  ( 38.56869475788779766, 220.0000000000000000, -43.26027323412768055 ) ) ;
#2333 = CARTESIAN_POINT ( 'NONE',  ( 41.09690777867040623, 225.0000000000000000, 0.000000000000000000 ) ) ;
#2334 = EDGE_LOOP ( 'NONE', ( #1156, #745, #2065, #88, #326, #1703, #2336 ) ) ;
#2335 = CARTESIAN_POINT ( 'NONE',  ( -41.39233025871090632, 248.7199849852119939, -53.00000000000000000 ) ) ;
#2336 = ORIENTED_EDGE ( 'NONE', *, *, #1577, .F. ) ;
#2337 = EDGE_CURVE ( 'NONE', #1877, #1425, #1405, .T. ) ;
#2338 = DIRECTION ( 'NONE',  ( -0.1957831301683551073, -0.9806472178829046538, -0.000000000000000000 ) ) ;
#2339 = CARTESIAN_POINT ( 'NONE',  ( 38.09568175480105623, 225.4060771017520892, 67.54950975679639669 ) ) ;
#2340 = CARTESIAN_POINT ( 'NONE',  ( 41.10543265250546341, 220.9817500502785776, 67.80364998994427594 ) ) ;
#2341 = EDGE_CURVE ( 'NONE', #363, #297, #1950, .T. ) ;
#2342 = ORIENTED_EDGE ( 'NONE', *, *, #496, .T. ) ;
#2343 = PLANE ( 'NONE',  #1603 ) ;
#2344 = CYLINDRICAL_SURFACE ( 'NONE', #2318, 4.999999999999998224 ) ;
#2345 = ORIENTED_EDGE ( 'NONE', *, *, #831, .T. ) ;
#2346 = ORIENTED_EDGE ( 'NONE', *, *, #1502, .T. ) ;
#2347 = DIRECTION ( 'NONE',  ( -0.1957831301683589931, -0.9806472178829039876, -0.000000000000000000 ) ) ;
#2348 = AXIS2_PLACEMENT_3D ( 'NONE', #689, #1872, #2099 ) ;
#2349 = CARTESIAN_POINT ( 'NONE',  ( -51.96152422706635576, 220.0000000000000000, 29.99999999999996447 ) ) ;
#2350 = VECTOR ( 'NONE', #1209, 1000.000000000000000 ) ;
#2351 = CARTESIAN_POINT ( 'NONE',  ( -36.71197629258404760, 225.1449134251821533, -47.99999999999999289 ) ) ;
#2352 = ORIENTED_EDGE ( 'NONE', *, *, #958, .T. ) ;
#2353 = AXIS2_PLACEMENT_3D ( 'NONE', #605, #393, #1606 ) ;
#2354 = CARTESIAN_POINT ( 'NONE',  ( -39.99999999992691357, 219.9999999999999716, -63.34272199423259764 ) ) ;
#2355 = ADVANCED_FACE ( 'NONE', ( #2579 ), #1181, .F. ) ;
#2356 = CARTESIAN_POINT ( 'NONE',  ( -39.11560760690151994, 225.6395666981184149, 67.10884457425892435 ) ) ;
#2357 = VECTOR ( 'NONE', #2287, 1000.000000000000000 ) ;
#2358 = ORIENTED_EDGE ( 'NONE', *, *, #1206, .T. ) ;
#2359 = AXIS2_PLACEMENT_3D ( 'NONE', #730, #2139, #1939 ) ;
#2360 = CIRCLE ( 'NONE', #102, 70.53900802632479383 ) ;
#2361 = ORIENTED_EDGE ( 'NONE', *, *, #160, .F. ) ;
#2362 = AXIS2_PLACEMENT_3D ( 'NONE', #2084, #1515, #285 ) ;
#2363 = CARTESIAN_POINT ( 'NONE',  ( -39.28908233718691179, 222.5760306822750181, 67.48479386354500775 ) ) ;
#2364 = DIRECTION ( 'NONE',  ( -0.9806472178829048758, 0.1957831301683533309, 0.000000000000000000 ) ) ;
#2365 = LINE ( 'NONE', #1951, #2438 ) ;
#2366 = CARTESIAN_POINT ( 'NONE',  ( -36.00780942298346332, 220.0000000000000000, -43.00000000000000000 ) ) ;
#2367 = DIRECTION ( 'NONE',  ( -0.1957831301683551073, -0.9806472178829046538, -0.000000000000000000 ) ) ;
#2368 = DIRECTION ( 'NONE',  ( -1.000000000000000000, 0.000000000000000000, -0.000000000000000000 ) ) ;
#2369 = EDGE_CURVE ( 'NONE', #659, #62, #476, .T. ) ;
#2370 = CARTESIAN_POINT ( 'NONE',  ( -45.56280026001518024, 220.0000000000000000, 66.75426218613530693 ) ) ;
#2371 = ORIENTED_EDGE ( 'NONE', *, *, #1215, .F. ) ;
#2372 = CARTESIAN_POINT ( 'NONE',  ( 0.000000000000000000, 144.9999999999999716, 0.000000000000000000 ) ) ;
#2373 =( BOUNDED_CURVE ( )  B_SPLINE_CURVE ( 3, ( #377, #551, #211, #1012 ),
 .UNSPECIFIED., .F., .F. ) 
 B_SPLINE_CURVE_WITH_KNOTS ( ( 4, 4 ),
 ( 0.03913663223742444575, 0.4031153443438316719 ),
 .UNSPECIFIED. ) 
 CURVE ( )  GEOMETRIC_REPRESENTATION_ITEM ( )  RATIONAL_B_SPLINE_CURVE ( ( 1.000000000000000000, 0.9889903951059493270, 0.9889903951059493270, 1.000000000000000000 ) ) 
 REPRESENTATION_ITEM ( '' )  );
#2374 = EDGE_LOOP ( 'NONE', ( #2296, #566, #1770, #2560 ) ) ;
#2375 = EDGE_CURVE ( 'NONE', #659, #1194, #790, .T. ) ;
#2376 = DIRECTION ( 'NONE',  ( 0.000000000000000000, 0.000000000000000000, -1.000000000000000000 ) ) ;
#2377 = FACE_OUTER_BOUND ( 'NONE', #1085, .T. ) ;
#2378 = CARTESIAN_POINT ( 'NONE',  ( 56.51108455170156475, 302.7014519378270165, -53.00000000000000000 ) ) ;
#2379 = FACE_OUTER_BOUND ( 'NONE', #2374, .T. ) ;
#2380 = ORIENTED_EDGE ( 'NONE', *, *, #2588, .T. ) ;
#2381 = LINE ( 'NONE', #559, #217 ) ;
#2382 = CARTESIAN_POINT ( 'NONE',  ( -41.38627833238639653, 226.1068574591350284, -63.00000000000000000 ) ) ;
#2383 = ORIENTED_EDGE ( 'NONE', *, *, #364, .T. ) ;
#2384 = CARTESIAN_POINT ( 'NONE',  ( 35.00017115330175699, 220.0000000000000284, 67.99999999999998579 ) ) ;
#2385 = ORIENTED_EDGE ( 'NONE', *, *, #635, .F. ) ;
#2386 =( BOUNDED_CURVE ( )  B_SPLINE_CURVE ( 3, ( #924, #946, #376, #2160 ),
 .UNSPECIFIED., .F., .T. ) 
 B_SPLINE_CURVE_WITH_KNOTS ( ( 4, 4 ),
 ( 2.889320631502509507, 3.141592653589793116 ),
 .UNSPECIFIED. ) 
 CURVE ( )  GEOMETRIC_REPRESENTATION_ITEM ( )  RATIONAL_B_SPLINE_CURVE ( ( 1.000000000000000000, 0.9947035967732427153, 0.9947035967732427153, 1.000000000000000000 ) ) 
 REPRESENTATION_ITEM ( '' )  );
#2387 = EDGE_CURVE ( 'NONE', #1595, #468, #1365, .T. ) ;
#2388 = ADVANCED_FACE ( 'NONE', ( #1397 ), #1579, .T. ) ;
#2389 = FACE_OUTER_BOUND ( 'NONE', #1551, .T. ) ;
#2390 = CARTESIAN_POINT ( 'NONE',  ( 46.09690777867041334, 220.0000000000000000, 51.69076705392757987 ) ) ;
#2391 = CARTESIAN_POINT ( 'NONE',  ( 38.06259316679716420, 225.3999588059717212, -67.56362753677829858 ) ) ;
#2392 = DIRECTION ( 'NONE',  ( 0.000000000000000000, -0.000000000000000000, 1.000000000000000000 ) ) ;
#2393 = ORIENTED_EDGE ( 'NONE', *, *, #2375, .T. ) ;
#2394 = FACE_OUTER_BOUND ( 'NONE', #123, .T. ) ;
#2395 = CIRCLE ( 'NONE', #967, 60.00000000000001421 ) ;
#2396 = DIRECTION ( 'NONE',  ( 0.000000000000000000, 0.000000000000000000, -1.000000000000000000 ) ) ;
#2397 = AXIS2_PLACEMENT_3D ( 'NONE', #186, #1168, #1756 ) ;
#2398 = ORIENTED_EDGE ( 'NONE', *, *, #1621, .T. ) ;
#2399 = LINE ( 'NONE', #570, #1268 ) ;
#2400 = CIRCLE ( 'NONE', #1273, 20.00000000000000355 ) ;
#2401 = EDGE_LOOP ( 'NONE', ( #409, #10, #1661, #1355 ) ) ;
#2402 = AXIS2_PLACEMENT_3D ( 'NONE', #905, #1725, #2149 ) ;
#2403 = EDGE_CURVE ( 'NONE', #1550, #428, #1325, .T. ) ;
#2404 = DIRECTION ( 'NONE',  ( -0.000000000000000000, -0.000000000000000000, 1.000000000000000000 ) ) ;
#2405 = CIRCLE ( 'NONE', #1148, 7.500000000000000000 ) ;
#2406 = CARTESIAN_POINT ( 'NONE',  ( -46.26222609309478884, 225.0000000000000000, -53.00000000000000000 ) ) ;
#2407 = CARTESIAN_POINT ( 'NONE',  ( 40.13308572595948931, 225.7828063873281508, 49.92726639936796573 ) ) ;
#2408 = CARTESIAN_POINT ( 'NONE',  ( 45.95549235168438429, 220.0000000000000000, -64.91640122489583575 ) ) ;
#2409 = CARTESIAN_POINT ( 'NONE',  ( -45.99533107399489040, 220.0000000000000000, -50.38252115441017054 ) ) ;
#2410 = VERTEX_POINT ( 'NONE', #1591 ) ;
#2411 = DIRECTION ( 'NONE',  ( -1.000000000000000000, 0.000000000000000000, 0.000000000000000000 ) ) ;
#2412 = CARTESIAN_POINT ( 'NONE',  ( -36.53093948674479918, 219.8930337633220233, -68.02139324733560954 ) ) ;
#2413 = CARTESIAN_POINT ( 'NONE',  ( -51.96152422706632734, 180.0000000000000000, 30.00000000000000000 ) ) ;
#2414 = ORIENTED_EDGE ( 'NONE', *, *, #802, .T. ) ;
#2415 = CARTESIAN_POINT ( 'NONE',  ( 35.53523795064637625, 220.0335839314994928, 67.99328321375698181 ) ) ;
#2416 = VERTEX_POINT ( 'NONE', #2553 ) ;
#2417 = DIRECTION ( 'NONE',  ( -1.000000000000000000, 0.000000000000000000, 0.000000000000000000 ) ) ;
#2418 = CARTESIAN_POINT ( 'NONE',  ( 41.19367168925588629, 225.9789156508417989, -50.07106781186546129 ) ) ;
#2419 = DIRECTION ( 'NONE',  ( -0.2213714918270060228, 0.9751895521416776846, 0.000000000000000000 ) ) ;
#2420 = CARTESIAN_POINT ( 'NONE',  ( -39.99999999990028954, 220.0000000000000000, 52.53242372858953502 ) ) ;
#2421 = ADVANCED_FACE ( 'NONE', ( #2389 ), #1506, .F. ) ;
#2422 = CARTESIAN_POINT ( 'NONE',  ( 29.51360815911334612, 180.6799698571733188, 75.86400602856534192 ) ) ;
#2423 = CARTESIAN_POINT ( 'NONE',  ( -39.28908233725044852, 222.5760306822710106, -67.48479386354580356 ) ) ;
#2424 = FACE_OUTER_BOUND ( 'NONE', #945, .T. ) ;
#2425 = ORIENTED_EDGE ( 'NONE', *, *, #2012, .F. ) ;
#2426 = CARTESIAN_POINT ( 'NONE',  ( 39.15398310470125409, 220.0000000000000284, 65.90282818663222031 ) ) ;
#2427 = B_SPLINE_CURVE_WITH_KNOTS ( 'NONE', 3,
 ( #143, #92, #1516, #1295, #2309, #511, #1323, #723 ),
 .UNSPECIFIED., .F., .F.,
 ( 4, 2, 2, 4 ),
 ( 0.000000000000000000, 0.0009482440479091459396, 0.001896488095818291879, 0.003792976191636545161 ),
 .UNSPECIFIED. ) ;
#2428 = VERTEX_POINT ( 'NONE', #2146 ) ;
#2429 = CARTESIAN_POINT ( 'NONE',  ( 35.89956074332292246, 220.0000000000000000, 43.00000000000000000 ) ) ;
#2430 = FACE_OUTER_BOUND ( 'NONE', #815, .T. ) ;
#2431 = CARTESIAN_POINT ( 'NONE',  ( 36.60256013499046190, 220.0000000000751754, 48.12998917475947280 ) ) ;
#2432 = CARTESIAN_POINT ( 'NONE',  ( -41.24629118260850191, 226.0780489220829566, 51.69126057720288969 ) ) ;
#2433 = DIRECTION ( 'NONE',  ( 0.000000000000000000, 0.000000000000000000, 1.000000000000000000 ) ) ;
#2434 = CARTESIAN_POINT ( 'NONE',  ( 35.00017115330179962, 219.5145168922730363, -68.09709662154538989 ) ) ;
#2435 = CARTESIAN_POINT ( 'NONE',  ( -51.96152422706632734, 220.0000000000000000, -30.00000000000000000 ) ) ;
#2436 = ADVANCED_FACE ( 'NONE', ( #340 ), #2169, .T. ) ;
#2437 = VERTEX_POINT ( 'NONE', #604 ) ;
#2438 = VECTOR ( 'NONE', #1739, 1000.000000000000000 ) ;
#2439 = CARTESIAN_POINT ( 'NONE',  ( -12.66279742153371402, 316.5117997281915905, 48.00000000000000000 ) ) ;
#2440 = AXIS2_PLACEMENT_3D ( 'NONE', #472, #2240, #2085 ) ;
#2441 = EDGE_LOOP ( 'NONE', ( #2131, #268, #361, #2516 ) ) ;
#2442 = AXIS2_PLACEMENT_3D ( 'NONE', #79, #2419, #2224 ) ;
#2443 = DIRECTION ( 'NONE',  ( -1.000000000000000000, 0.000000000000000000, 0.000000000000000000 ) ) ;
#2444 = DIRECTION ( 'NONE',  ( 0.000000000000000000, 0.000000000000000000, -1.000000000000000000 ) ) ;
#2445 = DIRECTION ( 'NONE',  ( -0.9751895521416776846, -0.2213714918270060228, 0.000000000000000000 ) ) ;
#2446 = AXIS2_PLACEMENT_3D ( 'NONE', #2435, #636, #266 ) ;
#2447 = CARTESIAN_POINT ( 'NONE',  ( 39.81467100699662609, 219.9999999999999432, -64.45347961752112553 ) ) ;
#2448 = AXIS2_PLACEMENT_3D ( 'NONE', #985, #748, #354 ) ;
#2449 = CARTESIAN_POINT ( 'NONE',  ( 39.28434172929515000, 222.7901257955055030, -67.44197484089890793 ) ) ;
#2450 = CARTESIAN_POINT ( 'NONE',  ( -12.66279742153371402, 316.5117997281915905, 63.00000000000000000 ) ) ;
#2451 = DIRECTION ( 'NONE',  ( -0.2213714918270059950, 0.9751895521416775736, -0.000000000000000000 ) ) ;
#2452 = ORIENTED_EDGE ( 'NONE', *, *, #2454, .T. ) ;
#2453 = CARTESIAN_POINT ( 'NONE',  ( -36.00780942298347753, 220.0000000000000000, 43.00000000000000000 ) ) ;
#2454 = EDGE_CURVE ( 'NONE', #105, #1179, #183, .T. ) ;
#2455 = ORIENTED_EDGE ( 'NONE', *, *, #530, .F. ) ;
#2456 = CARTESIAN_POINT ( 'NONE',  ( -42.01470763410992504, 220.0000000000000000, -42.99999999999999289 ) ) ;
#2457 = CARTESIAN_POINT ( 'NONE',  ( 35.00017115330179962, 220.4950975679639384, -68.00000000000000000 ) ) ;
#2458 = ADVANCED_FACE ( 'NONE', ( #2430 ), #1427, .F. ) ;
#2459 = ORIENTED_EDGE ( 'NONE', *, *, #1288, .T. ) ;
#2460 = DIRECTION ( 'NONE',  ( -0.000000000000000000, -0.000000000000000000, 1.000000000000000000 ) ) ;
#2461 = CARTESIAN_POINT ( 'NONE',  ( 41.09690777867040623, 225.0000000000000000, 68.00000000000000000 ) ) ;
#2462 = CARTESIAN_POINT ( 'NONE',  ( -41.38627833238639653, 226.1068574591350284, 53.00000000000000000 ) ) ;
#2463 = DIRECTION ( 'NONE',  ( -1.000000000000000000, -0.000000000000000000, -0.000000000000000000 ) ) ;
#2464 = ORIENTED_EDGE ( 'NONE', *, *, #1623, .T. ) ;
#2465 = CARTESIAN_POINT ( 'NONE',  ( 45.40137450994851065, 220.0000000000000000, 66.75426218613435481 ) ) ;
#2466 = ORIENTED_EDGE ( 'NONE', *, *, #1312, .F. ) ;
#2467 = CARTESIAN_POINT ( 'NONE',  ( 35.00017115330179962, 219.5145168922730363, -68.09709662154538989 ) ) ;
#2468 = DATE_AND_TIME ( #710, #1104 ) ;
#2469 = DIRECTION ( 'NONE',  ( -1.000000000000000000, -8.326672684688672475E-15, 0.000000000000000000 ) ) ;
#2470 = CARTESIAN_POINT ( 'NONE',  ( -65.77206906225285366, 243.1856976895368518, 63.00000000000000000 ) ) ;
#2471 = EDGE_CURVE ( 'NONE', #2319, #1425, #259, .T. ) ;
#2472 = CARTESIAN_POINT ( 'NONE',  ( -12.66279742153371402, 316.5117997281915905, 63.00000000000000000 ) ) ;
#2473 = FACE_OUTER_BOUND ( 'NONE', #1336, .T. ) ;
#2474 =( BOUNDED_SURFACE ( )  B_SPLINE_SURFACE ( 3, 2, ( 
 ( #526, #788, #966 ),
 ( #1809, #1337, #2566 ),
 ( #1615, #994, #2521 ),
 ( #598, #2135, #1381 ),
 ( #583, #2415, #1981 ),
 ( #1587, #2384, #1531 ) ),
 .UNSPECIFIED., .F., .F., .F. ) 
 B_SPLINE_SURFACE_WITH_KNOTS ( ( 4, 2, 4 ),
 ( 3, 3 ),
 ( 0.2554725723075129129, 0.2977186977239591470, 0.3399648231404053811 ),
 ( 0.000000000000000000, 1.000000000000000000 ),
 .UNSPECIFIED. ) 
 GEOMETRIC_REPRESENTATION_ITEM ( )  RATIONAL_B_SPLINE_SURFACE ( (
 ( 1.000000000000000000, 0.9682836535842023196, 1.000000000000000000),
 ( 1.000000000000000000, 0.9766680410787282884, 1.000000000000000000),
 ( 1.000000000000000000, 0.9830893748464302195, 1.000000000000000000),
 ( 1.000000000000000000, 0.9919897178478727096, 1.000000000000000000),
 ( 1.000000000000000000, 0.9944700967309290096, 1.000000000000000000),
 ( 1.000000000000000000, 0.9951333266680700840, 1.000000000000000000) ) ) 
 REPRESENTATION_ITEM ( '' )  SURFACE ( )  );
#2475 = CARTESIAN_POINT ( 'NONE',  ( -37.73332774054284044, 220.6305392587933341, 67.87389214824133887 ) ) ;
#2476 = ORIENTED_EDGE ( 'NONE', *, *, #1324, .T. ) ;
#2477 = FACE_OUTER_BOUND ( 'NONE', #2550, .T. ) ;
#2478 = ORIENTED_EDGE ( 'NONE', *, *, #2487, .T. ) ;
#2479 = AXIS2_PLACEMENT_3D ( 'NONE', #2470, #859, #2312 ) ;
#2480 = DIRECTION ( 'NONE',  ( -0.2213714918270048293, 0.9751895521416780177, 0.000000000000000000 ) ) ;
#2481 = CARTESIAN_POINT ( 'NONE',  ( -12.66279742153371402, 316.5117997281915905, 53.00000000000000000 ) ) ;
#2482 = VERTEX_POINT ( 'NONE', #1440 ) ;
#2483 = CARTESIAN_POINT ( 'NONE',  ( -39.56072844332765470, 222.5475680434597336, -67.49048639130805327 ) ) ;
#2484 = EDGE_CURVE ( 'NONE', #1596, #428, #263, .T. ) ;
#2485 = CIRCLE ( 'NONE', #1360, 25.00000000000000711 ) ;
#2486 = DIRECTION ( 'NONE',  ( 0.000000000000000000, -0.000000000000000000, 1.000000000000000000 ) ) ;
#2487 = EDGE_CURVE ( 'NONE', #1049, #282, #1618, .T. ) ;
#2488 = CARTESIAN_POINT ( 'NONE',  ( 38.26428402040727406, 224.9591923597480445, 67.44779558001229702 ) ) ;
#2489 = AXIS2_PLACEMENT_3D ( 'NONE', #1448, #451, #2089 ) ;
#2490 = DIRECTION ( 'NONE',  ( -0.5865899439198312137, -0.8098840890473951726, 0.000000000000000000 ) ) ;
#2491 = CIRCLE ( 'NONE', #1023, 4.999999999999997335 ) ;
#2492 = ORIENTED_EDGE ( 'NONE', *, *, #2501, .F. ) ;
#2493 = CARTESIAN_POINT ( 'NONE',  ( 41.19367168926633838, 225.9789156508942085, -52.34538352695862784 ) ) ;
#2494 = SECURITY_CLASSIFICATION ( '', '', #1281 ) ;
#2495 = ORIENTED_EDGE ( 'NONE', *, *, #2375, .F. ) ;
#2496 = APPROVAL_STATUS ( 'not_yet_approved' ) ;
#2497 = DIRECTION ( 'NONE',  ( -0.1957831301683550795, -0.9806472178829045427, -0.000000000000000000 ) ) ;
#2498 = VERTEX_POINT ( 'NONE', #1027 ) ;
#2499 = CARTESIAN_POINT ( 'NONE',  ( -51.10732046425699338, 263.4327999157216595, -48.00000000000000000 ) ) ;
#2500 = DIRECTION ( 'NONE',  ( 1.000000000000000000, 0.000000000000000000, 0.000000000000000000 ) ) ;
#2501 = EDGE_CURVE ( 'NONE', #432, #297, #141, .T. ) ;
#2502 = DIRECTION ( 'NONE',  ( -0.000000000000000000, -0.000000000000000000, 1.000000000000000000 ) ) ;
#2503 = CYLINDRICAL_SURFACE ( 'NONE', #2402, 7.500000000000000000 ) ;
#2504 = ORIENTED_EDGE ( 'NONE', *, *, #496, .F. ) ;
#2505 = CARTESIAN_POINT ( 'NONE',  ( 0.000000000000000000, 160.0000000000000000, 0.000000000000000000 ) ) ;
#2506 = ORIENTED_EDGE ( 'NONE', *, *, #1735, .T. ) ;
#2507 = PERSON_AND_ORGANIZATION_ROLE ( 'classification_officer' ) ;
#2508 = CARTESIAN_POINT ( 'NONE',  ( -12.66279742153371402, 316.5117997281915905, -68.00000000000000000 ) ) ;
#2509 = EDGE_LOOP ( 'NONE', ( #872, #2151, #300, #789, #1464 ) ) ;
#2510 = DIRECTION ( 'NONE',  ( 0.000000000000000000, 0.000000000000000000, 1.000000000000000000 ) ) ;
#2511 = CARTESIAN_POINT ( 'NONE',  ( 35.00017115330179962, 220.4950975679639384, -68.00000000000000000 ) ) ;
#2512 = CARTESIAN_POINT ( 'NONE',  ( -34.98518057126455005, 219.5145168922730079, -68.09709662154540410 ) ) ;
#2513 = EDGE_LOOP ( 'NONE', ( #2025, #1412, #1485, #1309 ) ) ;
#2514 = CARTESIAN_POINT ( 'NONE',  ( 41.05588015147603187, 225.9534370966060806, -51.69126057720711742 ) ) ;
#2515 = EDGE_CURVE ( 'NONE', #909, #2307, #959, .T. ) ;
#2516 = ORIENTED_EDGE ( 'NONE', *, *, #1435, .F. ) ;
#2517 = ADVANCED_FACE ( 'NONE', ( #456 ), #39, .F. ) ;
#2518 = PERSON_AND_ORGANIZATION_ROLE ( 'creator' ) ;
#2519 = LINE ( 'NONE', #1335, #1095 ) ;
#2520 = ORIENTED_EDGE ( 'NONE', *, *, #2484, .F. ) ;
#2521 = CARTESIAN_POINT ( 'NONE',  ( 36.86401592062182431, 222.6516797796170408, 67.81186011142746395 ) ) ;
#2522 = VECTOR ( 'NONE', #1030, 1000.000000000000000 ) ;
#2523 = FACE_OUTER_BOUND ( 'NONE', #1934, .T. ) ;
#2524 = VECTOR ( 'NONE', #921, 999.9999999999998863 ) ;
#2525 = DIRECTION ( 'NONE',  ( -0.000000000000000000, -0.000000000000000000, -1.000000000000000000 ) ) ;
#2526 = VECTOR ( 'NONE', #754, 1000.000000000000000 ) ;
#2527 = EDGE_LOOP ( 'NONE', ( #181, #1526, #194, #1025 ) ) ;
#2528 = CARTESIAN_POINT ( 'NONE',  ( 42.28642429375442902, 220.4466786921169899, -67.91066426157659919 ) ) ;
#2529 = AXIS2_PLACEMENT_3D ( 'NONE', #1542, #1566, #779 ) ;
#2530 = CARTESIAN_POINT ( 'NONE',  ( -2.775557561562891351E-14, 159.9999999999999716, 80.00000000000001421 ) ) ;
#2531 = ORIENTED_EDGE ( 'NONE', *, *, #2045, .T. ) ;
#2532 = EDGE_CURVE ( 'NONE', #2176, #282, #2283, .T. ) ;
#2533 = LINE ( 'NONE', #1142, #681 ) ;
#2534 = EDGE_LOOP ( 'NONE', ( #2286, #525, #573, #695 ) ) ;
#2535 = EDGE_CURVE ( 'NONE', #108, #1296, #1238, .T. ) ;
#2536 = FACE_OUTER_BOUND ( 'NONE', #1423, .T. ) ;
#2537 = CARTESIAN_POINT ( 'NONE',  ( 41.19367168925587919, 225.9789156508417705, -53.00000000000000000 ) ) ;
#2538 = EDGE_LOOP ( 'NONE', ( #127, #1983, #1890, #232 ) ) ;
#2539 = CARTESIAN_POINT ( 'NONE',  ( 43.44489652035763072, 220.2311998656431911, -67.17896522387560765 ) ) ;
#2540 = CARTESIAN_POINT ( 'NONE',  ( -42.30325649339646077, 220.4990983055452602, -67.90018033889094795 ) ) ;
#2541 = B_SPLINE_CURVE_WITH_KNOTS ( 'NONE', 3,
 ( #2449, #1245, #408, #439, #2256, #1831, #832, #228, #1211, #1842 ),
 .UNSPECIFIED., .F., .F.,
 ( 4, 2, 2, 2, 4 ),
 ( 0.000000000000000000, 0.001440223273175186705, 0.002160334909762818330, 0.002520390728056596738, 0.002880446546350375146 ),
 .UNSPECIFIED. ) ;
#2542 = ORIENTED_EDGE ( 'NONE', *, *, #364, .F. ) ;
#2543 = ORIENTED_EDGE ( 'NONE', *, *, #673, .T. ) ;
#2544 = CARTESIAN_POINT ( 'NONE',  ( 46.09690777867039202, 225.0000000000000000, -53.00000000000000000 ) ) ;
#2545 = DIRECTION ( 'NONE',  ( -0.000000000000000000, -0.000000000000000000, -1.000000000000000000 ) ) ;
#2546 = CARTESIAN_POINT ( 'NONE',  ( -37.41561228215012846, 225.2897175984234082, -48.13013661705878832 ) ) ;
#2547 = EDGE_LOOP ( 'NONE', ( #2219, #1785, #483, #1572 ) ) ;
#2548 = CARTESIAN_POINT ( 'NONE',  ( -38.39302700514735278, 220.0000000000000000, -66.82342288558224652 ) ) ;
#2549 = CARTESIAN_POINT ( 'NONE',  ( 41.19367168925587919, 225.9789156508417705, -62.99999999999997158 ) ) ;
#2550 = EDGE_LOOP ( 'NONE', ( #1517, #968, #504, #2178, #2492 ) ) ;
#2551 = ORIENTED_EDGE ( 'NONE', *, *, #1220, .T. ) ;
#2552 = TOROIDAL_SURFACE ( 'NONE', #1436, 65.53900802632477962, 5.000000000000000000 ) ;
#2553 = CARTESIAN_POINT ( 'NONE',  ( -83.20180544785850429, 316.5117997281915905, 53.00000000000000000 ) ) ;
#2554 = CARTESIAN_POINT ( 'NONE',  ( 52.87621060479106916, 316.5117997281915905, -53.00000000000000000 ) ) ;
#2555 = TOROIDAL_SURFACE ( 'NONE', #170, 65.53900802632477962, 5.000000000000000000 ) ;
#2556 = CARTESIAN_POINT ( 'NONE',  ( -37.35035143776708821, 220.0000000000000000, 43.00000000000465405 ) ) ;
#2557 = EDGE_CURVE ( 'NONE', #546, #952, #2026, .T. ) ;
#2558 = TOROIDAL_SURFACE ( 'NONE', #1442, 65.53900802632477962, 5.000000000000000000 ) ;
#2559 = CARTESIAN_POINT ( 'NONE',  ( -36.00780942298347043, 225.0000000000000000, -47.99999999999999289 ) ) ;
#2560 = ORIENTED_EDGE ( 'NONE', *, *, #1305, .F. ) ;
#2561 = VECTOR ( 'NONE', #819, 1000.000000000000000 ) ;
#2562 = DIRECTION ( 'NONE',  ( 0.000000000000000000, 0.000000000000000000, 1.000000000000000000 ) ) ;
#2563 = CARTESIAN_POINT ( 'NONE',  ( -34.98518057126455716, 220.4950975679639384, 68.00000000000000000 ) ) ;
#2564 = VECTOR ( 'NONE', #8, 1000.000000000000000 ) ;
#2565 = ORIENTED_EDGE ( 'NONE', *, *, #122, .T. ) ;
#2566 = CARTESIAN_POINT ( 'NONE',  ( 37.46247683060460076, 223.8716641033586541, 67.69667545420409738 ) ) ;
#2567 = CIRCLE ( 'NONE', #518, 70.53900802632479383 ) ;
#2568 = ORIENTED_EDGE ( 'NONE', *, *, #192, .F. ) ;
#2569 = DIRECTION ( 'NONE',  ( -0.2213714918270060228, 0.9751895521416776846, 0.000000000000000000 ) ) ;
#2570 = DIRECTION ( 'NONE',  ( 1.000000000000000000, 0.000000000000000000, 0.000000000000000000 ) ) ;
#2571 = CARTESIAN_POINT ( 'NONE',  ( 41.19367168925587919, 225.9789156508417989, 65.01671509390986614 ) ) ;
#2572 = DIRECTION ( 'NONE',  ( 0.000000000000000000, 0.000000000000000000, -1.000000000000000000 ) ) ;
#2573 = CARTESIAN_POINT ( 'NONE',  ( 37.46247683061834266, 223.8716641033647363, -67.69667545419848409 ) ) ;
#2574 = CARTESIAN_POINT ( 'NONE',  ( 0.000000000000000000, 220.0000000000000000, 0.000000000000000000 ) ) ;
#2575 = CARTESIAN_POINT ( 'NONE',  ( -39.97078157775159468, 220.0000000000000284, 63.68488685082056122 ) ) ;
#2576 = ORIENTED_EDGE ( 'NONE', *, *, #1532, .F. ) ;
#2577 = CARTESIAN_POINT ( 'NONE',  ( -45.93765139068025860, 220.0000000000000000, -65.49604709223552845 ) ) ;
#2578 = ORIENTED_EDGE ( 'NONE', *, *, #64, .F. ) ;
#2579 = FACE_OUTER_BOUND ( 'NONE', #756, .T. ) ;
#2580 = CARTESIAN_POINT ( 'NONE',  ( 41.19367168926635259, 225.9789156508942085, 52.34538352696237951 ) ) ;
#2581 = CARTESIAN_POINT ( 'NONE',  ( 37.88840993734204687, 220.0000000000000568, -67.16683478133971619 ) ) ;
#2582 = DIRECTION ( 'NONE',  ( -1.000000000000000000, 0.000000000000000000, 0.000000000000000000 ) ) ;
#2583 = CARTESIAN_POINT ( 'NONE',  ( 38.29075088806038707, 223.2071857295551638, -67.35856285414466527 ) ) ;
#2584 = CARTESIAN_POINT ( 'NONE',  ( -41.39233025871091343, 248.7199849852119939, -48.00000000000000000 ) ) ;
#2585 = CARTESIAN_POINT ( 'NONE',  ( 41.19367168925588629, 225.9789156508417705, -63.00000000000000000 ) ) ;
#2586 = ORIENTED_EDGE ( 'NONE', *, *, #1111, .F. ) ;
#2587 = DIRECTION ( 'NONE',  ( -1.000000000000000000, 0.000000000000000000, 0.000000000000000000 ) ) ;
#2588 = EDGE_CURVE ( 'NONE', #2176, #783, #2014, .T. ) ;
#2589 = ORIENTED_EDGE ( 'NONE', *, *, #180, .T. ) ;
ENDSEC;
END-ISO-10303-21;
