ISO-10303-21;
HEADER;
FILE_DESCRIPTION (( 'STEP AP203' ),
    '1' );
FILE_NAME ('Link1_Default_sldprt.STEP',
    '2026-05-08T17:31:57',
    ( '' ),
    ( '' ),
    'SwSTEP 2.0',
    'SolidWorks 2024',
    '' );
FILE_SCHEMA (( 'CONFIG_CONTROL_DESIGN' ));
ENDSEC;

DATA;
#1 = ORIENTED_EDGE ( 'NONE', *, *, #1482, .T. ) ;
#2 = EDGE_CURVE ( 'NONE', #2371, #1745, #1513, .T. ) ;
#3 = ORIENTED_EDGE ( 'NONE', *, *, #2272, .F. ) ;
#4 = CARTESIAN_POINT ( 'NONE',  ( -37.97739052694161899, 144.0850594954428630, 31.43165826009754227 ) ) ;
#5 = CARTESIAN_POINT ( 'NONE',  ( -39.84175891844301987, 103.7616208387376133, 98.82602878045165085 ) ) ;
#6 = ORIENTED_EDGE ( 'NONE', *, *, #1217, .T. ) ;
#7 = TOROIDAL_SURFACE ( 'NONE', #2296, 10.00000000000000000, 5.000000000000000000 ) ;
#8 = CARTESIAN_POINT ( 'NONE',  ( 39.83680294684891976, 156.5036758955126857, 34.77081777568103149 ) ) ;
#9 = CARTESIAN_POINT ( 'NONE',  ( 50.00000000000000000, -111.6164071289441324, 352.2149077139166025 ) ) ;
#10 = DIRECTION ( 'NONE',  ( 0.000000000000000000, 0.000000000000000000, 1.000000000000000000 ) ) ;
#11 = ORIENTED_EDGE ( 'NONE', *, *, #2381, .T. ) ;
#12 = CARTESIAN_POINT ( 'NONE',  ( -40.00000000000000000, 77.44588355361740639, -2.895707271036274122 ) ) ;
#13 = CARTESIAN_POINT ( 'NONE',  ( 48.00000000000000000, 0.000000000000000000, 0.000000000000000000 ) ) ;
#14 =( BOUNDED_SURFACE ( )  B_SPLINE_SURFACE ( 3, 2, ( 
 ( #1311, #1964, #1325 ),
 ( #294, #116, #1123 ),
 ( #279, #2356, #2563 ),
 ( #1365, #1949, #1754 ),
 ( #1528, #1939, #950 ),
 ( #725, #537, #699 ) ),
 .UNSPECIFIED., .F., .F., .F. ) 
 B_SPLINE_SURFACE_WITH_KNOTS ( ( 4, 2, 4 ),
 ( 3, 3 ),
 ( -6.071532165918824830E-18, 0.001835354125458488845, 0.003670708250916983762 ),
 ( 0.000000000000000000, 1.000000000000000000 ),
 .UNSPECIFIED. ) 
 GEOMETRIC_REPRESENTATION_ITEM ( )  RATIONAL_B_SPLINE_SURFACE ( (
 ( 1.000000000000000000, 0.7071067811865551223, 1.000000000000000000),
 ( 1.000000000000000000, 0.7127218199543673416, 1.000000000000000000),
 ( 1.000000000000000000, 0.7184193354300133505, 1.000000000000000000),
 ( 1.000000000000000000, 0.7299549518948226234, 1.000000000000000000),
 ( 1.000000000000000000, 0.7357931306879073041, 1.000000000000000000),
 ( 1.000000000000000000, 0.7416836485275269952, 1.000000000000000000) ) ) 
 REPRESENTATION_ITEM ( '' )  SURFACE ( )  );
#15 = DIRECTION ( 'NONE',  ( 0.000000000000000000, 0.000000000000000000, -1.000000000000000000 ) ) ;
#16 = ORIENTED_EDGE ( 'NONE', *, *, #536, .T. ) ;
#17 = CARTESIAN_POINT ( 'NONE',  ( -37.77726216878694743, 73.20511802531841283, -10.43492314548108979 ) ) ;
#18 = TOROIDAL_SURFACE ( 'NONE', #835, 331.2789318650891914, 5.000000000000000000 ) ;
#19 = CARTESIAN_POINT ( 'NONE',  ( -42.34390481610365953, 48.70488425672232324, 54.72334404264743313 ) ) ;
#20 = B_SPLINE_CURVE_WITH_KNOTS ( 'NONE', 3,
 ( #844, #2291, #1502, #1683, #647, #856, #1475, #2497, #1053, #2306, #216, #2107, #445, #1659, #46, #2095, #2268, #2512, #659, #1885, #1066, #5, #883, #674, #1245, #33, #831, #2320 ),
 .UNSPECIFIED., .F., .F.,
 ( 4, 2, 2, 2, 2, 2, 2, 2, 2, 2, 2, 2, 2, 4 ),
 ( 9.126689985681991459E-17, 0.0006847852507694357450, 0.001369570501538780200, 0.002054355752308124547, 0.002739141003077468894, 0.003423926253846813240, 0.004108711504616158021, 0.005478282006154856255, 0.006847852507693554490, 0.008217423009232253592, 0.01095656401230962057, 0.01369570501538698581, 0.01643484601846435106, 0.02191312802461905379 ),
 .UNSPECIFIED. ) ;
#21 = CIRCLE ( 'NONE', #2098, 72.50000000000000000 ) ;
#22 = ADVANCED_FACE ( 'NONE', ( #2079 ), #737, .T. ) ;
#23 = CARTESIAN_POINT ( 'NONE',  ( -35.00000000000000000, 77.44588355361740639, -2.895707271036274122 ) ) ;
#24 = ORIENTED_EDGE ( 'NONE', *, *, #536, .F. ) ;
#25 = EDGE_CURVE ( 'NONE', #282, #1806, #416, .T. ) ;
#26 = CARTESIAN_POINT ( 'NONE',  ( -40.00000000000000000, 139.1978727920571828, 74.26250630126496333 ) ) ;
#27 = CARTESIAN_POINT ( 'NONE',  ( 39.70423815949281021, 76.42221365329540106, -8.879792237610676153 ) ) ;
#28 = CARTESIAN_POINT ( 'NONE',  ( 41.80964226723986599, 249.9041479002159747, 131.9488308417636233 ) ) ;
#29 = CARTESIAN_POINT ( 'NONE',  ( 38.48887751685550995, 143.2179549757665598, 31.34068666185426366 ) ) ;
#30 = DIRECTION ( 'NONE',  ( 1.000000000000000000, 0.000000000000000000, 0.000000000000000000 ) ) ;
#31 = CARTESIAN_POINT ( 'NONE',  ( -50.00000000000000000, 110.3185727521846218, 106.2665484942682497 ) ) ;
#32 = ORIENTED_EDGE ( 'NONE', *, *, #947, .T. ) ;
#33 = CARTESIAN_POINT ( 'NONE',  ( -40.00488443556123741, 107.7069108174083709, 103.7556125385686130 ) ) ;
#34 = EDGE_LOOP ( 'NONE', ( #1449, #2274, #1759, #217, #213, #1518 ) ) ;
#35 = AXIS2_PLACEMENT_3D ( 'NONE', #1646, #2134, #277 ) ;
#36 = DIRECTION ( 'NONE',  ( 0.000000000000000000, -0.8262008555001425503, 0.5633756707303153588 ) ) ;
#37 = CARTESIAN_POINT ( 'NONE',  ( -48.06453983827201881, 282.6641357352379487, 190.3348889256220104 ) ) ;
#38 = ADVANCED_FACE ( 'NONE', ( #1162 ), #944, .F. ) ;
#39 = CIRCLE ( 'NONE', #1639, 72.50000000000000000 ) ;
#40 = DIRECTION ( 'NONE',  ( 0.000000000000000000, 0.000000000000000000, -1.000000000000000000 ) ) ;
#41 = ORIENTED_EDGE ( 'NONE', *, *, #1084, .F. ) ;
#42 = CARTESIAN_POINT ( 'NONE',  ( 48.00000000000000000, 47.18660300908717886, 61.47905738105305318 ) ) ;
#43 = DIRECTION ( 'NONE',  ( 1.000000000000000000, 0.000000000000000000, 0.000000000000000000 ) ) ;
#44 = ORIENTED_EDGE ( 'NONE', *, *, #652, .F. ) ;
#45 = DIRECTION ( 'NONE',  ( 0.000000000000000000, 0.000000000000000000, -1.000000000000000000 ) ) ;
#46 = CARTESIAN_POINT ( 'NONE',  ( -38.53443056400709565, 100.4117076500466084, 93.07976384827934169 ) ) ;
#47 = AXIS2_PLACEMENT_3D ( 'NONE', #1020, #1813, #1399 ) ;
#48 = ADVANCED_FACE ( 'NONE', ( #123 ), #490, .F. ) ;
#49 = CARTESIAN_POINT ( 'NONE',  ( 38.90895555774370251, 150.6082134430346855, 32.68349230330608179 ) ) ;
#50 = CARTESIAN_POINT ( 'NONE',  ( 40.06306226880652588, 76.49184992390593152, -3.806129135161213206 ) ) ;
#51 = DIRECTION ( 'NONE',  ( 0.000000000000000000, 0.000000000000000000, -1.000000000000000000 ) ) ;
#52 = TOROIDAL_SURFACE ( 'NONE', #270, 10.00000000000000000, 5.000000000000000000 ) ;
#53 = VERTEX_POINT ( 'NONE', #2559 ) ;
#54 = ADVANCED_FACE ( 'NONE', ( #1972 ), #1386, .T. ) ;
#55 = CARTESIAN_POINT ( 'NONE',  ( 40.00000000000000000, 164.3203358699485364, 39.23202619629808652 ) ) ;
#56 = CARTESIAN_POINT ( 'NONE',  ( 42.35818496946667011, 46.57729786420431140, 56.41356313058260241 ) ) ;
#57 = ORIENTED_EDGE ( 'NONE', *, *, #1608, .T. ) ;
#58 = CARTESIAN_POINT ( 'NONE',  ( -36.87837470653561667, 145.3624031767427311, 31.59767194228108877 ) ) ;
#59 = EDGE_CURVE ( 'NONE', #940, #2179, #991, .T. ) ;
#60 = AXIS2_PLACEMENT_3D ( 'NONE', #1583, #2402, #1113 ) ;
#61 = CARTESIAN_POINT ( 'NONE',  ( 41.99999999999999289, 251.3129923418950682, 134.0546135550686984 ) ) ;
#62 = ORIENTED_EDGE ( 'NONE', *, *, #1873, .T. ) ;
#63 = AXIS2_PLACEMENT_3D ( 'NONE', #2202, #388, #1219 ) ;
#64 = ORIENTED_EDGE ( 'NONE', *, *, #184, .T. ) ;
#65 = CARTESIAN_POINT ( 'NONE',  ( -50.00000000000000000, 285.8559153747575579, 202.5286263494805610 ) ) ;
#66 = CARTESIAN_POINT ( 'NONE',  ( 40.19112820945321829, 250.8384988534414219, 133.3415180833921738 ) ) ;
#67 = ORIENTED_EDGE ( 'NONE', *, *, #2109, .F. ) ;
#68 = CARTESIAN_POINT ( 'NONE',  ( -35.23070300384495823, 146.1529399364832216, 31.71958998725304824 ) ) ;
#69 = CARTESIAN_POINT ( 'NONE',  ( 44.53981473558574322, 44.87415844052682701, 56.95095288463279815 ) ) ;
#70 = ORIENTED_EDGE ( 'NONE', *, *, #138, .F. ) ;
#71 = LINE ( 'NONE', #697, #1820 ) ;
#72 = CARTESIAN_POINT ( 'NONE',  ( 44.27065938592929939, 71.52187168049719901, -12.12935987503839819 ) ) ;
#73 = EDGE_CURVE ( 'NONE', #679, #2643, #1180, .T. ) ;
#74 = LINE ( 'NONE', #1723, #2042 ) ;
#75 = VERTEX_POINT ( 'NONE', #205 ) ;
#76 = ORIENTED_EDGE ( 'NONE', *, *, #1034, .T. ) ;
#77 = CARTESIAN_POINT ( 'NONE',  ( -37.63301195748312011, 73.28865076495786468, -10.37700386656477924 ) ) ;
#78 = CARTESIAN_POINT ( 'NONE',  ( -40.31559744432259151, 75.54712677538806531, -4.712911895598165479 ) ) ;
#79 = ORIENTED_EDGE ( 'NONE', *, *, #1414, .T. ) ;
#80 = CARTESIAN_POINT ( 'NONE',  ( -40.90587416831416334, 74.38642850187486033, -5.834162922635986348 ) ) ;
#81 = CARTESIAN_POINT ( 'NONE',  ( 40.74882928947376115, 74.66056995770733806, -5.568949816106507633 ) ) ;
#82 = CARTESIAN_POINT ( 'NONE',  ( -42.12732082084392715, 49.11506815265808257, 54.54772122078815499 ) ) ;
#83 = LINE ( 'NONE', #31, #1167 ) ;
#84 = CIRCLE ( 'NONE', #771, 336.2789318650891914 ) ;
#85 = DIRECTION ( 'NONE',  ( -1.000000000000000000, -0.000000000000000000, -0.000000000000000000 ) ) ;
#86 = CARTESIAN_POINT ( 'NONE',  ( -50.00000000000000000, 139.1978727920571828, 31.15481919693871404 ) ) ;
#87 = B_SPLINE_CURVE_WITH_KNOTS ( 'NONE', 3,
 ( #907, #1109, #1152, #2149, #924, #2579, #495, #1555, #738, #1925, #712, #1567, #510, #1976, #89, #1337 ),
 .UNSPECIFIED., .F., .F.,
 ( 4, 2, 2, 2, 2, 2, 2, 4 ),
 ( 2.030441771438897272E-17, 0.001220417596184191324, 0.002440835192368362265, 0.003661252788552532989, 0.004881670384736703713, 0.007322505577105046896, 0.008542923173289218922, 0.009763340769473391814 ),
 .UNSPECIFIED. ) ;
#88 = EDGE_CURVE ( 'NONE', #2040, #208, #607, .T. ) ;
#89 = CARTESIAN_POINT ( 'NONE',  ( 44.63135394176947557, 71.25271373721959378, -13.39142920674267501 ) ) ;
#90 = VERTEX_POINT ( 'NONE', #2412 ) ;
#91 = CARTESIAN_POINT ( 'NONE',  ( -39.93355451344437768, 75.55097667844016485, -9.180439583015267857 ) ) ;
#92 = CARTESIAN_POINT ( 'NONE',  ( -39.66670855493408254, 78.35924138523802185, -7.986360249267763223 ) ) ;
#93 = AXIS2_PLACEMENT_3D ( 'NONE', #2398, #549, #348 ) ;
#94 = EDGE_LOOP ( 'NONE', ( #511, #1620, #1072, #1967 ) ) ;
#95 = CARTESIAN_POINT ( 'NONE',  ( -41.70820393249885427, -93.35760335989121472, 362.9428076763803119 ) ) ;
#96 = CARTESIAN_POINT ( 'NONE',  ( 42.50891818945939349, 72.63533569015731928, -8.752063096861608216 ) ) ;
#97 = CARTESIAN_POINT ( 'NONE',  ( -43.91070475076117674, 44.56045473224607179, 57.22234591091532252 ) ) ;
#98 = CARTESIAN_POINT ( 'NONE',  ( 35.62360238960755510, 49.58342023564560463, 57.09097497726062187 ) ) ;
#99 = VECTOR ( 'NONE', #671, 1000.000000000000000 ) ;
#100 = CARTESIAN_POINT ( 'NONE',  ( 40.00000000000000000, 74.08406911433858966, -9.934392760299836311 ) ) ;
#101 = PLANE ( 'NONE',  #1098 ) ;
#102 = ADVANCED_FACE ( 'NONE', ( #2404 ), #904, .T. ) ;
#103 = VERTEX_POINT ( 'NONE', #1393 ) ;
#104 = B_SPLINE_CURVE_WITH_KNOTS ( 'NONE', 3,
 ( #630, #675, #1673, #2293, #447, #244, #1082, #1899, #1504, #1300, #1251, #1031, #1667, #1436, #850, #2041, #811, #2234 ),
 .UNSPECIFIED., .F., .F.,
 ( 4, 2, 2, 2, 2, 2, 2, 2, 4 ),
 ( 0.000000000000000000, 0.0006716812951008544873, 0.001343362590201708975, 0.002686725180403443103, 0.004030087770605176797, 0.005373450360806911359, 0.006716812951008645054, 0.008060175541210377881, 0.01074690072161381231 ),
 .UNSPECIFIED. ) ;
#105 = ORIENTED_EDGE ( 'NONE', *, *, #2571, .T. ) ;
#106 = FACE_OUTER_BOUND ( 'NONE', #2357, .T. ) ;
#107 = CIRCLE ( 'NONE', #794, 331.2789318650889641 ) ;
#108 = CARTESIAN_POINT ( 'NONE',  ( -34.99999999999999289, 79.56111266485555689, -7.426248718476186284 ) ) ;
#109 = EDGE_CURVE ( 'NONE', #461, #542, #1382, .T. ) ;
#110 = CIRCLE ( 'NONE', #1402, 336.2789318650891914 ) ;
#111 = ORIENTED_EDGE ( 'NONE', *, *, #502, .T. ) ;
#112 = CARTESIAN_POINT ( 'NONE',  ( 41.01905858410027150, 74.22174202955940814, -6.031763869955988788 ) ) ;
#113 = CARTESIAN_POINT ( 'NONE',  ( -41.92478104457667598, 49.50650742255667325, 54.39418769478864846 ) ) ;
#114 = DIRECTION ( 'NONE',  ( 0.000000000000000000, 0.000000000000000000, -1.000000000000000000 ) ) ;
#115 = CARTESIAN_POINT ( 'NONE',  ( -35.00000000000000711, -111.6164071289371975, 352.2149077139229689 ) ) ;
#116 = CARTESIAN_POINT ( 'NONE',  ( -39.92122108022115157, 52.42274236369223672, 58.65949517592011375 ) ) ;
#117 = ORIENTED_EDGE ( 'NONE', *, *, #1886, .F. ) ;
#118 = ORIENTED_EDGE ( 'NONE', *, *, #2477, .T. ) ;
#119 = CARTESIAN_POINT ( 'NONE',  ( -42.68431885900493228, 72.07481654145834682, -11.40643961803323414 ) ) ;
#120 = DIRECTION ( 'NONE',  ( -2.854063448916803106E-15, -0.8577048619170151156, 0.5141423634013384536 ) ) ;
#121 = ORIENTED_EDGE ( 'NONE', *, *, #1794, .F. ) ;
#122 = EDGE_CURVE ( 'NONE', #2550, #1907, #724, .T. ) ;
#123 = FACE_OUTER_BOUND ( 'NONE', #2658, .T. ) ;
#124 = CARTESIAN_POINT ( 'NONE',  ( -40.66971100916057935, 46.01331485199928295, 56.61028414919348251 ) ) ;
#125 = CARTESIAN_POINT ( 'NONE',  ( 35.05330252944109759, 51.64210987695535238, 58.22421136868090485 ) ) ;
#126 = CARTESIAN_POINT ( 'NONE',  ( -41.70820393249886138, 248.4805323876502712, 129.8478069560163988 ) ) ;
#127 = AXIS2_PLACEMENT_3D ( 'NONE', #949, #2407, #1803 ) ;
#128 = DIRECTION ( 'NONE',  ( -1.000000000000000000, 0.000000000000000000, 0.000000000000000000 ) ) ;
#129 = ORIENTED_EDGE ( 'NONE', *, *, #2426, .F. ) ;
#130 = ORIENTED_EDGE ( 'NONE', *, *, #1122, .T. ) ;
#131 = DIRECTION ( 'NONE',  ( 0.000000000000000000, 0.000000000000000000, -1.000000000000000000 ) ) ;
#132 = CARTESIAN_POINT ( 'NONE',  ( 40.00000000000000000, 183.6394870355727846, 181.0563078829712822 ) ) ;
#133 = ORIENTED_EDGE ( 'NONE', *, *, #1760, .T. ) ;
#134 = CARTESIAN_POINT ( 'NONE',  ( -35.00000000000000711, 178.4980634015594489, 172.4792592638011115 ) ) ;
#135 = CARTESIAN_POINT ( 'NONE',  ( 37.94740968679836612, 73.11382490816298230, -10.50392265920114099 ) ) ;
#136 = CARTESIAN_POINT ( 'NONE',  ( -39.88392503441735215, 46.43062857983434810, 56.53515211524169359 ) ) ;
#137 = CARTESIAN_POINT ( 'NONE',  ( 39.99999999999999289, 55.14564881733915769, 54.45371811469534151 ) ) ;
#138 = EDGE_CURVE ( 'NONE', #1340, #763, #2436, .T. ) ;
#139 = DIRECTION ( 'NONE',  ( 1.000000000000000000, 0.000000000000000000, 0.000000000000000000 ) ) ;
#140 = CIRCLE ( 'NONE', #488, 403.7470125719127623 ) ;
#141 = SECURITY_CLASSIFICATION ( '', '', #1024 ) ;
#142 = ORIENTED_EDGE ( 'NONE', *, *, #1824, .F. ) ;
#143 = CARTESIAN_POINT ( 'NONE',  ( 40.72689742559083470, 170.2957156994626189, 44.39879651253060189 ) ) ;
#144 = CARTESIAN_POINT ( 'NONE',  ( 49.10108216589729579, 284.0622640956510736, 194.1774223729904918 ) ) ;
#145 = TOROIDAL_SURFACE ( 'NONE', #2510, 331.2789318650891914, 5.000000000000000000 ) ;
#146 = DIRECTION ( 'NONE',  ( 0.000000000000000000, 0.000000000000000000, 1.000000000000000000 ) ) ;
#147 = CARTESIAN_POINT ( 'NONE',  ( -39.79228554257795736, 139.1978727920571828, 31.15481919693871404 ) ) ;
#148 = DIRECTION ( 'NONE',  ( -1.000000000000000000, -0.000000000000000000, -0.000000000000000000 ) ) ;
#149 = AXIS2_PLACEMENT_3D ( 'NONE', #463, #1905, #451 ) ;
#150 = AXIS2_PLACEMENT_3D ( 'NONE', #1294, #452, #477 ) ;
#151 = APPROVAL ( #673, 'UNSPECIFIED' ) ;
#152 = CARTESIAN_POINT ( 'NONE',  ( -40.00000000000000000, 110.3185727521846218, 106.2665484942682497 ) ) ;
#153 = B_SPLINE_CURVE_WITH_KNOTS ( 'NONE', 3,
 ( #1810, #591, #2231, #2205, #778, #363, #1196, #1609, #1408, #2637, #795, #1623, #2322, #1887, #649, #49, #2515, #1247, #422, #1069, #8, #2308, #832, #1663, #2123, #2478 ),
 .UNSPECIFIED., .F., .F.,
 ( 4, 2, 2, 2, 2, 2, 2, 2, 2, 2, 2, 2, 4 ),
 ( 1.213810696713550661E-16, 0.0006838742322669143659, 0.001367748464533707301, 0.002051622696800500020, 0.002735496929067293172, 0.003419371161334085456, 0.004103245393600878609, 0.005470993858134381646, 0.008206490787201384252, 0.01094198771626838686, 0.01367748464533538773, 0.01641298157440239033, 0.02188397543253639554 ),
 .UNSPECIFIED. ) ;
#154 = CIRCLE ( 'NONE', #2326, 43.10768710432624573 ) ;
#155 = EDGE_CURVE ( 'NONE', #461, #1994, #2174, .T. ) ;
#156 = FACE_OUTER_BOUND ( 'NONE', #1560, .T. ) ;
#157 = EDGE_LOOP ( 'NONE', ( #2581, #815, #1631, #330 ) ) ;
#158 = CARTESIAN_POINT ( 'NONE',  ( 41.65738987414862748, 168.0851140230408305, 42.26562827145338019 ) ) ;
#159 = CARTESIAN_POINT ( 'NONE',  ( 39.67757827860489073, 102.7557765327940160, 97.30737047090025271 ) ) ;
#160 = CARTESIAN_POINT ( 'NONE',  ( 36.72851332518465739, 48.49083323089561048, 56.64784462801377884 ) ) ;
#161 = DIRECTION ( 'NONE',  ( 0.000000000000000000, 0.000000000000000000, 1.000000000000000000 ) ) ;
#162 = AXIS2_PLACEMENT_3D ( 'NONE', #1642, #825, #1240 ) ;
#163 = CARTESIAN_POINT ( 'NONE',  ( 48.33429064489837401, 168.4491301343605301, 42.59784546349946766 ) ) ;
#164 = DIRECTION ( 'NONE',  ( 0.000000000000000000, 7.095972723037163705E-15, -1.000000000000000000 ) ) ;
#165 = AXIS2_PLACEMENT_3D ( 'NONE', #2280, #430, #906 ) ;
#166 = AXIS2_PLACEMENT_3D ( 'NONE', #2665, #1214, #15 ) ;
#167 = CALENDAR_DATE ( 2026, 8, 5 ) ;
#168 = EDGE_CURVE ( 'NONE', #2584, #943, #153, .T. ) ;
#169 = CIRCLE ( 'NONE', #2369, 408.7470125719127623 ) ;
#170 = VERTEX_POINT ( 'NONE', #859 ) ;
#171 = CARTESIAN_POINT ( 'NONE',  ( -35.88152046229289738, 99.07705693946604697, 90.02944196771433383 ) ) ;
#172 = CARTESIAN_POINT ( 'NONE',  ( 48.68357951599283950, 283.3786551230315354, 192.1781373929300969 ) ) ;
#173 = DIRECTION ( 'NONE',  ( 1.000000000000000000, -0.000000000000000000, -0.000000000000000000 ) ) ;
#174 = CARTESIAN_POINT ( 'NONE',  ( 40.00000000000000000, 250.2047828684220292, 136.0056156363782804 ) ) ;
#175 = DIRECTION ( 'NONE',  ( 0.000000000000000000, -0.8577048619170151156, 0.5141423634013384536 ) ) ;
#176 = CARTESIAN_POINT ( 'NONE',  ( 35.48318568410565632, 146.1129769567811252, 31.71301385721420729 ) ) ;
#177 = CARTESIAN_POINT ( 'NONE',  ( 48.11006729750228317, 168.1194132239378121, 42.29662439441874966 ) ) ;
#178 = DIRECTION ( 'NONE',  ( -1.000000000000000000, -0.000000000000000000, -0.000000000000000000 ) ) ;
#179 = ORIENTED_EDGE ( 'NONE', *, *, #1554, .T. ) ;
#180 = APPROVAL_ROLE ( '' ) ;
#181 = CIRCLE ( 'NONE', #1782, 413.7470125719109433 ) ;
#182 = VERTEX_POINT ( 'NONE', #871 ) ;
#183 = CARTESIAN_POINT ( 'NONE',  ( 40.56976894704346392, 170.8497341926148181, 44.98644706261005410 ) ) ;
#184 = EDGE_CURVE ( 'NONE', #981, #1022, #914, .T. ) ;
#185 = CARTESIAN_POINT ( 'NONE',  ( 41.93546016172796698, 282.6641357352380055, 190.3348889256220673 ) ) ;
#186 = CARTESIAN_POINT ( 'NONE',  ( 39.56490181582661592, 102.2813772010916153, 96.53904172903409631 ) ) ;
#187 = DIRECTION ( 'NONE',  ( 0.000000000000000000, -1.000000000000000000, 0.000000000000000000 ) ) ;
#188 = DIRECTION ( 'NONE',  ( 0.000000000000000000, -0.5266532201910811839, -0.8500802230744842758 ) ) ;
#189 = EDGE_CURVE ( 'NONE', #208, #90, #1868, .T. ) ;
#190 = DIRECTION ( 'NONE',  ( 1.000000000000000000, -0.000000000000000000, -0.000000000000000000 ) ) ;
#191 = EDGE_LOOP ( 'NONE', ( #2334, #359, #1054, #1227 ) ) ;
#192 = CIRCLE ( 'NONE', #1013, 4.999999999999999112 ) ;
#193 = CARTESIAN_POINT ( 'NONE',  ( 40.00000000000000000, -93.35760335989121472, 362.9428076763803119 ) ) ;
#194 = FACE_OUTER_BOUND ( 'NONE', #2154, .T. ) ;
#195 = CARTESIAN_POINT ( 'NONE',  ( 39.89767613950612457, 50.44179382218300134, 57.25183741401407644 ) ) ;
#196 = ORIENTED_EDGE ( 'NONE', *, *, #2350, .T. ) ;
#197 = AXIS2_PLACEMENT_3D ( 'NONE', #1668, #2519, #2128 ) ;
#198 = DIRECTION ( 'NONE',  ( -1.000000000000000000, -0.000000000000000000, -0.000000000000000000 ) ) ;
#199 = CARTESIAN_POINT ( 'NONE',  ( -44.79498528440429084, 44.46834972296267097, 57.26242049114859611 ) ) ;
#200 = B_SPLINE_CURVE_WITH_KNOTS ( 'NONE', 3,
 ( #1687, #1715, #37, #2084, #256, #1042, #1900, #2516, #2323, #1056, #886, #1878, #676, #2489, #219, #1301, #268, #1096, #1914, #65 ),
 .UNSPECIFIED., .F., .F.,
 ( 4, 2, 2, 2, 2, 2, 2, 2, 2, 4 ),
 ( 0.000000000000000000, 0.0001019588685238192587, 0.0002039177370476385174, 0.0004078354740953880572, 0.0008156709481909087123, 0.001631341896381955769, 0.003262683792764126643, 0.006525367585528415483, 0.009788051378292705190, 0.01305073517105699403 ),
 .UNSPECIFIED. ) ;
#201 = MANIFOLD_SOLID_BREP ( 'Fillet7', #1132 ) ;
#202 = PERSON_AND_ORGANIZATION_ROLE ( 'design_supplier' ) ;
#203 = CARTESIAN_POINT ( 'NONE',  ( -36.26500945931515218, 145.8033178257545615, 31.66382273419783644 ) ) ;
#204 = CARTESIAN_POINT ( 'NONE',  ( 39.00916340899428292, 100.9765633256530606, 94.21552469491960835 ) ) ;
#205 = CARTESIAN_POINT ( 'NONE',  ( 50.00000000000000000, 110.3185727521846218, 106.2665484942682497 ) ) ;
#206 = CARTESIAN_POINT ( 'NONE',  ( 38.03294428495420476, 47.53348915363942950, 56.48768650954605164 ) ) ;
#207 = CARTESIAN_POINT ( 'NONE',  ( 40.00000000000000000, 77.44588355361740639, -2.895707271036274122 ) ) ;
#208 = VERTEX_POINT ( 'NONE', #1027 ) ;
#209 = ADVANCED_FACE ( 'NONE', ( #1686 ), #1278, .T. ) ;
#210 = DIRECTION ( 'NONE',  ( 0.000000000000000000, 0.8577048619170162258, -0.5141423634013367883 ) ) ;
#211 = CARTESIAN_POINT ( 'NONE',  ( -48.03170426258980541, 168.0771728319523675, 42.25846410828243904 ) ) ;
#212 = CARTESIAN_POINT ( 'NONE',  ( 50.00000000000000000, 238.7438782090230802, 208.3458911717285389 ) ) ;
#213 = ORIENTED_EDGE ( 'NONE', *, *, #306, .T. ) ;
#214 = CARTESIAN_POINT ( 'NONE',  ( -45.00000000000000000, 71.22053895410535063, -13.56041411929451002 ) ) ;
#215 = CARTESIAN_POINT ( 'NONE',  ( 50.00000000000000000, 238.7438782090230802, 208.3458911717285389 ) ) ;
#216 = CARTESIAN_POINT ( 'NONE',  ( -37.65030370404267046, 99.74652829274883459, 91.63777716996057165 ) ) ;
#217 = ORIENTED_EDGE ( 'NONE', *, *, #25, .T. ) ;
#218 = DIRECTION ( 'NONE',  ( 0.000000000000000000, 0.000000000000000000, 1.000000000000000000 ) ) ;
#219 = CARTESIAN_POINT ( 'NONE',  ( -49.28431646398065169, 284.3685516823531430, 195.1963894940737418 ) ) ;
#220 = CARTESIAN_POINT ( 'NONE',  ( -40.00000000000000000, -93.35760335989121472, 362.9428076763803119 ) ) ;
#221 = DIRECTION ( 'NONE',  ( 0.000000000000000000, 0.000000000000000000, -1.000000000000000000 ) ) ;
#222 = CARTESIAN_POINT ( 'NONE',  ( -39.83637626159726608, 156.4970771522862663, 34.76789519094614178 ) ) ;
#223 = CARTESIAN_POINT ( 'NONE',  ( 41.00115593070697884, 51.43578175715699530, 53.88802164859660593 ) ) ;
#224 = EDGE_CURVE ( 'NONE', #2165, #1561, #2133, .T. ) ;
#225 = ORIENTED_EDGE ( 'NONE', *, *, #1084, .T. ) ;
#226 = CARTESIAN_POINT ( 'NONE',  ( -36.80141569650558608, 73.82955261934640134, -10.04868418799745022 ) ) ;
#227 = CARTESIAN_POINT ( 'NONE',  ( 35.00000000000000000, 55.14564881733914348, 54.45371811469536283 ) ) ;
#228 = VERTEX_POINT ( 'NONE', #1851 ) ;
#229 = TOROIDAL_SURFACE ( 'NONE', #1437, 10.00000000000000000, 5.000000000000000000 ) ;
#230 = CARTESIAN_POINT ( 'NONE',  ( -40.00000000000016342, 54.48488680087692870, 54.26662294465586456 ) ) ;
#231 = DIRECTION ( 'NONE',  ( 1.271390963639232831E-13, -0.8724862914096783717, -0.4886385896572086884 ) ) ;
#232 = CARTESIAN_POINT ( 'NONE',  ( 40.00000000000000000, 249.8190294992433849, 135.1712116865913060 ) ) ;
#233 = CARTESIAN_POINT ( 'NONE',  ( 42.00000000000000000, 282.6556856985978925, 190.3143138997207586 ) ) ;
#234 = DIRECTION ( 'NONE',  ( 1.000000000000000000, 0.000000000000000000, 0.000000000000000000 ) ) ;
#235 = EDGE_LOOP ( 'NONE', ( #1356, #2536, #1755, #349, #2211 ) ) ;
#236 = AXIS2_PLACEMENT_3D ( 'NONE', #1431, #351, #765 ) ;
#237 = COORDINATED_UNIVERSAL_TIME_OFFSET ( 1, 0, .AHEAD. ) ;
#238 = TOROIDAL_SURFACE ( 'NONE', #2556, 411.7470125719110001, 2.000000000000000000 ) ;
#239 = ADVANCED_FACE ( 'NONE', ( #1462, #459 ), #2110, .T. ) ;
#240 = ORIENTED_EDGE ( 'NONE', *, *, #1738, .T. ) ;
#241 = CARTESIAN_POINT ( 'NONE',  ( 42.00000000000000000, 251.8735861662640900, 134.9033019092064762 ) ) ;
#242 = ORIENTED_EDGE ( 'NONE', *, *, #1936, .T. ) ;
#243 = B_SPLINE_CURVE_WITH_KNOTS ( 'NONE', 3,
 ( #462, #80, #1292, #2542, #1746, #1129, #2558, #1550, #291, #276, #2172, #1120, #479, #2354, #1961, #1751 ),
 .UNSPECIFIED., .F., .F.,
 ( 4, 2, 2, 2, 2, 2, 2, 4 ),
 ( 2.602085213965210642E-18, 0.001218909824616191745, 0.002437819649232380887, 0.003656729473848570246, 0.004875639298464759172, 0.007313458947697150034, 0.008532368772313336791, 0.009751278596929525283 ),
 .UNSPECIFIED. ) ;
#244 = CARTESIAN_POINT ( 'NONE',  ( 36.68693851143283524, 98.93056381161225943, 89.65279610862022253 ) ) ;
#245 = CARTESIAN_POINT ( 'NONE',  ( 39.99999999999999289, 77.44588355361740639, -2.895707271036274122 ) ) ;
#246 = CARTESIAN_POINT ( 'NONE',  ( 39.79157423748588940, 247.6057934171328725, 131.1007210939657455 ) ) ;
#247 = EDGE_LOOP ( 'NONE', ( #2167, #44, #2345, #895 ) ) ;
#248 = FACE_OUTER_BOUND ( 'NONE', #1573, .T. ) ;
#249 = CARTESIAN_POINT ( 'NONE',  ( -41.70820393249885427, -93.35760335989121472, 362.9428076763803119 ) ) ;
#250 = ORIENTED_EDGE ( 'NONE', *, *, #2248, .F. ) ;
#251 = CARTESIAN_POINT ( 'NONE',  ( 40.31180119480377755, 53.20070608357141140, 53.94032875655574344 ) ) ;
#252 = CARTESIAN_POINT ( 'NONE',  ( 40.00000000000000000, 244.3495281101510557, 132.6646853096669645 ) ) ;
#253 = EDGE_CURVE ( 'NONE', #1005, #805, #2214, .T. ) ;
#254 = ORIENTED_EDGE ( 'NONE', *, *, #892, .T. ) ;
#255 = DIRECTION ( 'NONE',  ( 1.000000000000000000, -0.000000000000000000, -0.000000000000000000 ) ) ;
#256 = CARTESIAN_POINT ( 'NONE',  ( -48.13020376127197864, 282.6936656987070933, 190.4070604928980686 ) ) ;
#257 = DIRECTION ( 'NONE',  ( 1.000000000000000000, -0.000000000000000000, -0.000000000000000000 ) ) ;
#258 = ORIENTED_EDGE ( 'NONE', *, *, #306, .F. ) ;
#259 = CARTESIAN_POINT ( 'NONE',  ( -40.74882928947376826, 74.66056995770729543, -5.568949816106480988 ) ) ;
#260 = CARTESIAN_POINT ( 'NONE',  ( 40.09787679545467398, 46.31568184673338351, 56.55415889367702675 ) ) ;
#261 = ORIENTED_EDGE ( 'NONE', *, *, #2016, .F. ) ;
#262 = DIRECTION ( 'NONE',  ( 1.000000000000000000, -0.000000000000000000, -0.000000000000000000 ) ) ;
#263 = DIRECTION ( 'NONE',  ( 0.000000000000000000, -0.5141423634013360111, -0.8577048619170165589 ) ) ;
#264 = AXIS2_PLACEMENT_3D ( 'NONE', #1641, #2628, #2074 ) ;
#265 = EDGE_LOOP ( 'NONE', ( #271, #1140, #475, #1593 ) ) ;
#266 = EDGE_CURVE ( 'NONE', #763, #2643, #868, .T. ) ;
#267 = ORIENTED_EDGE ( 'NONE', *, *, #667, .F. ) ;
#268 = CARTESIAN_POINT ( 'NONE',  ( -49.73951965952971221, 285.1504115461255537, 198.2979350902122917 ) ) ;
#269 = CARTESIAN_POINT ( 'NONE',  ( -39.89652307620302452, 75.77193081939064712, -9.176453185372366761 ) ) ;
#270 = AXIS2_PLACEMENT_3D ( 'NONE', #134, #1585, #2022 ) ;
#271 = ORIENTED_EDGE ( 'NONE', *, *, #685, .F. ) ;
#272 = CARTESIAN_POINT ( 'NONE',  ( -35.45631589701552144, 146.1879479004187772, 31.72527441089623679 ) ) ;
#273 = CARTESIAN_POINT ( 'NONE',  ( 41.92478104457667598, 49.50650742255667325, 54.39418769478864846 ) ) ;
#274 = ORIENTED_EDGE ( 'NONE', *, *, #762, .F. ) ;
#275 = LOCAL_TIME ( 19, 31, 57.00000000000000000, #787 ) ;
#276 = CARTESIAN_POINT ( 'NONE',  ( -43.18105960209186378, 72.13572122650127483, -10.02469019586830079 ) ) ;
#277 = DIRECTION ( 'NONE',  ( 0.000000000000000000, 0.000000000000000000, -1.000000000000000000 ) ) ;
#278 = CIRCLE ( 'NONE', #538, 5.000000000000004441 ) ;
#279 = CARTESIAN_POINT ( 'NONE',  ( -40.02665126471353574, 54.49060686021419286, 54.27144729908541620 ) ) ;
#280 = ORIENTED_EDGE ( 'NONE', *, *, #189, .F. ) ;
#281 = CIRCLE ( 'NONE', #2473, 331.2789318650889641 ) ;
#282 = VERTEX_POINT ( 'NONE', #1864 ) ;
#283 = CARTESIAN_POINT ( 'NONE',  ( -42.50891818945939349, 72.63533569015731928, -8.752063096861608216 ) ) ;
#284 = CARTESIAN_POINT ( 'NONE',  ( -39.85202943187815094, 173.9511739514107092, 48.74477741260749752 ) ) ;
#285 = ORIENTED_EDGE ( 'NONE', *, *, #563, .F. ) ;
#286 = CARTESIAN_POINT ( 'NONE',  ( -35.81474612649525824, 49.34714774732127296, 56.96192043405329031 ) ) ;
#287 = CARTESIAN_POINT ( 'NONE',  ( 38.60571517202083669, 72.78726866030324061, -10.77330861288494290 ) ) ;
#288 = CARTESIAN_POINT ( 'NONE',  ( -44.72755167826727529, 44.24389488245356006, 57.43622220846174287 ) ) ;
#289 = CARTESIAN_POINT ( 'NONE',  ( 42.87207460040680473, 47.73631110940846156, 55.19486291269680578 ) ) ;
#290 = EDGE_CURVE ( 'NONE', #888, #1833, #959, .T. ) ;
#291 = CARTESIAN_POINT ( 'NONE',  ( -42.64182618776180789, 72.53081455261974497, -9.002486224988137664 ) ) ;
#292 = B_SPLINE_CURVE_WITH_KNOTS ( 'NONE', 3,
 ( #910, #1139, #2514, #1313, #2137, #1966, #939, #1953, #2132, #1076, #1894, #1684, #1459, #2383, #1613, #1302, #1981, #1003, #211, #397 ),
 .UNSPECIFIED., .F., .F.,
 ( 4, 2, 2, 2, 2, 2, 2, 2, 2, 4 ),
 ( 0.000000000000000000, 0.002992889597664633809, 0.005985779195329267617, 0.008978668792993901859, 0.01047511359182619339, 0.01122333599124232875, 0.01159744719095043460, 0.01178450279080448491, 0.01187803059073153263, 0.01197155839065858381 ),
 .UNSPECIFIED. ) ;
#293 = CARTESIAN_POINT ( 'NONE',  ( 41.92794758944795319, 73.14818058555734126, -7.669315869872868952 ) ) ;
#294 = CARTESIAN_POINT ( 'NONE',  ( -40.00000000000001421, 54.81696479132929056, 54.36065103123506503 ) ) ;
#295 = ORIENTED_EDGE ( 'NONE', *, *, #1936, .F. ) ;
#296 = ORIENTED_EDGE ( 'NONE', *, *, #2218, .T. ) ;
#297 = DIRECTION ( 'NONE',  ( 1.000000000000000000, -0.000000000000000000, -0.000000000000000000 ) ) ;
#298 = CARTESIAN_POINT ( 'NONE',  ( -36.49765857894750809, 74.08406911433858966, -9.934392760299836311 ) ) ;
#299 = ORIENTED_EDGE ( 'NONE', *, *, #1938, .F. ) ;
#300 = CARTESIAN_POINT ( 'NONE',  ( -37.49913659446811920, 47.90079880897001630, 56.52688235045885534 ) ) ;
#301 = CARTESIAN_POINT ( 'NONE',  ( -41.74493538190355935, 49.86204303230748991, 54.26858418880811286 ) ) ;
#302 = CARTESIAN_POINT ( 'NONE',  ( -41.92001202029450013, 47.08200673919512980, 56.35061550840318034 ) ) ;
#303 = CARTESIAN_POINT ( 'NONE',  ( -41.72285562331348530, 249.0523802426857571, 130.6880963625867764 ) ) ;
#304 = VECTOR ( 'NONE', #139, 1000.000000000000000 ) ;
#305 = CARTESIAN_POINT ( 'NONE',  ( 50.00000000000000000, 168.0771728319283795, 42.25846410826306254 ) ) ;
#306 = EDGE_CURVE ( 'NONE', #1806, #1681, #2608, .T. ) ;
#307 = DIRECTION ( 'NONE',  ( 0.000000000000000000, 0.000000000000000000, -1.000000000000000000 ) ) ;
#308 = EDGE_CURVE ( 'NONE', #1693, #2525, #104, .T. ) ;
#309 = FACE_OUTER_BOUND ( 'NONE', #2104, .T. ) ;
#310 = ORIENTED_EDGE ( 'NONE', *, *, #1398, .T. ) ;
#311 = ORIENTED_EDGE ( 'NONE', *, *, #2367, .F. ) ;
#312 = CARTESIAN_POINT ( 'NONE',  ( -37.03811716877774529, 73.66491965759978200, -10.14115371999190529 ) ) ;
#313 = CARTESIAN_POINT ( 'NONE',  ( -35.00000000066145844, 78.61061372275264603, -7.870019745816255075 ) ) ;
#314 = EDGE_LOOP ( 'NONE', ( #2122, #76, #2538, #2362 ) ) ;
#315 = DIRECTION ( 'NONE',  ( -1.000000000000000000, -0.000000000000000000, -0.000000000000000000 ) ) ;
#316 = CARTESIAN_POINT ( 'NONE',  ( 42.68431885900493228, 72.07481654145834682, -11.40643961803323414 ) ) ;
#317 = CARTESIAN_POINT ( 'NONE',  ( -41.39718745619138218, 45.65745318289637567, 56.71338085692232767 ) ) ;
#318 = CARTESIAN_POINT ( 'NONE',  ( 39.83889079067716210, 51.22691685320274502, 57.99164870764805357 ) ) ;
#319 = AXIS2_PLACEMENT_3D ( 'NONE', #1763, #2576, #2532 ) ;
#320 = CARTESIAN_POINT ( 'NONE',  ( -39.79157423749919076, 247.3002454512219117, 130.6526293427736789 ) ) ;
#321 = CC_DESIGN_APPROVAL ( #632, ( #662 ) ) ;
#322 = CARTESIAN_POINT ( 'NONE',  ( 40.00000000000000000, 139.1978727920571828, 74.26250630126496333 ) ) ;
#323 = CIRCLE ( 'NONE', #878, 47.46982847996938659 ) ;
#324 = ORIENTED_EDGE ( 'NONE', *, *, #735, .F. ) ;
#325 = ADVANCED_FACE ( 'NONE', ( #437 ), #582, .F. ) ;
#326 = VERTEX_POINT ( 'NONE', #233 ) ;
#327 = CARTESIAN_POINT ( 'NONE',  ( -44.21134476436350980, 71.54907392850574865, -12.01349766382712581 ) ) ;
#328 = APPROVAL_PERSON_ORGANIZATION ( #587, #632, #180 ) ;
#329 = DIRECTION ( 'NONE',  ( 1.000000000000000000, -0.000000000000000000, -0.000000000000000000 ) ) ;
#330 = ORIENTED_EDGE ( 'NONE', *, *, #1922, .F. ) ;
#331 = AXIS2_PLACEMENT_3D ( 'NONE', #2180, #1582, #1594 ) ;
#332 = DIRECTION ( 'NONE',  ( 0.000000000000000000, 0.8577048619170162258, -0.5141423634013368993 ) ) ;
#333 = CARTESIAN_POINT ( 'NONE',  ( -39.99776309008603903, 50.10549497192128143, 57.00532102357410480 ) ) ;
#334 = CARTESIAN_POINT ( 'NONE',  ( -41.79274119718059666, 282.7490629252046688, 190.5433002048063713 ) ) ;
#335 = DIRECTION ( 'NONE',  ( -1.000000000000000000, -0.000000000000000000, -0.000000000000000000 ) ) ;
#336 = CARTESIAN_POINT ( 'NONE',  ( -41.70820393252871128, 248.7670557816645669, 130.2679988200856371 ) ) ;
#337 = EDGE_CURVE ( 'NONE', #943, #805, #1397, .T. ) ;
#338 = DIRECTION ( 'NONE',  ( -1.000000000000000000, -0.000000000000000000, -0.000000000000000000 ) ) ;
#339 = ORIENTED_EDGE ( 'NONE', *, *, #1154, .F. ) ;
#340 = VERTEX_POINT ( 'NONE', #1019 ) ;
#341 = CARTESIAN_POINT ( 'NONE',  ( -40.74882928947376115, 74.66056995770733806, -5.568949816106507633 ) ) ;
#342 = ADVANCED_FACE ( 'NONE', ( #1223 ), #7, .F. ) ;
#343 = CARTESIAN_POINT ( 'NONE',  ( 40.00000000000000000, 181.0687752185661168, 176.7677835733862253 ) ) ;
#344 = ORIENTED_EDGE ( 'NONE', *, *, #337, .F. ) ;
#345 = CARTESIAN_POINT ( 'NONE',  ( -41.50078035520648712, 47.59644951137195790, 56.32654184472674785 ) ) ;
#346 = CARTESIAN_POINT ( 'NONE',  ( -41.96579740508413892, 282.6556856985835680, 190.3143138996898358 ) ) ;
#347 = CARTESIAN_POINT ( 'NONE',  ( -41.80964226724162813, 249.9041479002127346, 131.9488308417588200 ) ) ;
#348 = DIRECTION ( 'NONE',  ( 0.000000000000000000, 0.000000000000000000, 1.000000000000000000 ) ) ;
#349 = ORIENTED_EDGE ( 'NONE', *, *, #1951, .F. ) ;
#350 = CARTESIAN_POINT ( 'NONE',  ( 40.15633261168633794, 172.4498831722144701, 46.81731091749044538 ) ) ;
#351 = DIRECTION ( 'NONE',  ( 0.000000000000000000, 0.8577048619170162258, -0.5141423634013368993 ) ) ;
#352 = CC_DESIGN_PERSON_AND_ORGANIZATION_ASSIGNMENT ( #1848, #750, ( #141 ) ) ;
#353 = CARTESIAN_POINT ( 'NONE',  ( 39.79157423749983025, 247.8757136511297006, 131.4965641162802683 ) ) ;
#354 = DIRECTION ( 'NONE',  ( 0.000000000000000000, 0.000000000000000000, -1.000000000000000000 ) ) ;
#355 = CARTESIAN_POINT ( 'NONE',  ( 35.05339243187380305, 51.64143596768580124, 58.22383715123564230 ) ) ;
#356 = EDGE_CURVE ( 'NONE', #1633, #884, #1454, .T. ) ;
#357 = CARTESIAN_POINT ( 'NONE',  ( 41.70820393249886138, 168.0771728319283795, 42.25846410826306254 ) ) ;
#358 =( NAMED_UNIT ( * ) SI_UNIT ( $, .STERADIAN. ) SOLID_ANGLE_UNIT ( ) );
#359 = ORIENTED_EDGE ( 'NONE', *, *, #1496, .F. ) ;
#360 = CARTESIAN_POINT ( 'NONE',  ( 40.28389633158247563, 171.9265530297519717, 46.19541766414282336 ) ) ;
#361 = CARTESIAN_POINT ( 'NONE',  ( 50.00000000000000000, 285.8559153747575579, 202.5286263494805610 ) ) ;
#362 = CIRCLE ( 'NONE', #711, 4.999999999999999112 ) ;
#363 = CARTESIAN_POINT ( 'NONE',  ( 36.49678309121318875, 146.6536814172428649, 31.80431588954087729 ) ) ;
#364 = CARTESIAN_POINT ( 'NONE',  ( -39.95417308014127400, 172.5090233333912408, 46.85479408493056042 ) ) ;
#365 = DIRECTION ( 'NONE',  ( -1.000000000000000000, 0.000000000000000000, 0.000000000000000000 ) ) ;
#366 = EDGE_CURVE ( 'NONE', #1971, #981, #428, .T. ) ;
#367 = VECTOR ( 'NONE', #631, 1000.000000000000000 ) ;
#368 = CIRCLE ( 'NONE', #629, 336.2789318650891914 ) ;
#369 = CARTESIAN_POINT ( 'NONE',  ( 49.99999999999993605, 175.0713914361802210, 50.33831339331585042 ) ) ;
#370 = DIRECTION ( 'NONE',  ( 0.000000000000000000, 0.000000000000000000, 1.000000000000000000 ) ) ;
#371 = EDGE_CURVE ( 'NONE', #1977, #2584, #1396, .T. ) ;
#372 = ORIENTED_EDGE ( 'NONE', *, *, #599, .T. ) ;
#373 = LINE ( 'NONE', #1206, #415 ) ;
#374 = CARTESIAN_POINT ( 'NONE',  ( -40.00000000000000711, 178.4980634015594489, 182.4792592638011115 ) ) ;
#375 = CARTESIAN_POINT ( 'NONE',  ( 37.64446116909692819, 99.74332788259918914, 91.63050028898537391 ) ) ;
#376 = DIRECTION ( 'NONE',  ( 0.3345402836918670575, -0.8270494922786144620, -0.4517432189962025668 ) ) ;
#377 = FACE_OUTER_BOUND ( 'NONE', #530, .T. ) ;
#378 = CARTESIAN_POINT ( 'NONE',  ( 40.00000000000000000, 76.96627919540954110, -3.352538120049124437 ) ) ;
#379 = DIRECTION ( 'NONE',  ( -1.000000000000000000, 0.000000000000000000, 0.000000000000000000 ) ) ;
#380 = CARTESIAN_POINT ( 'NONE',  ( 49.12162577770298810, 170.7790440134101857, 44.90508887528508097 ) ) ;
#381 = DIRECTION ( 'NONE',  ( -1.000000000000000000, -0.000000000000000000, -0.000000000000000000 ) ) ;
#382 = VECTOR ( 'NONE', #1150, 1000.000000000000000 ) ;
#383 = ADVANCED_FACE ( 'NONE', ( #1001 ), #1826, .T. ) ;
#384 = CIRCLE ( 'NONE', #1854, 72.50000000000000000 ) ;
#385 = DATE_TIME_ROLE ( 'creation_date' ) ;
#386 = EDGE_CURVE ( 'NONE', #1907, #1155, #624, .T. ) ;
#387 = ORIENTED_EDGE ( 'NONE', *, *, #1461, .T. ) ;
#388 = DIRECTION ( 'NONE',  ( -1.000000000000000000, 0.000000000000000000, 0.000000000000000000 ) ) ;
#389 = CARTESIAN_POINT ( 'NONE',  ( 42.00000000000000000, 282.6556856985978925, 190.3143138997207586 ) ) ;
#390 = CARTESIAN_POINT ( 'NONE',  ( 36.69962195005442140, 99.35831739029877951, 90.72774514823075265 ) ) ;
#391 = CIRCLE ( 'NONE', #2121, 413.7470125719109433 ) ;
#392 = CARTESIAN_POINT ( 'NONE',  ( 40.31180119480377755, 53.20070608357141140, 53.94032875655574344 ) ) ;
#393 = CARTESIAN_POINT ( 'NONE',  ( -40.00000000000000000, 285.8559153747575579, 202.5286263494805610 ) ) ;
#394 = CARTESIAN_POINT ( 'NONE',  ( 42.00000000000000000, -93.35760335989121472, 362.9428076763803119 ) ) ;
#395 = ORIENTED_EDGE ( 'NONE', *, *, #2076, .T. ) ;
#396 = CARTESIAN_POINT ( 'NONE',  ( 40.00000000000000000, 137.7580866813987370, 31.16819194704186557 ) ) ;
#397 = CARTESIAN_POINT ( 'NONE',  ( -48.00000000000000000, 168.0771728319283795, 42.25846410826306254 ) ) ;
#398 = CARTESIAN_POINT ( 'NONE',  ( 40.54575004738285315, 52.52924094177192416, 53.82738666334957145 ) ) ;
#399 = CIRCLE ( 'NONE', #1902, 331.2789318650889641 ) ;
#400 = ORIENTED_EDGE ( 'NONE', *, *, #1904, .F. ) ;
#401 = APPROVAL_DATE_TIME ( #1632, #632 ) ;
#402 = VECTOR ( 'NONE', #2600, 1000.000000000000000 ) ;
#403 = CARTESIAN_POINT ( 'NONE',  ( -35.92640477893689877, 145.9693098551304615, 31.68989320503666463 ) ) ;
#404 = CARTESIAN_POINT ( 'NONE',  ( 37.50510711112406170, 99.66987777448056818, 91.46250058888195156 ) ) ;
#405 = ADVANCED_FACE ( 'NONE', ( #1422 ), #1652, .T. ) ;
#406 = CIRCLE ( 'NONE', #1910, 5.000000000000000888 ) ;
#407 = CARTESIAN_POINT ( 'NONE',  ( -50.00000000000000000, -111.6164071289441324, 352.2149077139166025 ) ) ;
#408 = CARTESIAN_POINT ( 'NONE',  ( -41.83771889565500857, 45.45034769820577480, 56.78520752547635908 ) ) ;
#409 = PLANE ( 'NONE',  #2347 ) ;
#410 = CIRCLE ( 'NONE', #1364, 5.000000000000004441 ) ;
#411 = CARTESIAN_POINT ( 'NONE',  ( -35.00000000000000711, 240.2185238326503054, 135.4815636633185534 ) ) ;
#412 = CARTESIAN_POINT ( 'NONE',  ( 48.12998797424543085, 168.1375911425818970, 42.31307658477121691 ) ) ;
#413 = CARTESIAN_POINT ( 'NONE',  ( 50.00000000000000000, 238.7438782090230802, 255.8157196516979184 ) ) ;
#414 = ORIENTED_EDGE ( 'NONE', *, *, #2505, .F. ) ;
#415 = VECTOR ( 'NONE', #2018, 1000.000000000000000 ) ;
#416 = B_SPLINE_CURVE_WITH_KNOTS ( 'NONE', 3,
 ( #2445, #199, #817, #2459, #1271, #1257, #1051, #19, #531, #301, #693, #1320, #1747, #933, #2338, #2392 ),
 .UNSPECIFIED., .F., .F.,
 ( 4, 2, 2, 2, 2, 2, 2, 4 ),
 ( -2.019126464931842775E-05, 0.001357715641285785983, 0.002735622547220890616, 0.005491436359091089042, 0.006869343265026201482, 0.008247250170961312188, 0.009625157076896423761, 0.01100306398283153533 ),
 .UNSPECIFIED. ) ;
#417 = ORIENTED_EDGE ( 'NONE', *, *, #1299, .T. ) ;
#418 = CARTESIAN_POINT ( 'NONE',  ( -37.28931581518912708, 144.9769513577661257, 31.54316300749641755 ) ) ;
#419 = CARTESIAN_POINT ( 'NONE',  ( 41.72285562331347819, 249.0523802426857003, 130.6880963625866912 ) ) ;
#420 = ORIENTED_EDGE ( 'NONE', *, *, #2316, .T. ) ;
#421 = ADVANCED_FACE ( 'NONE', ( #800 ), #229, .F. ) ;
#422 = CARTESIAN_POINT ( 'NONE',  ( 39.59206945720246296, 153.9873982375905541, 33.76114864169275620 ) ) ;
#423 = CARTESIAN_POINT ( 'NONE',  ( -41.45091499021360448, 168.3014141951973954, 42.46211461858671044 ) ) ;
#424 = DIRECTION ( 'NONE',  ( 1.000000000000000000, -0.000000000000000000, -0.000000000000000000 ) ) ;
#425 = CARTESIAN_POINT ( 'NONE',  ( 35.00000000000000000, 174.2476622861870226, 175.1125253647565216 ) ) ;
#426 = DIRECTION ( 'NONE',  ( 0.000000000000000000, 0.000000000000000000, 1.000000000000000000 ) ) ;
#427 = VERTEX_POINT ( 'NONE', #816 ) ;
#428 = B_SPLINE_CURVE_WITH_KNOTS ( 'NONE', 3,
 ( #12, #1677, #1045, #2244, #1059, #640 ),
 .UNSPECIFIED., .F., .F.,
 ( 4, 2, 4 ),
 ( 0.000000000000000000, 0.001983062642371077617, 0.003966125284742155234 ),
 .UNSPECIFIED. ) ;
#429 = CARTESIAN_POINT ( 'NONE',  ( -35.00000000000000711, 52.70245586905238611, 58.81614957174335245 ) ) ;
#430 = DIRECTION ( 'NONE',  ( -1.000000000000000000, -0.000000000000000000, -0.000000000000000000 ) ) ;
#431 = LINE ( 'NONE', #252, #2001 ) ;
#432 = ORIENTED_EDGE ( 'NONE', *, *, #1578, .F. ) ;
#433 = DIRECTION ( 'NONE',  ( -1.000000000000000000, -0.000000000000000000, -0.000000000000000000 ) ) ;
#434 = DIRECTION ( 'NONE',  ( 0.000000000000000000, 0.000000000000000000, 1.000000000000000000 ) ) ;
#435 = DIRECTION ( 'NONE',  ( 0.000000000000000000, 0.000000000000000000, -1.000000000000000000 ) ) ;
#436 = CC_DESIGN_PERSON_AND_ORGANIZATION_ASSIGNMENT ( #978, #1804, ( #1672 ) ) ;
#437 = FACE_OUTER_BOUND ( 'NONE', #1871, .T. ) ;
#438 = CARTESIAN_POINT ( 'NONE',  ( -35.00000000000000711, 174.2476622861870226, 175.1125253647565216 ) ) ;
#439 = CARTESIAN_POINT ( 'NONE',  ( 40.98513771994206678, 48.28698103338732039, 56.36283094615177447 ) ) ;
#440 = EDGE_CURVE ( 'NONE', #846, #1971, #140, .T. ) ;
#441 = ORIENTED_EDGE ( 'NONE', *, *, #2381, .F. ) ;
#442 = CYLINDRICAL_SURFACE ( 'NONE', #1273, 5.000000000000004441 ) ;
#443 = B_SPLINE_CURVE_WITH_KNOTS ( 'NONE', 3,
 ( #1342, #942, #2596, #1142 ),
 .UNSPECIFIED., .F., .F.,
 ( 4, 4 ),
 ( 0.000000000000000000, 0.002035581208345164320 ),
 .UNSPECIFIED. ) ;
#444 = CARTESIAN_POINT ( 'NONE',  ( -35.05339243187387410, 51.64143596768531097, 58.22383715123540071 ) ) ;
#445 = CARTESIAN_POINT ( 'NONE',  ( -38.02435643230112561, 99.98140075832314722, 92.16168924810114049 ) ) ;
#446 = ORIENTED_EDGE ( 'NONE', *, *, #2035, .T. ) ;
#447 = CARTESIAN_POINT ( 'NONE',  ( 36.09463914883647817, 99.04498457152428159, 89.94783005893771133 ) ) ;
#448 = CARTESIAN_POINT ( 'NONE',  ( 40.50099174225405108, 75.09320135907279337, -5.150408527984052576 ) ) ;
#449 = FACE_OUTER_BOUND ( 'NONE', #866, .T. ) ;
#450 = ORGANIZATION ( 'UNSPECIFIED', 'UNSPECIFIED', '' ) ;
#451 = DIRECTION ( 'NONE',  ( 0.000000000000000000, -0.8262008555001425503, 0.5633756707303153588 ) ) ;
#452 = DIRECTION ( 'NONE',  ( 1.000000000000000000, -0.000000000000000000, -0.000000000000000000 ) ) ;
#453 = ORIENTED_EDGE ( 'NONE', *, *, #1119, .T. ) ;
#454 = FACE_OUTER_BOUND ( 'NONE', #501, .T. ) ;
#455 = CIRCLE ( 'NONE', #1447, 331.2789318650889641 ) ;
#456 = ADVANCED_FACE ( 'NONE', ( #1695 ), #2036, .T. ) ;
#457 = CIRCLE ( 'NONE', #970, 10.00000000000000888 ) ;
#458 = DIRECTION ( 'NONE',  ( -1.000000000000000000, -0.000000000000000000, -0.000000000000000000 ) ) ;
#459 = FACE_OUTER_BOUND ( 'NONE', #1912, .T. ) ;
#460 = CARTESIAN_POINT ( 'NONE',  ( 34.99999999999999289, 79.56111266485554268, -7.426248718476159638 ) ) ;
#461 = VERTEX_POINT ( 'NONE', #251 ) ;
#462 = CARTESIAN_POINT ( 'NONE',  ( -40.74882928947376826, 74.66056995770729543, -5.568949816106480988 ) ) ;
#463 = CARTESIAN_POINT ( 'NONE',  ( 35.00000000000000000, 248.4805323876517207, 129.8478069560154040 ) ) ;
#464 = CARTESIAN_POINT ( 'NONE',  ( 39.88392503441735215, 46.43062857983434810, 56.53515211524169359 ) ) ;
#465 = EDGE_LOOP ( 'NONE', ( #387, #1128, #299, #1327, #1330, #310, #2568 ) ) ;
#466 = LINE ( 'NONE', #1296, #99 ) ;
#467 = SHAPE_DEFINITION_REPRESENTATION ( #2342, #1572 ) ;
#468 = DIRECTION ( 'NONE',  ( 0.000000000000000000, 0.4886385896572112975, -0.8724862914096767064 ) ) ;
#469 = EDGE_CURVE ( 'NONE', #2584, #1689, #658, .T. ) ;
#470 = AXIS2_PLACEMENT_3D ( 'NONE', #2408, #559, #979 ) ;
#471 = DIRECTION ( 'NONE',  ( -1.000000000000000000, -0.000000000000000000, -0.000000000000000000 ) ) ;
#472 = DIRECTION ( 'NONE',  ( -1.000000000000000000, -0.000000000000000000, -0.000000000000000000 ) ) ;
#473 = AXIS2_PLACEMENT_3D ( 'NONE', #2277, #2013, #426 ) ;
#474 = CARTESIAN_POINT ( 'NONE',  ( 39.94393168883295431, 249.4057514303989365, 134.2925825946796010 ) ) ;
#475 = ORIENTED_EDGE ( 'NONE', *, *, #2384, .F. ) ;
#476 = CARTESIAN_POINT ( 'NONE',  ( -37.45052504296246809, 147.6014844074141195, 31.98150355258033528 ) ) ;
#477 = DIRECTION ( 'NONE',  ( 0.000000000000000000, 0.000000000000000000, -1.000000000000000000 ) ) ;
#478 = ORIENTED_EDGE ( 'NONE', *, *, #2143, .F. ) ;
#479 = CARTESIAN_POINT ( 'NONE',  ( -44.27098252307513349, 71.52947258982770506, -12.13159645020701305 ) ) ;
#480 = CARTESIAN_POINT ( 'NONE',  ( 48.00000000000000000, 44.14230604075893893, 57.51266658227539352 ) ) ;
#481 = AXIS2_PLACEMENT_3D ( 'NONE', #1228, #1064, #1472 ) ;
#482 = DIRECTION ( 'NONE',  ( 0.000000000000000000, -0.5511568635859064313, -0.8344016489210376308 ) ) ;
#483 = EDGE_LOOP ( 'NONE', ( #2194, #62, #2409, #1786, #16, #609 ) ) ;
#484 = ORIENTED_EDGE ( 'NONE', *, *, #2105, .F. ) ;
#485 = CARTESIAN_POINT ( 'NONE',  ( -40.32466320937609083, 74.53480994319984632, -9.427254471458947904 ) ) ;
#486 = ADVANCED_FACE ( 'NONE', ( #454 ), #1655, .T. ) ;
#487 = CARTESIAN_POINT ( 'NONE',  ( -39.94083967031799887, 173.4601147151923612, 48.08932941391386606 ) ) ;
#488 = AXIS2_PLACEMENT_3D ( 'NONE', #2046, #198, #854 ) ;
#489 = VERTEX_POINT ( 'NONE', #1049 ) ;
#490 = PLANE ( 'NONE',  #1989 ) ;
#491 = CARTESIAN_POINT ( 'NONE',  ( -37.82946366940523575, 148.1601968627467443, 32.09633263702435357 ) ) ;
#492 = CARTESIAN_POINT ( 'NONE',  ( 44.07963728505318812, 44.48299305841889151, 57.25118139142368534 ) ) ;
#493 = CARTESIAN_POINT ( 'NONE',  ( 42.64180536798378540, 72.53083069430665830, -9.002446947292670032 ) ) ;
#494 = CIRCLE ( 'NONE', #2599, 47.46982847996938659 ) ;
#495 = CARTESIAN_POINT ( 'NONE',  ( 39.16095720622070075, 72.54789361247013346, -11.00385303575847296 ) ) ;
#496 = AXIS2_PLACEMENT_3D ( 'NONE', #1409, #2662, #821 ) ;
#497 = ORIENTED_EDGE ( 'NONE', *, *, #2093, .T. ) ;
#498 = ORIENTED_EDGE ( 'NONE', *, *, #2606, .T. ) ;
#499 = PLANE ( 'NONE',  #2307 ) ;
#500 = CARTESIAN_POINT ( 'NONE',  ( -40.06481218989284798, 76.48190522131343982, -3.815649567567381162 ) ) ;
#501 = EDGE_LOOP ( 'NONE', ( #2190, #908, #2432, #1657, #497, #1287, #1507, #32, #2117 ) ) ;
#502 = EDGE_CURVE ( 'NONE', #2097, #1022, #2640, .T. ) ;
#503 = CARTESIAN_POINT ( 'NONE',  ( -35.62360238960755510, 49.58342023564560463, 57.09097497726062187 ) ) ;
#504 = CARTESIAN_POINT ( 'NONE',  ( 43.42268952867547682, 71.39790816343266044, -12.84494138598483204 ) ) ;
#505 = CARTESIAN_POINT ( 'NONE',  ( -40.04570291320307263, 49.97712186963117631, 56.92688378393501836 ) ) ;
#506 = CARTESIAN_POINT ( 'NONE',  ( 35.26126567799762768, 50.60240067167385547, 57.64924218538237710 ) ) ;
#507 = B_SPLINE_CURVE_WITH_KNOTS ( 'NONE', 3,
 ( #556, #935, #1385, #355, #2157, #1999 ),
 .UNSPECIFIED., .F., .F.,
 ( 4, 2, 4 ),
 ( 0.000000000000000000, 0.001809246431821817701, 0.003618492863643635402 ),
 .UNSPECIFIED. ) ;
#508 = ADVANCED_FACE ( 'NONE', ( #2290 ), #442, .T. ) ;
#509 = CARTESIAN_POINT ( 'NONE',  ( -36.73230264948779933, 145.4845978804579829, 31.61555799248456822 ) ) ;
#510 = CARTESIAN_POINT ( 'NONE',  ( 43.51883529809284568, 71.39411329461314892, -12.88943979283936869 ) ) ;
#511 = ORIENTED_EDGE ( 'NONE', *, *, #308, .F. ) ;
#512 = ORIENTED_EDGE ( 'NONE', *, *, #2109, .T. ) ;
#513 = CARTESIAN_POINT ( 'NONE',  ( -43.81127845392487785, 71.52601497026822130, -12.43341014783330856 ) ) ;
#514 = CARTESIAN_POINT ( 'NONE',  ( -35.00000000000000711, 79.56111266485557110, -7.426248718476212929 ) ) ;
#515 = ORIENTED_EDGE ( 'NONE', *, *, #2537, .T. ) ;
#516 = CARTESIAN_POINT ( 'NONE',  ( -36.02887974897531365, 49.12447964348774576, 56.86422592055135539 ) ) ;
#517 = CARTESIAN_POINT ( 'NONE',  ( 41.44649622161212221, 73.05521334351948326, -10.32968045690702574 ) ) ;
#518 = CARTESIAN_POINT ( 'NONE',  ( -43.19859372818529408, 47.15246376297677955, 55.50674013057348333 ) ) ;
#519 = CARTESIAN_POINT ( 'NONE',  ( -41.92150499659658180, 250.7513657549905872, 133.2111489727633113 ) ) ;
#520 = B_SPLINE_CURVE_WITH_KNOTS ( 'NONE', 3,
 ( #2033, #1995, #2419, #350, #360, #183, #143, #1010, #2051, #573, #968, #2634, #1194, #1404, #1797, #2610, #2007, #158, #1834, #1807 ),
 .UNSPECIFIED., .F., .F.,
 ( 4, 2, 2, 2, 2, 2, 2, 2, 2, 4 ),
 ( 0.000000000000000000, 0.002462457279983171123, 0.004924914559966342247, 0.007387371839949512936, 0.008618600479941096112, 0.009234214799936878160, 0.009542021959934744030, 0.009695925539933697782, 0.009772877329933175525, 0.009849829119932651533 ),
 .UNSPECIFIED. ) ;
#521 = CARTESIAN_POINT ( 'NONE',  ( -39.80204015058023259, 247.8956606509336780, 131.5581657890301130 ) ) ;
#522 = EDGE_CURVE ( 'NONE', #891, #927, #1644, .T. ) ;
#523 = AXIS2_PLACEMENT_3D ( 'NONE', #2184, #332, #1774 ) ;
#524 = DIRECTION ( 'NONE',  ( 0.000000000000000000, 0.000000000000000000, -1.000000000000000000 ) ) ;
#525 = ORIENTED_EDGE ( 'NONE', *, *, #1065, .T. ) ;
#526 = EDGE_LOOP ( 'NONE', ( #862, #1521, #2330, #1654 ) ) ;
#527 = CARTESIAN_POINT ( 'NONE',  ( -35.00000000000000711, 242.7892356496569732, 139.7700879729036103 ) ) ;
#528 = DIRECTION ( 'NONE',  ( 0.000000000000000000, 0.000000000000000000, -1.000000000000000000 ) ) ;
#529 = ORIENTED_EDGE ( 'NONE', *, *, #2588, .F. ) ;
#530 = EDGE_LOOP ( 'NONE', ( #117, #2090, #613, #274 ) ) ;
#531 = CARTESIAN_POINT ( 'NONE',  ( -42.14246971315506585, 49.08586420798405925, 54.55932616392119883 ) ) ;
#532 = CARTESIAN_POINT ( 'NONE',  ( -39.85707772467228693, 50.84201997508358772, 57.67690428368176470 ) ) ;
#533 = CARTESIAN_POINT ( 'NONE',  ( -41.93637570314709251, 282.6638693003084200, 190.3342396589355587 ) ) ;
#534 = AXIS2_PLACEMENT_3D ( 'NONE', #1256, #2496, #45 ) ;
#535 = FACE_OUTER_BOUND ( 'NONE', #1218, .T. ) ;
#536 = EDGE_CURVE ( 'NONE', #340, #1487, #466, .T. ) ;
#537 = CARTESIAN_POINT ( 'NONE',  ( -39.88486809847622538, 50.91101361286131066, 57.81612058383016972 ) ) ;
#538 = AXIS2_PLACEMENT_3D ( 'NONE', #1879, #257, #10 ) ;
#539 = ORIENTED_EDGE ( 'NONE', *, *, #2636, .F. ) ;
#540 = CARTESIAN_POINT ( 'NONE',  ( -43.43596716716426442, 71.97451026421957465, -10.51341026870723638 ) ) ;
#541 = DIRECTION ( 'NONE',  ( 0.000000000000000000, -0.8262008555001451038, 0.5633756707303115840 ) ) ;
#542 = VERTEX_POINT ( 'NONE', #2118 ) ;
#543 = CIRCLE ( 'NONE', #149, 4.999999999999997335 ) ;
#544 = CARTESIAN_POINT ( 'NONE',  ( 48.00000000000000000, 71.22053895410535063, -13.56041411929451002 ) ) ;
#545 = CARTESIAN_POINT ( 'NONE',  ( 40.00000000000000000, 13.79073283155651808, 213.2387070075907900 ) ) ;
#546 = CARTESIAN_POINT ( 'NONE',  ( -38.07250465644720805, 47.50481122828287539, 56.48322379096116208 ) ) ;
#547 = CARTESIAN_POINT ( 'NONE',  ( -41.87097029543308935, 282.6929883067916194, 190.4054013275791988 ) ) ;
#548 = DIRECTION ( 'NONE',  ( 1.000000000000000000, 0.000000000000000000, 0.000000000000000000 ) ) ;
#549 = DIRECTION ( 'NONE',  ( 1.000000000000000000, -0.000000000000000000, -0.000000000000000000 ) ) ;
#550 = ORIENTED_EDGE ( 'NONE', *, *, #2035, .F. ) ;
#551 = CARTESIAN_POINT ( 'NONE',  ( -36.48794809869873745, 98.96904158209800073, 89.75201553475062610 ) ) ;
#552 = CARTESIAN_POINT ( 'NONE',  ( -35.00000000000000711, 99.13169473403918630, 90.16766468801777989 ) ) ;
#553 = EDGE_CURVE ( 'NONE', #542, #740, #1304, .T. ) ;
#554 = CARTESIAN_POINT ( 'NONE',  ( -39.79157423757395406, -93.35760335989121472, 362.9428076763803119 ) ) ;
#555 = FACE_OUTER_BOUND ( 'NONE', #2447, .T. ) ;
#556 = CARTESIAN_POINT ( 'NONE',  ( 35.62360238960755510, 49.58342023564560463, 57.09097497726062187 ) ) ;
#557 = DIRECTION ( 'NONE',  ( 1.000000000000000000, 0.000000000000000000, 0.000000000000000000 ) ) ;
#558 = CYLINDRICAL_SURFACE ( 'NONE', #618, 408.7470125719128191 ) ;
#559 = DIRECTION ( 'NONE',  ( 1.000000000000000000, 0.000000000000000000, 0.000000000000000000 ) ) ;
#560 = EDGE_LOOP ( 'NONE', ( #1094, #1923, #484, #1724 ) ) ;
#561 = DIRECTION ( 'NONE',  ( -1.000000000000000000, 0.000000000000000000, 0.000000000000000000 ) ) ;
#562 = CARTESIAN_POINT ( 'NONE',  ( 39.89121547369182963, 104.2808385676326566, 99.55857802888175456 ) ) ;
#563 = EDGE_CURVE ( 'NONE', #2179, #1005, #1612, .T. ) ;
#564 = CARTESIAN_POINT ( 'NONE',  ( 41.16346336150653684, 51.07018049795426151, 53.94144937434685261 ) ) ;
#565 = DIRECTION ( 'NONE',  ( 0.000000000000000000, 0.000000000000000000, -1.000000000000000000 ) ) ;
#566 = CYLINDRICAL_SURFACE ( 'NONE', #923, 413.7470125719109433 ) ;
#567 =( BOUNDED_SURFACE ( )  B_SPLINE_SURFACE ( 3, 2, ( 
 ( #2141, #1464, #2284 ),
 ( #246, #1889, #1097 ),
 ( #2295, #1290, #651 ),
 ( #1264, #1701, #1071 ),
 ( #2085, #1901, #28 ),
 ( #474, #66, #2490 ),
 ( #232, #677, #1057 ),
 ( #1676, #1303, #1479 ) ),
 .UNSPECIFIED., .F., .F., .T. ) 
 B_SPLINE_SURFACE_WITH_KNOTS ( ( 4, 2, 2, 4 ),
 ( 3, 3 ),
 ( 0.000000000000000000, 0.001516543415891056156, 0.003033086831782112313, 0.006066173663564224626 ),
 ( 0.000000000000000000, 1.000000000000000000 ),
 .UNSPECIFIED. ) 
 GEOMETRIC_REPRESENTATION_ITEM ( )  RATIONAL_B_SPLINE_SURFACE ( (
 ( 1.000000000000000000, 0.8017837257373515714, 1.000000000000000000),
 ( 1.000000000000000000, 0.8018020047714168319, 1.000000000000000000),
 ( 1.000000000000000000, 0.7991212591921069697, 1.000000000000000000),
 ( 1.000000000000000000, 0.7891386639260177249, 1.000000000000000000),
 ( 1.000000000000000000, 0.7818443805260369972, 1.000000000000000000),
 ( 1.000000000000000000, 0.7552570488065470933, 1.000000000000000000),
 ( 1.000000000000000000, 0.7314391253894564349, 1.000000000000000000),
 ( 1.000000000000000000, 0.7071067811865475727, 1.000000000000000000) ) ) 
 REPRESENTATION_ITEM ( '' )  SURFACE ( )  );
#568 = CARTESIAN_POINT ( 'NONE',  ( -40.00000000000000000, -111.6164071289441324, 352.2149077139166025 ) ) ;
#569 = FACE_OUTER_BOUND ( 'NONE', #2657, .T. ) ;
#570 = AXIS2_PLACEMENT_3D ( 'NONE', #2454, #610, #2466 ) ;
#571 = CIRCLE ( 'NONE', #1485, 43.10768710432624573 ) ;
#572 = VERTEX_POINT ( 'NONE', #1918 ) ;
#573 = CARTESIAN_POINT ( 'NONE',  ( 41.25154853539952882, 168.7276500932528052, 42.85702522949635807 ) ) ;
#574 = CARTESIAN_POINT ( 'NONE',  ( 40.39596488035721222, 284.9126774852566086, 197.2570590731937443 ) ) ;
#575 = CARTESIAN_POINT ( 'NONE',  ( 35.45846616762819536, 99.14363086927465929, 90.19782091309383532 ) ) ;
#576 = VECTOR ( 'NONE', #2360, 1000.000000000000000 ) ;
#577 = CARTESIAN_POINT ( 'NONE',  ( 44.89766218116869112, 44.30505825678158516, 57.38775048021626901 ) ) ;
#578 = CARTESIAN_POINT ( 'NONE',  ( 40.00000000000000000, 178.4980634015594489, 177.4792592638011115 ) ) ;
#579 = CARTESIAN_POINT ( 'NONE',  ( 40.49659979854862968, 75.10086804546840256, -5.142991533731831488 ) ) ;
#580 = CIRCLE ( 'NONE', #1498, 10.00000000000000888 ) ;
#581 = ADVANCED_FACE ( 'NONE', ( #1535 ), #1143, .T. ) ;
#582 = PLANE ( 'NONE',  #1224 ) ;
#583 = VECTOR ( 'NONE', #262, 1000.000000000000000 ) ;
#584 = CARTESIAN_POINT ( 'NONE',  ( 35.00000000000000000, 242.7892356496569732, 139.7700879729036103 ) ) ;
#585 = DIRECTION ( 'NONE',  ( 0.000000000000000000, 0.000000000000000000, -1.000000000000000000 ) ) ;
#586 = ADVANCED_FACE ( 'NONE', ( #664 ), #1138, .T. ) ;
#587 = PERSON_AND_ORGANIZATION ( #2049, #450 ) ;
#588 = ORIENTED_EDGE ( 'NONE', *, *, #2218, .F. ) ;
#589 = CARTESIAN_POINT ( 'NONE',  ( -35.37916298264175907, 146.1286936365646341, 31.71560806031152069 ) ) ;
#590 = CARTESIAN_POINT ( 'NONE',  ( 40.00490421328989044, 107.7062749761129510, 103.7550444982508964 ) ) ;
#591 = CARTESIAN_POINT ( 'NONE',  ( 35.23158009398208179, 146.1529399364837900, 31.71958998725344614 ) ) ;
#592 = CARTESIAN_POINT ( 'NONE',  ( 35.00000000000000000, -111.6164071289371975, 352.2149077139229689 ) ) ;
#593 = DIRECTION ( 'NONE',  ( 0.000000000000000000, 0.000000000000000000, 1.000000000000000000 ) ) ;
#594 = CARTESIAN_POINT ( 'NONE',  ( 38.69701583549758084, 142.7918410082632192, 31.30265801711184537 ) ) ;
#595 = CARTESIAN_POINT ( 'NONE',  ( -50.00000000000000000, 168.0771728319283795, 42.25846410826306254 ) ) ;
#596 = CARTESIAN_POINT ( 'NONE',  ( 39.84804993612112867, 50.71745510009693447, 57.50779798264758824 ) ) ;
#597 = TOROIDAL_SURFACE ( 'NONE', #1597, 77.50000000000000000, 5.000000000000000000 ) ;
#598 = ORIENTED_EDGE ( 'NONE', *, *, #667, .T. ) ;
#599 = EDGE_CURVE ( 'NONE', #1745, #1957, #1343, .T. ) ;
#600 = CIRCLE ( 'NONE', #473, 43.10768710432624573 ) ;
#601 = CALENDAR_DATE ( 2026, 8, 5 ) ;
#602 = EDGE_LOOP ( 'NONE', ( #1243, #225, #254, #267 ) ) ;
#603 = CARTESIAN_POINT ( 'NONE',  ( -35.74594226847604261, 146.0373606773935364, 31.70083066494816393 ) ) ;
#604 = FACE_OUTER_BOUND ( 'NONE', #1246, .T. ) ;
#605 = CARTESIAN_POINT ( 'NONE',  ( 44.40988218419127520, 71.32863471027285129, -12.99268529211849099 ) ) ;
#606 = CARTESIAN_POINT ( 'NONE',  ( -45.00000000000000000, 44.14230604075896025, 57.51266658227542194 ) ) ;
#607 = CIRCLE ( 'NONE', #1522, 412.3184411433178411 ) ;
#608 = DIRECTION ( 'NONE',  ( -1.000000000000000000, 0.000000000000000000, 0.000000000000000000 ) ) ;
#609 = ORIENTED_EDGE ( 'NONE', *, *, #762, .T. ) ;
#610 = DIRECTION ( 'NONE',  ( -1.000000000000000000, -0.000000000000000000, -0.000000000000000000 ) ) ;
#611 = CARTESIAN_POINT ( 'NONE',  ( -40.00000000000000000, 136.8002873416259320, 31.22154590895522830 ) ) ;
#612 = DIRECTION ( 'NONE',  ( -1.000000000000000000, -0.000000000000000000, -0.000000000000000000 ) ) ;
#613 = ORIENTED_EDGE ( 'NONE', *, *, #2522, .F. ) ;
#614 = CARTESIAN_POINT ( 'NONE',  ( 50.00000000000000000, 194.8320707194497174, 226.3774684437355802 ) ) ;
#615 = EDGE_CURVE ( 'NONE', #981, #2097, #243, .T. ) ;
#616 = CARTESIAN_POINT ( 'NONE',  ( 40.74882928947373983, 74.66056995770735227, -5.568949816106485429 ) ) ;
#617 = CARTESIAN_POINT ( 'NONE',  ( 50.00000000000002132, 285.7238453664027702, 201.4590365452996537 ) ) ;
#618 = AXIS2_PLACEMENT_3D ( 'NONE', #963, #1617, #2200 ) ;
#619 = CIRCLE ( 'NONE', #623, 47.46982847996938659 ) ;
#620 = CARTESIAN_POINT ( 'NONE',  ( 35.00000000000000000, 178.4980634015594489, 172.4792592638011115 ) ) ;
#621 = FACE_OUTER_BOUND ( 'NONE', #2389, .T. ) ;
#622 = CARTESIAN_POINT ( 'NONE',  ( -41.65699981949220643, 168.0852319645752573, 42.26573463101707517 ) ) ;
#623 = AXIS2_PLACEMENT_3D ( 'NONE', #1564, #148, #974 ) ;
#624 = LINE ( 'NONE', #2258, #1527 ) ;
#625 = DIRECTION ( 'NONE',  ( 1.000000000000000000, -0.000000000000000000, -0.000000000000000000 ) ) ;
#626 = CARTESIAN_POINT ( 'NONE',  ( -35.00000000000000711, 79.56111266485557110, -7.426248718476212929 ) ) ;
#627 = ORIENTED_EDGE ( 'NONE', *, *, #793, .F. ) ;
#628 = CARTESIAN_POINT ( 'NONE',  ( -39.16092852591131646, 72.54790535888264458, -11.00384106936393991 ) ) ;
#629 = AXIS2_PLACEMENT_3D ( 'NONE', #2475, #1244, #1924 ) ;
#630 = CARTESIAN_POINT ( 'NONE',  ( 35.00000000000000000, 99.13169473403918630, 90.16766468801777989 ) ) ;
#631 = DIRECTION ( 'NONE',  ( -1.000000000000000000, -0.000000000000000000, -0.000000000000000000 ) ) ;
#632 = APPROVAL ( #2030, 'UNSPECIFIED' ) ;
#633 = CARTESIAN_POINT ( 'NONE',  ( -40.00000000000000000, 169.9972611708121804, 177.7457914657134381 ) ) ;
#634 = VERTEX_POINT ( 'NONE', #722 ) ;
#635 = CARTESIAN_POINT ( 'NONE',  ( -36.49765857894754362, 72.03583796739198419, -5.373170427560754803 ) ) ;
#636 = CARTESIAN_POINT ( 'NONE',  ( 36.00197489829488262, 74.92501753331114855, -9.556762243946463897 ) ) ;
#637 = EDGE_CURVE ( 'NONE', #103, #1708, #1935, .T. ) ;
#638 = CARTESIAN_POINT ( 'NONE',  ( -40.00000000000000000, 168.0771728319283795, 42.25846410826306254 ) ) ;
#639 = ORIENTED_EDGE ( 'NONE', *, *, #184, .F. ) ;
#640 = CARTESIAN_POINT ( 'NONE',  ( -40.74882928947376826, 74.66056995770729543, -5.568949816106480988 ) ) ;
#641 = CARTESIAN_POINT ( 'NONE',  ( -39.12330404906284542, 151.4318256359160273, 32.91763527872213047 ) ) ;
#642 = CARTESIAN_POINT ( 'NONE',  ( 40.04570291320307263, 49.97712186963117631, 56.92688378393501836 ) ) ;
#643 = ORIENTED_EDGE ( 'NONE', *, *, #1122, .F. ) ;
#644 =( BOUNDED_SURFACE ( )  B_SPLINE_SURFACE ( 3, 2, ( 
 ( #2562, #2616, #2396 ),
 ( #1565, #1134, #2187 ),
 ( #921, #2587, #1577 ),
 ( #1975, #747, #347 ),
 ( #1947, #723, #2605 ),
 ( #521, #1963, #960 ),
 ( #1350, #2173, #336 ),
 ( #320, #976, #126 ) ),
 .UNSPECIFIED., .F., .F., .F. ) 
 B_SPLINE_SURFACE_WITH_KNOTS ( ( 4, 2, 2, 4 ),
 ( 3, 3 ),
 ( 0.000000000000000000, 0.003033086831782139635, 0.004549630247673209019, 0.006066173663564279270 ),
 ( 0.000000000000000000, 1.000000000000000000 ),
 .UNSPECIFIED. ) 
 GEOMETRIC_REPRESENTATION_ITEM ( )  RATIONAL_B_SPLINE_SURFACE ( (
 ( 1.000000000000000000, 0.7071067811865475727, 1.000000000000000000),
 ( 1.000000000000000000, 0.7314391253908002488, 1.000000000000000000),
 ( 1.000000000000000000, 0.7552570488047504194, 1.000000000000000000),
 ( 1.000000000000000000, 0.7818443805269353897, 1.000000000000000000),
 ( 1.000000000000000000, 0.7891386639273346715, 1.000000000000000000),
 ( 1.000000000000000000, 0.7991212591907882468, 1.000000000000000000),
 ( 1.000000000000000000, 0.8018020047724070398, 1.000000000000000000),
 ( 1.000000000000000000, 0.8017837257373515714, 1.000000000000000000) ) ) 
 REPRESENTATION_ITEM ( '' )  SURFACE ( )  );
#645 = CARTESIAN_POINT ( 'NONE',  ( -37.12023638133643288, 73.60755947719802350, -10.17319691467074705 ) ) ;
#646 = B_SPLINE_CURVE_WITH_KNOTS ( 'NONE', 3,
 ( #1998, #1624, #2452, #364, #1419, #779 ),
 .UNSPECIFIED., .F., .F.,
 ( 4, 2, 4 ),
 ( 0.000000000000000000, 0.004784162874076218312, 0.009568325748152436624 ),
 .UNSPECIFIED. ) ;
#647 = CARTESIAN_POINT ( 'NONE',  ( -36.11397163522235587, 99.22338016127361016, 90.39710303861502894 ) ) ;
#648 = B_SPLINE_CURVE_WITH_KNOTS ( 'NONE', 3,
 ( #2460, #698, #72, #2066, #2341, #493, #1849, #2148, #293, #1121, #1937, #1734, #2547, #616 ),
 .UNSPECIFIED., .F., .F.,
 ( 4, 2, 2, 2, 2, 2, 4 ),
 ( -2.019126464554820617E-05, 0.002430095227265705125, 0.004880381719176958913, 0.006105524965132577350, 0.007330668211088194920, 0.008555811457043812490, 0.009780954702999430928 ),
 .UNSPECIFIED. ) ;
#649 = CARTESIAN_POINT ( 'NONE',  ( 38.44005035326031816, 149.3593520100618264, 32.36738217662626482 ) ) ;
#650 = CARTESIAN_POINT ( 'NONE',  ( 35.00000000124528299, 78.60674341905529161, -7.871826721681014050 ) ) ;
#651 = CARTESIAN_POINT ( 'NONE',  ( 41.72285621194200900, 249.0523891287529352, 130.6881094643450183 ) ) ;
#652 = EDGE_CURVE ( 'NONE', #1435, #1977, #1484, .T. ) ;
#653 = CARTESIAN_POINT ( 'NONE',  ( -36.67529221212478063, 146.7901323873406341, 31.82839611682285863 ) ) ;
#654 = CYLINDRICAL_SURFACE ( 'NONE', #840, 4.999999999999997335 ) ;
#655 = ORIENTED_EDGE ( 'NONE', *, *, #1079, .T. ) ;
#656 = CARTESIAN_POINT ( 'NONE',  ( 35.00000000000000000, -93.35760335989121472, 362.9428076763803119 ) ) ;
#657 = APPROVAL_DATE_TIME ( #2064, #151 ) ;
#658 = CIRCLE ( 'NONE', #2087, 408.7470125719127623 ) ;
#659 = CARTESIAN_POINT ( 'NONE',  ( -39.31695109378281217, 101.6221000903370850, 95.39379853038373369 ) ) ;
#660 = DIRECTION ( 'NONE',  ( 0.000000000000000000, 1.665334536937733233E-14, 1.000000000000000000 ) ) ;
#661 = CARTESIAN_POINT ( 'NONE',  ( -45.00000000000000000, 71.22053895410535063, -13.56041411929451002 ) ) ;
#662 = PRODUCT_DEFINITION_FORMATION_WITH_SPECIFIED_SOURCE ( 'ANY', '', #1672, .NOT_KNOWN. ) ;
#663 = ORIENTED_EDGE ( 'NONE', *, *, #1268, .T. ) ;
#664 = FACE_OUTER_BOUND ( 'NONE', #1643, .T. ) ;
#665 = CYLINDRICAL_SURFACE ( 'NONE', #1619, 336.2789318650891914 ) ;
#666 = CARTESIAN_POINT ( 'NONE',  ( -40.06290654899696335, 285.5560828143985077, 200.3992248637413525 ) ) ;
#667 = EDGE_CURVE ( 'NONE', #888, #931, #71, .T. ) ;
#668 = CIRCLE ( 'NONE', #2096, 4.999999999999991118 ) ;
#669 = ORIENTED_EDGE ( 'NONE', *, *, #366, .F. ) ;
#670 = B_SPLINE_CURVE_WITH_KNOTS ( 'NONE', 3,
 ( #2281, #1275, #1696, #1896, #1093, #1911, #686, #1286 ),
 .UNSPECIFIED., .F., .F.,
 ( 4, 2, 2, 4 ),
 ( 8.673617379884035472E-19, 0.003113698016457360461, 0.004670547024686060207, 0.006227396032914759086 ),
 .UNSPECIFIED. ) ;
#671 = DIRECTION ( 'NONE',  ( 1.000000000000000000, -0.000000000000000000, -0.000000000000000000 ) ) ;
#672 = ADVANCED_FACE ( 'NONE', ( #1165 ), #905, .F. ) ;
#673 = APPROVAL_STATUS ( 'not_yet_approved' ) ;
#674 = CARTESIAN_POINT ( 'NONE',  ( -39.95842760606877420, 105.3753987862737063, 101.0043868023749667 ) ) ;
#675 = CARTESIAN_POINT ( 'NONE',  ( 35.22750532531256340, 99.13169473403917209, 90.16766468801776568 ) ) ;
#676 = CARTESIAN_POINT ( 'NONE',  ( -48.79274998410797082, 283.5571102447680687, 192.6794368610371464 ) ) ;
#677 = CARTESIAN_POINT ( 'NONE',  ( 40.13358917098170053, 251.3861146161084719, 134.1653140651964691 ) ) ;
#678 = B_SPLINE_CURVE_WITH_KNOTS ( 'NONE', 3,
 ( #147, #1016, #809, #1852 ),
 .UNSPECIFIED., .F., .F.,
 ( 4, 4 ),
 ( 0.009058182061311825101, 0.01148595522268425206 ),
 .UNSPECIFIED. ) ;
#679 = VERTEX_POINT ( 'NONE', #374 ) ;
#680 = DIRECTION ( 'NONE',  ( 0.000000000000000000, 0.000000000000000000, -1.000000000000000000 ) ) ;
#681 = CARTESIAN_POINT ( 'NONE',  ( 43.17238886833555966, 44.85190150229837514, 57.03649001980313216 ) ) ;
#682 = ORIENTED_EDGE ( 'NONE', *, *, #652, .T. ) ;
#683 = PRODUCT_DEFINITION ( 'UNKNOWN', '', #662, #2619 ) ;
#684 = CARTESIAN_POINT ( 'NONE',  ( -40.00000000000000000, 240.2185238326503054, 135.4815636633185534 ) ) ;
#685 = EDGE_CURVE ( 'NONE', #326, #1917, #726, .T. ) ;
#686 = CARTESIAN_POINT ( 'NONE',  ( 36.24841206069440602, 74.50692641825429519, -9.744507366120018332 ) ) ;
#687 = ORIENTED_EDGE ( 'NONE', *, *, #88, .F. ) ;
#688 = EDGE_LOOP ( 'NONE', ( #441, #2580, #1308, #1048 ) ) ;
#689 = CARTESIAN_POINT ( 'NONE',  ( -41.31650597903016120, 73.82081570702975171, -6.557569712840660259 ) ) ;
#690 = CARTESIAN_POINT ( 'NONE',  ( 48.00000000000000000, 76.13230026128518091, -14.49561509303898887 ) ) ;
#691 = ORIENTED_EDGE ( 'NONE', *, *, #386, .T. ) ;
#692 = DIRECTION ( 'NONE',  ( 1.000000000000000000, 0.000000000000000000, 0.000000000000000000 ) ) ;
#693 = CARTESIAN_POINT ( 'NONE',  ( -41.54862349109698272, 50.25746274755032061, 54.14145263256704510 ) ) ;
#694 = DIRECTION ( 'NONE',  ( 0.000000000000000000, 0.000000000000000000, 1.000000000000000000 ) ) ;
#695 = AXIS2_PLACEMENT_3D ( 'NONE', #407, #984, #146 ) ;
#696 = FACE_OUTER_BOUND ( 'NONE', #1492, .T. ) ;
#697 = CARTESIAN_POINT ( 'NONE',  ( 40.00000000000000000, 174.2476622861870226, 175.1125253647565216 ) ) ;
#698 = CARTESIAN_POINT ( 'NONE',  ( 44.63542907909846491, 71.35724327015215351, -12.84243051049362805 ) ) ;
#699 = CARTESIAN_POINT ( 'NONE',  ( -35.62360238960756220, 49.58342023564563306, 57.09097497726057924 ) ) ;
#700 = ADVANCED_FACE ( 'NONE', ( #1392 ), #52, .F. ) ;
#701 = ORIENTED_EDGE ( 'NONE', *, *, #1133, .F. ) ;
#702 = ORIENTED_EDGE ( 'NONE', *, *, #1772, .T. ) ;
#703 = CARTESIAN_POINT ( 'NONE',  ( -41.87193433438009293, 71.69530804684329439, -12.16060067930393984 ) ) ;
#704 = CARTESIAN_POINT ( 'NONE',  ( 35.00000000000000000, 178.4980634015594489, 172.4792592638011115 ) ) ;
#705 = AXIS2_PLACEMENT_3D ( 'NONE', #1450, #255, #660 ) ;
#706 = ORIENTED_EDGE ( 'NONE', *, *, #109, .T. ) ;
#707 = CARTESIAN_POINT ( 'NONE',  ( 37.63301195748312011, 73.28865076495786468, -10.37700386656477747 ) ) ;
#708 = CARTESIAN_POINT ( 'NONE',  ( -40.52776757176496858, 46.09099485728753365, 56.59922423229637900 ) ) ;
#709 = CARTESIAN_POINT ( 'NONE',  ( -38.57976538163455160, 47.18660300908717886, 56.47905738105305318 ) ) ;
#710 = CARTESIAN_POINT ( 'NONE',  ( 48.00000000000000000, 0.000000000000000000, 72.50000000000000000 ) ) ;
#711 = AXIS2_PLACEMENT_3D ( 'NONE', #23, #2486, #1260 ) ;
#712 = CARTESIAN_POINT ( 'NONE',  ( 42.04295960185148573, 71.65828821826028161, -12.23548003257217864 ) ) ;
#713 = VERTEX_POINT ( 'NONE', #971 ) ;
#714 = ORIENTED_EDGE ( 'NONE', *, *, #1299, .F. ) ;
#715 = CARTESIAN_POINT ( 'NONE',  ( -40.63527859021382937, 74.01991883103985970, -9.663726636963685834 ) ) ;
#716 = CARTESIAN_POINT ( 'NONE',  ( -35.03191201455298653, 78.60953068582561798, -7.869404413915736640 ) ) ;
#717 = ORIENTED_EDGE ( 'NONE', *, *, #109, .F. ) ;
#718 = EDGE_CURVE ( 'NONE', #182, #340, #181, .T. ) ;
#719 = CARTESIAN_POINT ( 'NONE',  ( 42.14955788024838768, 72.43232838989504785, -10.93317206929486929 ) ) ;
#720 = CARTESIAN_POINT ( 'NONE',  ( -45.00000000000000000, 44.14230604075893893, 57.51266658227539352 ) ) ;
#721 = CARTESIAN_POINT ( 'NONE',  ( 41.70820393249884717, 248.4805323876502712, 129.8478069560163988 ) ) ;
#722 = CARTESIAN_POINT ( 'NONE',  ( -50.00000000000000000, 285.8559153747575579, 202.5286263494805610 ) ) ;
#723 = CARTESIAN_POINT ( 'NONE',  ( -40.22006957473267619, 249.6781425797954341, 131.6132583515131103 ) ) ;
#724 = CIRCLE ( 'NONE', #695, 331.2789318650889641 ) ;
#725 = CARTESIAN_POINT ( 'NONE',  ( -40.31180119480377755, 53.20070608357145403, 53.94032875655570081 ) ) ;
#726 = B_SPLINE_CURVE_WITH_KNOTS ( 'NONE', 3,
 ( #389, #2229, #185, #1011, #2622, #790, #1207, #2434, #776, #1835, #994, #2647, #2020, #1605, #2420, #574, #1405, #2598, #1607, #1185 ),
 .UNSPECIFIED., .F., .F.,
 ( 4, 2, 2, 2, 2, 2, 2, 2, 2, 4 ),
 ( 0.000000000000000000, 0.0001019588685238139868, 0.0002039177370476279736, 0.0004078354740953880572, 0.0008156709481909145670, 0.001631341896381961190, 0.003262683792764130980, 0.006525367585528418952, 0.009788051378292706925, 0.01305073517105699403 ),
 .UNSPECIFIED. ) ;
#727 = ORIENTED_EDGE ( 'NONE', *, *, #2367, .T. ) ;
#728 = CARTESIAN_POINT ( 'NONE',  ( -41.44649622161212221, 73.05521334351948326, -10.32968045690702574 ) ) ;
#729 = DIRECTION ( 'NONE',  ( -1.000000000000000000, 0.000000000000000000, 0.000000000000000000 ) ) ;
#730 = ORIENTED_EDGE ( 'NONE', *, *, #2439, .T. ) ;
#731 = ORIENTED_EDGE ( 'NONE', *, *, #2299, .F. ) ;
#732 = CARTESIAN_POINT ( 'NONE',  ( 39.89652307620301741, 75.77193081939066133, -9.176453185372412946 ) ) ;
#733 = CARTESIAN_POINT ( 'NONE',  ( -36.09150009547300897, 49.05812902626245631, 56.83429549247416901 ) ) ;
#734 = CARTESIAN_POINT ( 'NONE',  ( -41.70820393249886138, 248.7670433092020517, 130.2679805289883461 ) ) ;
#735 = EDGE_CURVE ( 'NONE', #2097, #870, #1983, .T. ) ;
#736 = DIRECTION ( 'NONE',  ( 0.000000000000000000, 0.000000000000000000, -1.000000000000000000 ) ) ;
#737 = TOROIDAL_SURFACE ( 'NONE', #481, 403.7470125719127623, 5.000000000000000000 ) ;
#738 = CARTESIAN_POINT ( 'NONE',  ( 40.23044316803544973, 72.15873950867606368, -11.45480231104169810 ) ) ;
#739 = VERTEX_POINT ( 'NONE', #2569 ) ;
#740 = VERTEX_POINT ( 'NONE', #2209 ) ;
#741 = CARTESIAN_POINT ( 'NONE',  ( 50.00000000000000000, 238.7438782090230802, 208.3458911717285389 ) ) ;
#742 = CARTESIAN_POINT ( 'NONE',  ( -35.99993967486737745, 74.92847037753351458, -9.555211733454727963 ) ) ;
#743 = EDGE_LOOP ( 'NONE', ( #2570, #2321, #826 ) ) ;
#744 = DIRECTION ( 'NONE',  ( 1.000000000000000000, 0.000000000000000000, 0.000000000000000000 ) ) ;
#745 = CARTESIAN_POINT ( 'NONE',  ( -39.25464164189503435, 46.77883899173764348, 56.49021834113999319 ) ) ;
#746 = CARTESIAN_POINT ( 'NONE',  ( 40.00000000000000000, 285.8559153747575579, 202.5286263494805610 ) ) ;
#747 = CARTESIAN_POINT ( 'NONE',  ( -40.21895222250627455, 249.9716966670129352, 132.0492125916702832 ) ) ;
#748 = VECTOR ( 'NONE', #1615, 1000.000000000000000 ) ;
#749 = ADVANCED_FACE ( 'NONE', ( #1795 ), #2019, .F. ) ;
#750 = PERSON_AND_ORGANIZATION_ROLE ( 'classification_officer' ) ;
#751 = AXIS2_PLACEMENT_3D ( 'NONE', #1671, #1862, #1080 ) ;
#752 = ORIENTED_EDGE ( 'NONE', *, *, #929, .F. ) ;
#753 = CARTESIAN_POINT ( 'NONE',  ( -39.19279883387024910, 97.77324210962979123, 86.19788346279153757 ) ) ;
#754 = DIRECTION ( 'NONE',  ( 0.000000000000000000, 0.000000000000000000, -1.000000000000000000 ) ) ;
#755 = ORIENTED_EDGE ( 'NONE', *, *, #189, .T. ) ;
#756 = CIRCLE ( 'NONE', #2604, 10.00000000000000888 ) ;
#757 = CARTESIAN_POINT ( 'NONE',  ( 39.93587896562494421, 249.3422557099347046, 134.1637514941599534 ) ) ;
#758 = CARTESIAN_POINT ( 'NONE',  ( -41.00115593070697884, 51.43578175715699530, 53.88802164859660593 ) ) ;
#759 = CARTESIAN_POINT ( 'NONE',  ( -41.70820393249885427, 248.4805323876502428, 129.8478069560164272 ) ) ;
#760 = DIRECTION ( 'NONE',  ( 0.000000000000000000, 0.000000000000000000, -1.000000000000000000 ) ) ;
#761 =( NAMED_UNIT ( * ) PLANE_ANGLE_UNIT ( ) SI_UNIT ( $, .RADIAN. ) );
#762 = EDGE_CURVE ( 'NONE', #1487, #1728, #391, .T. ) ;
#763 = VERTEX_POINT ( 'NONE', #1388 ) ;
#764 = CARTESIAN_POINT ( 'NONE',  ( -38.43110322571407522, 98.24771270834717996, 87.73461247263033158 ) ) ;
#765 = DIRECTION ( 'NONE',  ( 0.000000000000000000, 0.5141423634013350119, 0.8577048619170172250 ) ) ;
#766 = CARTESIAN_POINT ( 'NONE',  ( 40.45251943078274337, 52.76765976282842985, 53.83430662667660016 ) ) ;
#767 = CARTESIAN_POINT ( 'NONE',  ( 37.49913659446812630, 47.90079880897000209, 56.52688235045884824 ) ) ;
#768 = DIRECTION ( 'NONE',  ( 0.000000000000000000, 0.000000000000000000, 1.000000000000000000 ) ) ;
#769 = DIRECTION ( 'NONE',  ( 1.000000000000000000, -0.000000000000000000, -0.000000000000000000 ) ) ;
#770 = CYLINDRICAL_SURFACE ( 'NONE', #988, 43.10768710432624573 ) ;
#771 = AXIS2_PLACEMENT_3D ( 'NONE', #115, #2000, #936 ) ;
#772 = APPLICATION_PROTOCOL_DEFINITION ( 'international standard', 'config_control_design', 1994, #1348 ) ;
#773 = ORIENTED_EDGE ( 'NONE', *, *, #168, .F. ) ;
#774 = CARTESIAN_POINT ( 'NONE',  ( -35.00000000000000711, 99.13169473403918630, 90.16766468801777989 ) ) ;
#775 = EDGE_CURVE ( 'NONE', #2511, #90, #2377, .T. ) ;
#776 = CARTESIAN_POINT ( 'NONE',  ( 41.67671389809187588, 282.8679663900516630, 190.8397159679601884 ) ) ;
#777 = DIRECTION ( 'NONE',  ( 1.000000000000000000, 0.000000000000000000, 0.000000000000000000 ) ) ;
#778 = CARTESIAN_POINT ( 'NONE',  ( 36.10578401424427142, 146.4177775764183593, 31.76356525330034586 ) ) ;
#779 = CARTESIAN_POINT ( 'NONE',  ( -39.79157423749919076, 174.4242876965986682, 49.41552699879045463 ) ) ;
#780 = EDGE_CURVE ( 'NONE', #1453, #182, #292, .T. ) ;
#781 = CARTESIAN_POINT ( 'NONE',  ( -40.00000000000000000, 77.44588355361740639, -2.895707271036274122 ) ) ;
#782 = AXIS2_PLACEMENT_3D ( 'NONE', #2059, #1628, #1239 ) ;
#783 = CARTESIAN_POINT ( 'NONE',  ( 48.29186654822346014, 168.3619332769344510, 42.51753599663164351 ) ) ;
#784 = CARTESIAN_POINT ( 'NONE',  ( 40.21962662625136886, 49.57054339371808283, 56.71262684473646232 ) ) ;
#785 = AXIS2_PLACEMENT_3D ( 'NONE', #2168, #315, #900 ) ;
#786 = APPROVAL_PERSON_ORGANIZATION ( #1204, #1201, #1007 ) ;
#787 = COORDINATED_UNIVERSAL_TIME_OFFSET ( 1, 0, .AHEAD. ) ;
#788 = VERTEX_POINT ( 'NONE', #2415 ) ;
#789 = CARTESIAN_POINT ( 'NONE',  ( -35.19182050187011868, 146.1529399364831647, 31.71958998725303402 ) ) ;
#790 = CARTESIAN_POINT ( 'NONE',  ( 41.81864674335671594, 282.7266801901274107, 190.4880876061626793 ) ) ;
#791 = CARTESIAN_POINT ( 'NONE',  ( 35.90252148506826302, 99.18973248923015262, 90.31321523564112397 ) ) ;
#792 = AXIS2_PLACEMENT_3D ( 'NONE', #810, #365, #593 ) ;
#793 = EDGE_CURVE ( 'NONE', #891, #170, #1000, .T. ) ;
#794 = AXIS2_PLACEMENT_3D ( 'NONE', #2039, #190, #1853 ) ;
#795 = CARTESIAN_POINT ( 'NONE',  ( 37.59077899075177953, 147.7947299599040605, 32.02030467714331508 ) ) ;
#796 = CARTESIAN_POINT ( 'NONE',  ( -45.00000000000000000, 44.14230604075896025, 57.51266658227542194 ) ) ;
#797 = DIRECTION ( 'NONE',  ( 0.000000000000000000, 0.4793634453116855099, -0.8776164807584864169 ) ) ;
#798 = AXIS2_PLACEMENT_3D ( 'NONE', #1699, #2100, #1083 ) ;
#799 = ADVANCED_FACE ( 'NONE', ( #194 ), #2664, .F. ) ;
#800 = FACE_OUTER_BOUND ( 'NONE', #1035, .T. ) ;
#801 = CARTESIAN_POINT ( 'NONE',  ( 48.81362053728502559, 169.7565819854026756, 43.85400598541868078 ) ) ;
#802 = CARTESIAN_POINT ( 'NONE',  ( 36.09150009547300897, 49.05812902626245631, 56.83429549247416901 ) ) ;
#803 = ORIENTED_EDGE ( 'NONE', *, *, #88, .T. ) ;
#804 = CALENDAR_DATE ( 2026, 8, 5 ) ;
#805 = VERTEX_POINT ( 'NONE', #1200 ) ;
#806 = CARTESIAN_POINT ( 'NONE',  ( -40.00000000000000000, -93.35760335989121472, 362.9428076763803119 ) ) ;
#807 = CARTESIAN_POINT ( 'NONE',  ( 48.32230136334013082, 282.8668018092492389, 190.8367814960509179 ) ) ;
#808 = CARTESIAN_POINT ( 'NONE',  ( 43.97369978794853296, 45.81918549828296960, 56.31879959908377486 ) ) ;
#809 = CARTESIAN_POINT ( 'NONE',  ( -40.00000000000004263, 137.6100885698321576, 31.17643614316952494 ) ) ;
#810 = CARTESIAN_POINT ( 'NONE',  ( -50.00000000000000000, -93.35760335989121472, 362.9428076763803119 ) ) ;
#811 = CARTESIAN_POINT ( 'NONE',  ( 39.99999999999999289, 96.94204106307392976, 82.83717475511708983 ) ) ;
#812 = CARTESIAN_POINT ( 'NONE',  ( 49.93906516171174559, 174.5086657554974465, 49.51559065951835947 ) ) ;
#813 = DIRECTION ( 'NONE',  ( 1.000000000000000000, 0.000000000000000000, 0.000000000000000000 ) ) ;
#814 = EDGE_CURVE ( 'NONE', #2470, #1155, #399, .T. ) ;
#815 = ORIENTED_EDGE ( 'NONE', *, *, #1079, .F. ) ;
#816 = CARTESIAN_POINT ( 'NONE',  ( -40.00000000000000000, 96.78172186639960728, 81.95294374892252165 ) ) ;
#817 = CARTESIAN_POINT ( 'NONE',  ( -44.58874211806891452, 44.80190746344784003, 57.01791984748717823 ) ) ;
#818 = DIRECTION ( 'NONE',  ( -1.000000000000000000, -0.000000000000000000, -0.000000000000000000 ) ) ;
#819 = CARTESIAN_POINT ( 'NONE',  ( 40.00000000000000000, 108.9690948311045560, 105.0488280093045717 ) ) ;
#820 = DIRECTION ( 'NONE',  ( 0.000000000000000000, 0.000000000000000000, 1.000000000000000000 ) ) ;
#821 = DIRECTION ( 'NONE',  ( 0.000000000000000000, 0.000000000000000000, -1.000000000000000000 ) ) ;
#822 = DIRECTION ( 'NONE',  ( 0.000000000000000000, 0.000000000000000000, -1.000000000000000000 ) ) ;
#823 = CARTESIAN_POINT ( 'NONE',  ( 35.00000000000000000, 242.7892356496570301, 139.7700879729035819 ) ) ;
#824 = DIRECTION ( 'NONE',  ( -1.000000000000000000, -0.000000000000000000, -0.000000000000000000 ) ) ;
#825 = DIRECTION ( 'NONE',  ( -1.000000000000000000, -0.000000000000000000, -0.000000000000000000 ) ) ;
#826 = ORIENTED_EDGE ( 'NONE', *, *, #842, .T. ) ;
#827 = CC_DESIGN_PERSON_AND_ORGANIZATION_ASSIGNMENT ( #2048, #202, ( #662 ) ) ;
#828 = AXIS2_PLACEMENT_3D ( 'NONE', #26, #1698, #218 ) ;
#829 = EDGE_CURVE ( 'NONE', #103, #489, #1870, .T. ) ;
#830 = CARTESIAN_POINT ( 'NONE',  ( -39.36682279537425444, 141.0225049076774440, 31.19196666340152291 ) ) ;
#831 = CARTESIAN_POINT ( 'NONE',  ( -40.00000000000024869, 108.9690875659569116, 105.0488214534957478 ) ) ;
#832 = CARTESIAN_POINT ( 'NONE',  ( 39.94995940840855297, 158.9428353297492720, 35.93211636742405801 ) ) ;
#833 = CARTESIAN_POINT ( 'NONE',  ( 35.12612453723983919, 77.66992060047023472, -8.304721846888686088 ) ) ;
#834 = DIRECTION ( 'NONE',  ( 1.000000000000000000, 0.000000000000000000, 0.000000000000000000 ) ) ;
#835 = AXIS2_PLACEMENT_3D ( 'NONE', #1520, #834, #435 ) ;
#836 = DIRECTION ( 'NONE',  ( 1.000000000000000000, 0.000000000000000000, 0.000000000000000000 ) ) ;
#837 = DIRECTION ( 'NONE',  ( 0.000000000000000000, 0.000000000000000000, 1.000000000000000000 ) ) ;
#838 = FACE_OUTER_BOUND ( 'NONE', #1483, .T. ) ;
#839 = CIRCLE ( 'NONE', #331, 1.999999999999992673 ) ;
#840 = AXIS2_PLACEMENT_3D ( 'NONE', #2531, #43, #1680 ) ;
#841 = ORIENTED_EDGE ( 'NONE', *, *, #2285, .T. ) ;
#842 = EDGE_CURVE ( 'NONE', #1697, #1569, #1090, .T. ) ;
#843 = CARTESIAN_POINT ( 'NONE',  ( -35.41610407751506528, 50.08888143929964798, 57.36706325655724470 ) ) ;
#844 = CARTESIAN_POINT ( 'NONE',  ( -35.00000000000000711, 99.13169473403918630, 90.16766468801777989 ) ) ;
#845 = ADVANCED_FACE ( 'NONE', ( #2276 ), #953, .T. ) ;
#846 = VERTEX_POINT ( 'NONE', #611 ) ;
#847 = CARTESIAN_POINT ( 'NONE',  ( -40.00000000000000000, 55.14564881733890189, 54.45371811469560441 ) ) ;
#848 = CARTESIAN_POINT ( 'NONE',  ( 39.99999999999999289, 79.56111266485554268, -7.426248718476158750 ) ) ;
#849 = DIRECTION ( 'NONE',  ( 0.000000000000000000, 0.000000000000000000, 1.000000000000000000 ) ) ;
#850 = CARTESIAN_POINT ( 'NONE',  ( 39.60132223095709492, 97.43785648689714662, 84.96589615455205546 ) ) ;
#851 = DIRECTION ( 'NONE',  ( 1.000000000000000000, -0.000000000000000000, -0.000000000000000000 ) ) ;
#852 = CARTESIAN_POINT ( 'NONE',  ( 41.36710727846980973, 47.76973590851870455, 56.32942778288304453 ) ) ;
#853 = ORIENTED_EDGE ( 'NONE', *, *, #780, .F. ) ;
#854 = DIRECTION ( 'NONE',  ( 0.000000000000000000, -1.154915468902726772E-14, -1.000000000000000000 ) ) ;
#855 = B_SPLINE_CURVE_WITH_KNOTS ( 'NONE', 3,
 ( #1576, #1790, #519, #2394, #2602, #303, #734, #759 ),
 .UNSPECIFIED., .F., .F.,
 ( 4, 2, 2, 4 ),
 ( 0.000000000000000000, 0.003047785594136567106, 0.004571678391204850658, 0.006095571188273134211 ),
 .UNSPECIFIED. ) ;
#856 = CARTESIAN_POINT ( 'NONE',  ( -36.51354080625348075, 99.30789959324683025, 90.60494526133668103 ) ) ;
#857 = ORIENTED_EDGE ( 'NONE', *, *, #1334, .T. ) ;
#858 = EDGE_CURVE ( 'NONE', #182, #228, #2441, .T. ) ;
#859 = CARTESIAN_POINT ( 'NONE',  ( 50.00000000000000000, 238.7438782090230802, 255.8157196516979184 ) ) ;
#860 = CARTESIAN_POINT ( 'NONE',  ( 40.74882928947376115, 74.66056995770733806, -5.568949816106498751 ) ) ;
#861 = DIRECTION ( 'NONE',  ( 0.000000000000000000, 0.000000000000000000, -1.000000000000000000 ) ) ;
#862 = ORIENTED_EDGE ( 'NONE', *, *, #1368, .F. ) ;
#863 = ADVANCED_FACE ( 'NONE', ( #1423 ), #1438, .T. ) ;
#864 = CARTESIAN_POINT ( 'NONE',  ( 40.00000000000000000, 194.8320707194497174, 226.3774684437355802 ) ) ;
#865 = DIRECTION ( 'NONE',  ( 0.000000000000000000, 0.000000000000000000, -1.000000000000000000 ) ) ;
#866 = EDGE_LOOP ( 'NONE', ( #311, #296, #1314, #2315 ) ) ;
#867 = DIRECTION ( 'NONE',  ( 0.000000000000000000, -1.154368768340974009E-14, -1.000000000000000000 ) ) ;
#868 = CIRCLE ( 'NONE', #705, 5.000000000000004441 ) ;
#869 = DIRECTION ( 'NONE',  ( 1.000000000000000000, 0.000000000000000000, 0.000000000000000000 ) ) ;
#870 = VERTEX_POINT ( 'NONE', #1653 ) ;
#871 = CARTESIAN_POINT ( 'NONE',  ( -48.00000000000000000, 168.0771728319283795, 42.25846410826306254 ) ) ;
#872 = DIRECTION ( 'NONE',  ( 0.000000000000000000, 0.000000000000000000, 1.000000000000000000 ) ) ;
#873 = FACE_OUTER_BOUND ( 'NONE', #896, .T. ) ;
#874 = ORIENTED_EDGE ( 'NONE', *, *, #1135, .T. ) ;
#875 = CARTESIAN_POINT ( 'NONE',  ( 41.20428329878121332, 45.74898005357410113, 56.68275994023191799 ) ) ;
#876 = CARTESIAN_POINT ( 'NONE',  ( 50.00000000000000000, -111.6164071289441324, 352.2149077139166025 ) ) ;
#877 = CARTESIAN_POINT ( 'NONE',  ( -40.89891783410271131, 284.0622640956510168, 194.1774223729904918 ) ) ;
#878 = AXIS2_PLACEMENT_3D ( 'NONE', #1956, #729, #754 ) ;
#879 = EDGE_CURVE ( 'NONE', #1529, #53, #1856, .T. ) ;
#880 = ORIENTED_EDGE ( 'NONE', *, *, #73, .T. ) ;
#881 = CARTESIAN_POINT ( 'NONE',  ( -39.79228554257795736, 139.1978727920571828, 31.15481919693871404 ) ) ;
#882 = AXIS2_PLACEMENT_3D ( 'NONE', #13, #1869, #837 ) ;
#883 = CARTESIAN_POINT ( 'NONE',  ( -39.89157397356960644, 104.2853207801273214, 99.56471238338032492 ) ) ;
#884 = VERTEX_POINT ( 'NONE', #584 ) ;
#885 = ORIENTED_EDGE ( 'NONE', *, *, #1645, .T. ) ;
#886 = CARTESIAN_POINT ( 'NONE',  ( -48.50090929480058577, 283.1038716389335832, 191.4448702831290348 ) ) ;
#887 = LINE ( 'NONE', #2480, #1323 ) ;
#888 = VERTEX_POINT ( 'NONE', #425 ) ;
#889 = CARTESIAN_POINT ( 'NONE',  ( -37.16315321821413420, 147.2547449793939904, 31.91406250254955879 ) ) ;
#890 = CARTESIAN_POINT ( 'NONE',  ( 40.74414920090328707, 45.98099286992992774, 56.62529624423772390 ) ) ;
#891 = VERTEX_POINT ( 'NONE', #975 ) ;
#892 = EDGE_CURVE ( 'NONE', #2643, #931, #1276, .T. ) ;
#893 = DIRECTION ( 'NONE',  ( 0.000000000000000000, 0.000000000000000000, 1.000000000000000000 ) ) ;
#894 = CARTESIAN_POINT ( 'NONE',  ( 40.00000000000000000, 96.78172186639960728, 81.95294374892252165 ) ) ;
#895 = ORIENTED_EDGE ( 'NONE', *, *, #469, .F. ) ;
#896 = EDGE_LOOP ( 'NONE', ( #1389, #731, #639, #669 ) ) ;
#897 = CARTESIAN_POINT ( 'NONE',  ( -43.05799257913363220, 72.21717486669021469, -9.789534570712618233 ) ) ;
#898 = CARTESIAN_POINT ( 'NONE',  ( -39.62725855177041723, 77.07640415573122539, -8.579249690622441804 ) ) ;
#899 = ORIENTED_EDGE ( 'NONE', *, *, #1160, .T. ) ;
#900 = DIRECTION ( 'NONE',  ( 0.000000000000000000, 0.000000000000000000, 1.000000000000000000 ) ) ;
#901 = CARTESIAN_POINT ( 'NONE',  ( 43.05799257913363220, 72.21717486669021469, -9.789534570712618233 ) ) ;
#902 = CARTESIAN_POINT ( 'NONE',  ( -41.36710727846980973, 47.76973590851870455, 56.32942778288304453 ) ) ;
#903 = DIRECTION ( 'NONE',  ( 1.000000000000000000, -0.000000000000000000, -0.000000000000000000 ) ) ;
#904 = TOROIDAL_SURFACE ( 'NONE', #2062, 411.7470125719110001, 2.000000000000000000 ) ;
#905 = PLANE ( 'NONE',  #1694 ) ;
#906 = DIRECTION ( 'NONE',  ( 0.000000000000000000, 1.776356839400250465E-15, -1.000000000000000000 ) ) ;
#907 = CARTESIAN_POINT ( 'NONE',  ( 36.49765857894750809, 74.08406911433858966, -9.934392760299836311 ) ) ;
#908 = ORIENTED_EDGE ( 'NONE', *, *, #1512, .F. ) ;
#909 = ADVANCED_FACE ( 'NONE', ( #2235 ), #1480, .F. ) ;
#910 = CARTESIAN_POINT ( 'NONE',  ( -50.00000000000000000, 175.6077274049440575, 51.18448267373279492 ) ) ;
#911 = EDGE_LOOP ( 'NONE', ( #372, #515, #130, #1721 ) ) ;
#912 = CARTESIAN_POINT ( 'NONE',  ( -48.00000000000000000, 8.878689293818309285E-15, -72.50000000000000000 ) ) ;
#913 = CARTESIAN_POINT ( 'NONE',  ( 40.00000000000000000, 183.6394870355728699, 181.0563078829712822 ) ) ;
#914 = CIRCLE ( 'NONE', #1092, 5.000000000000003553 ) ;
#915 = ORIENTED_EDGE ( 'NONE', *, *, #2002, .T. ) ;
#916 = CARTESIAN_POINT ( 'NONE',  ( 39.08852702631364906, 46.87134855980159642, 56.47905738105305318 ) ) ;
#917 = CARTESIAN_POINT ( 'NONE',  ( 44.60653637938715832, 71.36807727065142615, -12.78552934598696211 ) ) ;
#918 = CARTESIAN_POINT ( 'NONE',  ( -40.76289827191791915, 51.99142246403742718, 53.83462582578501099 ) ) ;
#919 = CIRCLE ( 'NONE', #1274, 2.000000000000006661 ) ;
#920 = CARTESIAN_POINT ( 'NONE',  ( 39.99999999999999289, 52.70245586905311086, 58.81614957174373615 ) ) ;
#921 = CARTESIAN_POINT ( 'NONE',  ( -39.94393168882936607, 249.4057514303849246, 134.2925825946936698 ) ) ;
#922 = B_SPLINE_CURVE_WITH_KNOTS ( 'NONE', 3,
 ( #361, #617, #2623, #1208, #1996, #2008, #144, #2021, #172, #995, #1819, #807, #2213, #1220, #2034, #1836, #2648, #969, #1798, #2611 ),
 .UNSPECIFIED., .F., .F.,
 ( 4, 2, 2, 2, 2, 2, 2, 2, 2, 4 ),
 ( 0.000000000000000000, 0.003224442181414695439, 0.006448884362829390877, 0.009673326544244086750, 0.01128554763495140563, 0.01209165818030507461, 0.01249471345298193946, 0.01269624108932036928, 0.01279700490748954950, 0.01289776872565872451 ),
 .UNSPECIFIED. ) ;
#923 = AXIS2_PLACEMENT_3D ( 'NONE', #2273, #1434, #768 ) ;
#924 = CARTESIAN_POINT ( 'NONE',  ( 38.11567867231141093, 73.02509189027215086, -10.57229296936049678 ) ) ;
#925 = AXIS2_PLACEMENT_3D ( 'NONE', #9, #1289, #434 ) ;
#926 = ORIENTED_EDGE ( 'NONE', *, *, #735, .T. ) ;
#927 = VERTEX_POINT ( 'NONE', #864 ) ;
#928 = CARTESIAN_POINT ( 'NONE',  ( -41.22430822010558416, 73.28256470817399304, -10.14273104003267889 ) ) ;
#929 = EDGE_CURVE ( 'NONE', #1708, #1890, #2224, .T. ) ;
#930 = CARTESIAN_POINT ( 'NONE',  ( -39.70347546829523111, 76.42479297867792809, -8.878615541837540093 ) ) ;
#931 = VERTEX_POINT ( 'NONE', #438 ) ;
#932 = CARTESIAN_POINT ( 'NONE',  ( 40.66966719708273814, 46.01333729191525634, 56.61027905574593433 ) ) ;
#933 = CARTESIAN_POINT ( 'NONE',  ( -40.61774879350655709, 52.34032343029659273, 53.81582052330416843 ) ) ;
#934 = CARTESIAN_POINT ( 'NONE',  ( -40.21962662625136886, 49.57054339371808283, 56.71262684473646232 ) ) ;
#935 = CARTESIAN_POINT ( 'NONE',  ( 35.41610407751501555, 50.08888143929974746, 57.36706325655734418 ) ) ;
#936 = DIRECTION ( 'NONE',  ( 0.000000000000000000, 1.419642610201766809E-14, -1.000000000000000000 ) ) ;
#937 = CARTESIAN_POINT ( 'NONE',  ( -50.00000000000000000, 110.3185727521846218, 106.2665484942682497 ) ) ;
#938 = EDGE_LOOP ( 'NONE', ( #1114, #714, #1277, #1095 ) ) ;
#939 = CARTESIAN_POINT ( 'NONE',  ( -49.12110819158346686, 170.7771306012555499, 44.90299839343565935 ) ) ;
#940 = VERTEX_POINT ( 'NONE', #1102 ) ;
#941 = CARTESIAN_POINT ( 'NONE',  ( -43.42268952867547682, 71.39790816343266044, -12.84494138598483204 ) ) ;
#942 = CARTESIAN_POINT ( 'NONE',  ( 40.00000000000000000, 54.48488680087828584, 54.26662294465628378 ) ) ;
#943 = VERTEX_POINT ( 'NONE', #55 ) ;
#944 = CYLINDRICAL_SURFACE ( 'NONE', #523, 4.999999999999976907 ) ;
#945 = CARTESIAN_POINT ( 'NONE',  ( -40.31180119480377755, 53.20070608357141140, 53.94032875655574344 ) ) ;
#946 = CARTESIAN_POINT ( 'NONE',  ( -42.00000000000000000, 282.6556856985978925, 190.3143138997207586 ) ) ;
#947 = EDGE_CURVE ( 'NONE', #1561, #2511, #2603, .T. ) ;
#948 = DIRECTION ( 'NONE',  ( 0.000000000000000000, 0.000000000000000000, 1.000000000000000000 ) ) ;
#949 = CARTESIAN_POINT ( 'NONE',  ( -35.00000000000000711, -93.35760335989121472, 362.9428076763803119 ) ) ;
#950 = CARTESIAN_POINT ( 'NONE',  ( -35.41593496626475712, 50.08929339298429539, 57.36728827003624076 ) ) ;
#951 = ORIENTED_EDGE ( 'NONE', *, *, #2458, .F. ) ;
#952 = CARTESIAN_POINT ( 'NONE',  ( -42.32889944772605872, 72.78386089841936268, -8.414363722561468251 ) ) ;
#953 = TOROIDAL_SURFACE ( 'NONE', #782, 411.7470125719110001, 2.000000000000000000 ) ;
#954 = CARTESIAN_POINT ( 'NONE',  ( -39.99999999999999289, 79.56111266485557110, -7.426248718476187172 ) ) ;
#955 = EDGE_LOOP ( 'NONE', ( #41, #1499, #1124, #1476 ) ) ;
#956 = CARTESIAN_POINT ( 'NONE',  ( 41.80285758617118574, 73.27331979688460706, -7.439288005242151058 ) ) ;
#957 = CARTESIAN_POINT ( 'NONE',  ( -44.45512298242505267, 44.34771101273963723, 57.36265851986737374 ) ) ;
#958 = CARTESIAN_POINT ( 'NONE',  ( 35.00000000102951248, 52.16876048300537150, 58.51725185459613243 ) ) ;
#959 = CIRCLE ( 'NONE', #2462, 5.000000000000004441 ) ;
#960 = CARTESIAN_POINT ( 'NONE',  ( -41.72285621194551197, 249.0523891287595006, 130.6881094643546817 ) ) ;
#961 = EDGE_CURVE ( 'NONE', #75, #891, #1062, .T. ) ;
#962 = CIRCLE ( 'NONE', #1952, 411.7470125719110001 ) ;
#963 = CARTESIAN_POINT ( 'NONE',  ( 40.00000000000000000, -93.35760335989121472, 362.9428076763803119 ) ) ;
#964 = CARTESIAN_POINT ( 'NONE',  ( -42.00000000000000000, -93.35760335989121472, 362.9428076763803119 ) ) ;
#965 = CIRCLE ( 'NONE', #60, 5.000000000000000888 ) ;
#966 = AXIS2_PLACEMENT_3D ( 'NONE', #2111, #231, #1451 ) ;
#967 = ORIENTED_EDGE ( 'NONE', *, *, #1805, .T. ) ;
#968 = CARTESIAN_POINT ( 'NONE',  ( 41.30923174757550242, 168.5834094569063950, 42.72205158932439417 ) ) ;
#969 = CARTESIAN_POINT ( 'NONE',  ( 48.06362429685290039, 282.6638693003083631, 190.3342396589355587 ) ) ;
#970 = AXIS2_PLACEMENT_3D ( 'NONE', #1495, #2313, #1281 ) ;
#971 = CARTESIAN_POINT ( 'NONE',  ( 35.00000000000000000, 244.3495281101510557, 132.6646853096669645 ) ) ;
#972 = CARTESIAN_POINT ( 'NONE',  ( 41.74494016991692291, 49.86203345630244854, 54.26858738250000158 ) ) ;
#973 = DIRECTION ( 'NONE',  ( 0.000000000000000000, 0.8500802230744840537, -0.5266532201910810729 ) ) ;
#974 = DIRECTION ( 'NONE',  ( 0.000000000000000000, 0.000000000000000000, -1.000000000000000000 ) ) ;
#975 = CARTESIAN_POINT ( 'NONE',  ( 50.00000000000000000, 194.8320707194497174, 226.3774684437355802 ) ) ;
#976 = CARTESIAN_POINT ( 'NONE',  ( -40.21749194749940415, 248.4805323876502712, 129.8478069560163703 ) ) ;
#977 = ADVANCED_FACE ( 'NONE', ( #2327 ), #665, .F. ) ;
#978 = PERSON_AND_ORGANIZATION ( #2049, #450 ) ;
#979 = DIRECTION ( 'NONE',  ( 0.000000000000000000, 0.000000000000000000, -1.000000000000000000 ) ) ;
#980 = EDGE_CURVE ( 'NONE', #713, #2179, #543, .T. ) ;
#981 = VERTEX_POINT ( 'NONE', #259 ) ;
#982 = CARTESIAN_POINT ( 'NONE',  ( -36.09369830256292744, 99.04512941307518759, 89.94819901645108473 ) ) ;
#983 = CARTESIAN_POINT ( 'NONE',  ( 39.22897916233001325, 101.3896729110425099, 94.98958277479775347 ) ) ;
#984 = DIRECTION ( 'NONE',  ( 1.000000000000000000, -0.000000000000000000, -0.000000000000000000 ) ) ;
#985 = DIRECTION ( 'NONE',  ( 1.000000000000000000, 0.000000000000000000, 0.000000000000000000 ) ) ;
#986 = B_SPLINE_CURVE_WITH_KNOTS ( 'NONE', 3,
 ( #1391, #1458, #419, #1039, #2067, #2476, #61, #241 ),
 .UNSPECIFIED., .F., .F.,
 ( 4, 2, 2, 4 ),
 ( 0.000000000000000000, 0.001523892797068295262, 0.003047785594136590524, 0.006095571188273087374 ),
 .UNSPECIFIED. ) ;
#987 = CARTESIAN_POINT ( 'NONE',  ( -41.68179461570006339, 168.0771728319283511, 42.25846410826306254 ) ) ;
#988 = AXIS2_PLACEMENT_3D ( 'NONE', #1363, #1376, #2198 ) ;
#989 = CARTESIAN_POINT ( 'NONE',  ( 49.30091940869127143, 171.4389806534800300, 45.63115045761416866 ) ) ;
#990 = CARTESIAN_POINT ( 'NONE',  ( -40.00000000000000000, 245.3599474666636411, 144.0586122824886957 ) ) ;
#991 = B_SPLINE_CURVE_WITH_KNOTS ( 'NONE', 3,
 ( #174, #2023, #757, #2009, #353, #997 ),
 .UNSPECIFIED., .F., .F.,
 ( 4, 2, 4 ),
 ( 0.000000000000000000, 0.003046893547775664408, 0.006093787095551328817 ),
 .UNSPECIFIED. ) ;
#992 = ORIENTED_EDGE ( 'NONE', *, *, #2237, .F. ) ;
#993 = CARTESIAN_POINT ( 'NONE',  ( -35.00000000000000711, 146.1529399364831363, 31.71958998725303402 ) ) ;
#994 = CARTESIAN_POINT ( 'NONE',  ( 41.49909070519942844, 283.1038716389336400, 191.4448702831290632 ) ) ;
#995 = CARTESIAN_POINT ( 'NONE',  ( 48.50005562318408892, 283.1026301005965138, 191.4416169884368628 ) ) ;
#996 = EDGE_CURVE ( 'NONE', #940, #739, #457, .T. ) ;
#997 = CARTESIAN_POINT ( 'NONE',  ( 39.79157423749918365, 247.3002454512219117, 130.6526293427736789 ) ) ;
#998 = CARTESIAN_POINT ( 'NONE',  ( -44.30986868873020512, 44.67846331479585587, 57.10115343430890533 ) ) ;
#999 = CARTESIAN_POINT ( 'NONE',  ( 35.62360238960755510, 49.58342023564560463, 57.09097497726062187 ) ) ;
#1000 = CIRCLE ( 'NONE', #1353, 47.46982847996938659 ) ;
#1001 = FACE_OUTER_BOUND ( 'NONE', #2177, .T. ) ;
#1002 = VECTOR ( 'NONE', #85, 1000.000000000000000 ) ;
#1003 = CARTESIAN_POINT ( 'NONE',  ( -48.06097300562750974, 168.0888087131845623, 42.26896138540379866 ) ) ;
#1004 = DIRECTION ( 'NONE',  ( 0.000000000000000000, 0.000000000000000000, -1.000000000000000000 ) ) ;
#1005 = VERTEX_POINT ( 'NONE', #2102 ) ;
#1006 = AXIS2_PLACEMENT_3D ( 'NONE', #227, #1874, #468 ) ;
#1007 = APPROVAL_ROLE ( '' ) ;
#1008 = ADVANCED_FACE ( 'NONE', ( #248 ), #1704, .F. ) ;
#1009 = ORIENTED_EDGE ( 'NONE', *, *, #1777, .T. ) ;
#1010 = CARTESIAN_POINT ( 'NONE',  ( 40.99444299719782947, 169.4457194564910480, 43.54603617955141459 ) ) ;
#1011 = CARTESIAN_POINT ( 'NONE',  ( 41.88881457137050290, 282.6828103567294761, 190.3804948555446970 ) ) ;
#1012 = CARTESIAN_POINT ( 'NONE',  ( 39.95832978461287155, 105.3724497239864490, 101.0007051587870421 ) ) ;
#1013 = AXIS2_PLACEMENT_3D ( 'NONE', #1017, #1043, #797 ) ;
#1014 = ADVANCED_FACE ( 'NONE', ( #2339 ), #1046, .T. ) ;
#1015 = CARTESIAN_POINT ( 'NONE',  ( 41.54862763579319562, 50.25745423605430062, 54.14145509803293521 ) ) ;
#1016 = CARTESIAN_POINT ( 'NONE',  ( -39.92708288975566688, 138.4087169576381484, 31.15481919693871760 ) ) ;
#1017 = CARTESIAN_POINT ( 'NONE',  ( -35.62360238960755510, 51.98023746220403041, 52.70289257346819056 ) ) ;
#1018 = AXIS2_PLACEMENT_3D ( 'NONE', #1321, #30, #680 ) ;
#1019 = CARTESIAN_POINT ( 'NONE',  ( -48.00000000000000000, 282.6556856985978925, 190.3143138997207586 ) ) ;
#1020 = CARTESIAN_POINT ( 'NONE',  ( 40.00000000000000000, 13.79073283155651808, 213.2387070075907900 ) ) ;
#1021 = CARTESIAN_POINT ( 'NONE',  ( 40.41816396498957431, 52.87338527650622666, 53.86019125992034162 ) ) ;
#1022 = VERTEX_POINT ( 'NONE', #2482 ) ;
#1023 = CARTESIAN_POINT ( 'NONE',  ( 40.00000000000000000, 240.2185238326503054, 135.4815636633185534 ) ) ;
#1024 = SECURITY_CLASSIFICATION_LEVEL ( 'unclassified' ) ;
#1025 = CARTESIAN_POINT ( 'NONE',  ( -45.00000000000000000, 0.000000000000000000, 0.000000000000000000 ) ) ;
#1026 = CARTESIAN_POINT ( 'NONE',  ( 40.00000000000000000, 110.3185727521846218, 106.2665484942682497 ) ) ;
#1027 = CARTESIAN_POINT ( 'NONE',  ( -39.79157423749918365, 247.3002454512219117, 130.6526293427737073 ) ) ;
#1028 = CARTESIAN_POINT ( 'NONE',  ( 36.02887974897530654, 49.12447964348773866, 56.86422592055135539 ) ) ;
#1029 = FACE_OUTER_BOUND ( 'NONE', #1318, .T. ) ;
#1030 = ORIENTED_EDGE ( 'NONE', *, *, #1334, .F. ) ;
#1031 = CARTESIAN_POINT ( 'NONE',  ( 39.02607592894397470, 97.89023848162871388, 86.59591996353744037 ) ) ;
#1032 = DIRECTION ( 'NONE',  ( 0.000000000000000000, 0.000000000000000000, 1.000000000000000000 ) ) ;
#1033 = CARTESIAN_POINT ( 'NONE',  ( 35.83633053297307214, 49.32046729799156282, 56.94734728918469813 ) ) ;
#1034 = EDGE_CURVE ( 'NONE', #1957, #282, #1737, .T. ) ;
#1035 = EDGE_LOOP ( 'NONE', ( #874, #339, #539, #992, #1863 ) ) ;
#1036 = DIRECTION ( 'NONE',  ( -1.000000000000000000, -0.000000000000000000, -0.000000000000000000 ) ) ;
#1037 = B_SPLINE_CURVE_WITH_KNOTS ( 'NONE', 3,
 ( #993, #789, #589, #603, #403, #203, #1784, #509, #58, #418, #1106, #4, #2523, #1445, #1861, #830, #2659, #1324, #1038, #881 ),
 .UNSPECIFIED., .F., .F.,
 ( 4, 2, 2, 2, 2, 2, 2, 2, 2, 4 ),
 ( 0.000000000000000000, 0.0005661363788320077171, 0.001132272757664015434, 0.001698409136496022934, 0.002264545515328030868, 0.003396818272991987322, 0.004529091030655943775, 0.006793636545983845407, 0.007925909303647836121, 0.009058182061311825101 ),
 .UNSPECIFIED. ) ;
#1038 = CARTESIAN_POINT ( 'NONE',  ( -39.72941831657715994, 139.5659218615011810, 31.15481919693872115 ) ) ;
#1039 = CARTESIAN_POINT ( 'NONE',  ( 41.77370493942976992, 249.6209262936476705, 131.5285125369764785 ) ) ;
#1040 = ORIENTED_EDGE ( 'NONE', *, *, #961, .F. ) ;
#1041 = CARTESIAN_POINT ( 'NONE',  ( 39.79157423749917655, 174.4242876965986682, 49.41552699879044752 ) ) ;
#1042 = CARTESIAN_POINT ( 'NONE',  ( -48.18135325664326984, 282.7266801901274107, 190.4880876061627362 ) ) ;
#1043 = DIRECTION ( 'NONE',  ( -0.3345402836918676126, -0.8270494922786147951, -0.4517432189962020117 ) ) ;
#1044 = ORIENTED_EDGE ( 'NONE', *, *, #168, .T. ) ;
#1045 = CARTESIAN_POINT ( 'NONE',  ( -40.06392283515554453, 76.48759606026987967, -3.810204584188690458 ) ) ;
#1046 = CYLINDRICAL_SURFACE ( 'NONE', #882, 72.50000000000000000 ) ;
#1047 = CARTESIAN_POINT ( 'NONE',  ( 37.17276960283981424, 48.14280407150378238, 56.56959382094085953 ) ) ;
#1048 = ORIENTED_EDGE ( 'NONE', *, *, #1805, .F. ) ;
#1049 = CARTESIAN_POINT ( 'NONE',  ( 50.00000000000000000, 175.6077274049438586, 51.18448267373295124 ) ) ;
#1050 = ADVANCED_FACE ( 'NONE', ( #555 ), #2578, .T. ) ;
#1051 = CARTESIAN_POINT ( 'NONE',  ( -42.95266482640469974, 47.58078009009958720, 55.25624489167778819 ) ) ;
#1052 = AXIS2_PLACEMENT_3D ( 'NONE', #2215, #376, #1383 ) ;
#1053 = CARTESIAN_POINT ( 'NONE',  ( -37.21169851970936548, 99.53644185753996965, 91.15254131125936965 ) ) ;
#1054 = ORIENTED_EDGE ( 'NONE', *, *, #2333, .F. ) ;
#1055 = CARTESIAN_POINT ( 'NONE',  ( 40.00000000000000000, 168.0771728319283795, 42.25846410826306254 ) ) ;
#1056 = CARTESIAN_POINT ( 'NONE',  ( -48.43676552196745888, 283.0100083146239740, 191.2005947318949950 ) ) ;
#1057 = CARTESIAN_POINT ( 'NONE',  ( 41.99999999448979082, 251.3129709665699636, 134.0545811947596064 ) ) ;
#1058 = CIRCLE ( 'NONE', #1700, 72.50000000000000000 ) ;
#1059 = CARTESIAN_POINT ( 'NONE',  ( -40.49648130838407667, 75.10107488485373040, -5.142791430774845907 ) ) ;
#1060 = CARTESIAN_POINT ( 'NONE',  ( -39.94987935742762630, 158.9398692753809144, 35.93056831305075605 ) ) ;
#1061 = DIRECTION ( 'NONE',  ( 0.000000000000000000, 0.000000000000000000, 1.000000000000000000 ) ) ;
#1062 = CIRCLE ( 'NONE', #2430, 331.2789318650889641 ) ;
#1063 = ORIENTED_EDGE ( 'NONE', *, *, #1675, .T. ) ;
#1064 = DIRECTION ( 'NONE',  ( 1.000000000000000000, 0.000000000000000000, 0.000000000000000000 ) ) ;
#1065 = EDGE_CURVE ( 'NONE', #2165, #2040, #646, .T. ) ;
#1066 = CARTESIAN_POINT ( 'NONE',  ( -39.67856435184568653, 102.7602305577268424, 97.31446538260117052 ) ) ;
#1067 = ORIENTED_EDGE ( 'NONE', *, *, #2588, .T. ) ;
#1068 = ADVANCED_FACE ( 'NONE', ( #377 ), #238, .T. ) ;
#1069 = CARTESIAN_POINT ( 'NONE',  ( 39.77574337509551583, 155.6724704983877245, 34.41683319128684815 ) ) ;
#1070 = CARTESIAN_POINT ( 'NONE',  ( 40.00000000000000000, -111.6164071289441324, 352.2149077139166025 ) ) ;
#1071 = CARTESIAN_POINT ( 'NONE',  ( 41.77370588480551561, 249.6209345592079103, 131.5285247884953890 ) ) ;
#1072 = ORIENTED_EDGE ( 'NONE', *, *, #2492, .F. ) ;
#1073 = CARTESIAN_POINT ( 'NONE',  ( -39.77489007857611369, 155.6627592552851809, 34.41284673142171613 ) ) ;
#1074 = DIRECTION ( 'NONE',  ( -1.000000000000000000, 0.000000000000000000, 0.000000000000000000 ) ) ;
#1075 = ORIENTED_EDGE ( 'NONE', *, *, #2624, .T. ) ;
#1076 = CARTESIAN_POINT ( 'NONE',  ( -48.51719234025311778, 168.8832121361872964, 43.00371657189632657 ) ) ;
#1077 = DATE_AND_TIME ( #1297, #2259 ) ;
#1078 = ORIENTED_EDGE ( 'NONE', *, *, #440, .T. ) ;
#1079 = EDGE_CURVE ( 'NONE', #208, #1261, #2223, .T. ) ;
#1080 = DIRECTION ( 'NONE',  ( 0.000000000000000000, 0.000000000000000000, 1.000000000000000000 ) ) ;
#1081 = ORIENTED_EDGE ( 'NONE', *, *, #356, .F. ) ;
#1082 = CARTESIAN_POINT ( 'NONE',  ( 37.04163233389105159, 98.82738981781631082, 89.38200425295700313 ) ) ;
#1083 = DIRECTION ( 'NONE',  ( 0.000000000000000000, 0.000000000000000000, -1.000000000000000000 ) ) ;
#1084 = EDGE_CURVE ( 'NONE', #1833, #2643, #1610, .T. ) ;
#1085 = DIRECTION ( 'NONE',  ( -1.000000000000000000, -0.000000000000000000, -0.000000000000000000 ) ) ;
#1086 = VERTEX_POINT ( 'NONE', #393 ) ;
#1087 = CARTESIAN_POINT ( 'NONE',  ( -39.46925101869885566, 153.1312545035162316, 33.45896679622639169 ) ) ;
#1088 = DIRECTION ( 'NONE',  ( -1.000000000000000000, 0.000000000000000000, 0.000000000000000000 ) ) ;
#1089 = ORIENTED_EDGE ( 'NONE', *, *, #637, .F. ) ;
#1090 = CIRCLE ( 'NONE', #264, 4.999999999999998224 ) ;
#1091 = CARTESIAN_POINT ( 'NONE',  ( -42.00000000000000000, 282.6556856985978925, 190.3143138997207586 ) ) ;
#1092 = AXIS2_PLACEMENT_3D ( 'NONE', #635, #1648, #2070 ) ;
#1093 = CARTESIAN_POINT ( 'NONE',  ( 35.65562390815304639, 75.83552429995954469, -9.143266269669817703 ) ) ;
#1094 = ORIENTED_EDGE ( 'NONE', *, *, #2439, .F. ) ;
#1095 = ORIENTED_EDGE ( 'NONE', *, *, #1722, .T. ) ;
#1096 = CARTESIAN_POINT ( 'NONE',  ( -49.93692743238354126, 285.5557485119166472, 200.3975230040641691 ) ) ;
#1097 = CARTESIAN_POINT ( 'NONE',  ( 41.70820393253573144, 248.7670557816696544, 130.2679988200930836 ) ) ;
#1098 = AXIS2_PLACEMENT_3D ( 'NONE', #1136, #1736, #1352 ) ;
#1099 = ORIENTED_EDGE ( 'NONE', *, *, #59, .F. ) ;
#1100 = EDGE_CURVE ( 'NONE', #1425, #1693, #110, .T. ) ;
#1101 = CARTESIAN_POINT ( 'NONE',  ( 39.61037147337013664, 46.57532530977420038, 56.50835376904862528 ) ) ;
#1102 = CARTESIAN_POINT ( 'NONE',  ( 40.00000000000000000, 250.2047828684220292, 136.0056156363782804 ) ) ;
#1103 = CARTESIAN_POINT ( 'NONE',  ( 44.08619443423473427, 45.62284061744300345, 56.43281704716899583 ) ) ;
#1104 = VECTOR ( 'NONE', #2203, 1000.000000000000000 ) ;
#1105 = ORIENTED_EDGE ( 'NONE', *, *, #2554, .T. ) ;
#1106 = CARTESIAN_POINT ( 'NONE',  ( -37.53219086332511978, 144.6920039296056189, 31.50527696115516108 ) ) ;
#1107 = AXIS2_PLACEMENT_3D ( 'NONE', #2448, #1430, #2240 ) ;
#1108 = AXIS2_PLACEMENT_3D ( 'NONE', #2160, #1909, #1457 ) ;
#1109 = CARTESIAN_POINT ( 'NONE',  ( 36.80141877789052529, 73.82955003747011347, -10.04868534739706121 ) ) ;
#1110 = ORIENTED_EDGE ( 'NONE', *, *, #718, .F. ) ;
#1111 = ORIENTED_EDGE ( 'NONE', *, *, #996, .T. ) ;
#1112 = CARTESIAN_POINT ( 'NONE',  ( -36.49765857894751520, 74.08406911433861808, -9.934392760299886049 ) ) ;
#1113 = DIRECTION ( 'NONE',  ( 0.000000000000000000, 0.8500802230744840537, -0.5266532201910810729 ) ) ;
#1114 = ORIENTED_EDGE ( 'NONE', *, *, #1429, .F. ) ;
#1115 = CARTESIAN_POINT ( 'NONE',  ( -38.03294428495419766, 47.53348915363943661, 56.48768650954604453 ) ) ;
#1116 = CARTESIAN_POINT ( 'NONE',  ( 37.03811716877774529, 73.66491965759978200, -10.14115371999190351 ) ) ;
#1117 = CARTESIAN_POINT ( 'NONE',  ( -35.62360238960755510, 49.58342023564560463, 57.09097497726062187 ) ) ;
#1118 = CARTESIAN_POINT ( 'NONE',  ( 42.66817737488992179, 46.24459515706762858, 56.48606976890943088 ) ) ;
#1119 = EDGE_CURVE ( 'NONE', #1369, #846, #678, .T. ) ;
#1120 = CARTESIAN_POINT ( 'NONE',  ( -44.08877293809065634, 71.61927441544173689, -11.77697540292392731 ) ) ;
#1121 = CARTESIAN_POINT ( 'NONE',  ( 41.57792615560934024, 73.51280116832552380, -7.028659465504118131 ) ) ;
#1122 = EDGE_CURVE ( 'NONE', #740, #1994, #1170, .T. ) ;
#1123 = CARTESIAN_POINT ( 'NONE',  ( -35.00000000102951248, 52.16876048300478175, 58.51725185459582690 ) ) ;
#1124 = ORIENTED_EDGE ( 'NONE', *, *, #2285, .F. ) ;
#1125 = ORIENTED_EDGE ( 'NONE', *, *, #522, .F. ) ;
#1126 = CARTESIAN_POINT ( 'NONE',  ( -39.89652307620301741, 75.77193081939066133, -9.176453185372414723 ) ) ;
#1127 = DIRECTION ( 'NONE',  ( 0.000000000000000000, 0.000000000000000000, 1.000000000000000000 ) ) ;
#1128 = ORIENTED_EDGE ( 'NONE', *, *, #1501, .T. ) ;
#1129 = CARTESIAN_POINT ( 'NONE',  ( -41.92796064649725452, 73.14816775660237624, -7.669339929343580664 ) ) ;
#1130 = CARTESIAN_POINT ( 'NONE',  ( 42.32889944772605872, 72.78386089841936268, -8.414363722561468251 ) ) ;
#1131 = CARTESIAN_POINT ( 'NONE',  ( -41.35022811641815110, 50.66996306320644550, 54.03025577493292531 ) ) ;
#1132 = CLOSED_SHELL ( 'NONE', ( #1858, #2125, #909, #1566, #1656, #239, #48, #1008, #209, #1990, #1014, #2361, #1690, #2656, #977, #672, #486, #1842, #1319, #1250, #1284, #799, #383, #2014, #1818, #1189, #2534, #1531, #2159, #1837, #2031, #325, #586, #2204, #1272, #22, #1175, #54, #456, #1898, #1823, #405, #2575, #1050, #863, #508, #2053, #700, #38, #342, #2411, #2161, #421, #2399, #749, #1711, #1068, #581, #1596, #1969, #2175, #845, #102, #2251 ) ) ;
#1133 = EDGE_CURVE ( 'NONE', #572, #927, #1706, .T. ) ;
#1134 = CARTESIAN_POINT ( 'NONE',  ( -40.13358917098794620, 251.3861146160042779, 134.1653140652570642 ) ) ;
#1135 = EDGE_CURVE ( 'NONE', #888, #2594, #1752, .T. ) ;
#1136 = CARTESIAN_POINT ( 'NONE',  ( 50.00000000000000000, 13.79073283155651808, 213.2387070075907900 ) ) ;
#1137 = ORIENTED_EDGE ( 'NONE', *, *, #2272, .T. ) ;
#1138 = TOROIDAL_SURFACE ( 'NONE', #2631, 403.7470125719127623, 5.000000000000000000 ) ;
#1139 = CARTESIAN_POINT ( 'NONE',  ( -49.99999999999999289, 175.0718687827111637, 50.33906649583815351 ) ) ;
#1140 = ORIENTED_EDGE ( 'NONE', *, *, #1645, .F. ) ;
#1141 = CARTESIAN_POINT ( 'NONE',  ( -36.75757193485549124, 73.86628907882641215, -10.03218756602937489 ) ) ;
#1142 = CARTESIAN_POINT ( 'NONE',  ( 40.31180119480377755, 53.20070608357141140, 53.94032875655574344 ) ) ;
#1143 = TOROIDAL_SURFACE ( 'NONE', #2632, 411.7470125719110001, 2.000000000000000000 ) ;
#1144 = EDGE_LOOP ( 'NONE', ( #588, #2645, #1456, #1403, #2557 ) ) ;
#1145 = DIRECTION ( 'NONE',  ( 1.000000000000000000, -0.000000000000000000, -0.000000000000000000 ) ) ;
#1146 = CARTESIAN_POINT ( 'NONE',  ( 41.87193433438009293, 71.69530804684329439, -12.16060067930393984 ) ) ;
#1147 = CARTESIAN_POINT ( 'NONE',  ( -40.54575004738285315, 52.52924094177192416, 53.82738666334957145 ) ) ;
#1148 = LOCAL_TIME ( 19, 31, 57.00000000000000000, #1832 ) ;
#1149 = CARTESIAN_POINT ( 'NONE',  ( 35.00000000000000000, 240.2185238326503054, 135.4815636633185534 ) ) ;
#1150 = DIRECTION ( 'NONE',  ( -1.000000000000000000, -0.000000000000000000, -0.000000000000000000 ) ) ;
#1151 = AXIS2_PLACEMENT_3D ( 'NONE', #2153, #1758, #1127 ) ;
#1152 = CARTESIAN_POINT ( 'NONE',  ( 37.12024284275258168, 73.60755495783472213, -10.17319943551163064 ) ) ;
#1153 = AXIS2_PLACEMENT_3D ( 'NONE', #741, #1558, #131 ) ;
#1154 = EDGE_CURVE ( 'NONE', #2278, #2594, #580, .T. ) ;
#1155 = VERTEX_POINT ( 'NONE', #2464 ) ;
#1156 = UNCERTAINTY_MEASURE_WITH_UNIT (LENGTH_MEASURE( 1.000000000000000082E-05 ), #2417, 'distance_accuracy_value', 'NONE');
#1157 = EDGE_LOOP ( 'NONE', ( #2620, #1725, #2032, #344, #773, #1174 ) ) ;
#1158 = CARTESIAN_POINT ( 'NONE',  ( -45.00000000000000000, 71.22053895410543589, -13.56041411929452600 ) ) ;
#1159 = DIRECTION ( 'NONE',  ( -3.452646548098895740E-15, 0.5633756707303150257, 0.8262008555001427723 ) ) ;
#1160 = EDGE_CURVE ( 'NONE', #1978, #1529, #21, .T. ) ;
#1161 = VERTEX_POINT ( 'NONE', #1187 ) ;
#1162 = FACE_OUTER_BOUND ( 'NONE', #1717, .T. ) ;
#1163 = CARTESIAN_POINT ( 'NONE',  ( -40.98513771994206678, 48.28698103338732039, 56.36283094615177447 ) ) ;
#1164 = CARTESIAN_POINT ( 'NONE',  ( 39.86972085098437191, 52.13184342238995583, 58.49668542675763661 ) ) ;
#1165 = FACE_OUTER_BOUND ( 'NONE', #465, .T. ) ;
#1166 = DIRECTION ( 'NONE',  ( 0.000000000000000000, 0.000000000000000000, 1.000000000000000000 ) ) ;
#1167 = VECTOR ( 'NONE', #903, 1000.000000000000000 ) ;
#1168 = DIRECTION ( 'NONE',  ( 0.000000000000000000, 0.000000000000000000, 1.000000000000000000 ) ) ;
#1169 = EDGE_LOOP ( 'NONE', ( #1603, #857, #11, #2029, #1756, #512 ) ) ;
#1170 = B_SPLINE_CURVE_WITH_KNOTS ( 'NONE', 3,
 ( #2024, #2232, #206, #767, #1649, #160, #2255, #1028, #2613, #2424 ),
 .UNSPECIFIED., .F., .F.,
 ( 4, 2, 2, 2, 4 ),
 ( 0.007191487096879153884, 0.008166891000169592546, 0.009142294903460031208, 0.01011769880675046814, 0.01109310271004090680 ),
 .UNSPECIFIED. ) ;
#1171 = EDGE_LOOP ( 'NONE', ( #926, #196, #1193, #1741 ) ) ;
#1172 = CYLINDRICAL_SURFACE ( 'NONE', #2003, 47.46982847996938659 ) ;
#1173 = CARTESIAN_POINT ( 'NONE',  ( -35.25454092674015527, 77.19291852323954117, -8.523065696665874214 ) ) ;
#1174 = ORIENTED_EDGE ( 'NONE', *, *, #1772, .F. ) ;
#1175 = ADVANCED_FACE ( 'NONE', ( #1505 ), #1831, .T. ) ;
#1176 = CARTESIAN_POINT ( 'NONE',  ( 40.19713310828024078, 74.79604893176677649, -9.336671682845102183 ) ) ;
#1177 = CARTESIAN_POINT ( 'NONE',  ( -42.28126138686629787, 45.24653980650226259, 56.86306492880520835 ) ) ;
#1178 = CARTESIAN_POINT ( 'NONE',  ( 40.31180119480377755, 53.20070608357141850, 53.94032875655574344 ) ) ;
#1179 = LINE ( 'NONE', #1991, #304 ) ;
#1180 = CIRCLE ( 'NONE', #1778, 5.000000000000004441 ) ;
#1181 = DIRECTION ( 'NONE',  ( 0.000000000000000000, -6.201655090798971712E-15, -1.000000000000000000 ) ) ;
#1182 = ORIENTED_EDGE ( 'NONE', *, *, #1549, .T. ) ;
#1183 = CARTESIAN_POINT ( 'NONE',  ( -37.93955090617412651, 98.48823398574134558, 88.44483910772949287 ) ) ;
#1184 = CARTESIAN_POINT ( 'NONE',  ( 38.34781616648795222, 100.2293636518179767, 92.69856863217484033 ) ) ;
#1185 = CARTESIAN_POINT ( 'NONE',  ( 40.00000000000000000, 285.8559153747575579, 202.5286263494805610 ) ) ;
#1186 = CARTESIAN_POINT ( 'NONE',  ( 45.00000000000000000, 71.22053895410543589, -13.56041411929452600 ) ) ;
#1187 = CARTESIAN_POINT ( 'NONE',  ( 40.00000000000000000, 110.3185727521846218, 106.2665484942682497 ) ) ;
#1188 = CARTESIAN_POINT ( 'NONE',  ( -40.00000000000000000, 178.4980634015594489, 172.4792592638011115 ) ) ;
#1189 = ADVANCED_FACE ( 'NONE', ( #2283 ), #2479, .F. ) ;
#1190 = FACE_OUTER_BOUND ( 'NONE', #1157, .T. ) ;
#1191 = DIRECTION ( 'NONE',  ( 0.000000000000000000, 0.000000000000000000, 1.000000000000000000 ) ) ;
#1192 = CIRCLE ( 'NONE', #1366, 72.50000000000000000 ) ;
#1193 = ORIENTED_EDGE ( 'NONE', *, *, #1466, .T. ) ;
#1194 = CARTESIAN_POINT ( 'NONE',  ( 41.45192404333378988, 168.2996533577369860, 42.46050356915937840 ) ) ;
#1195 = CARTESIAN_POINT ( 'NONE',  ( 35.00000000000000000, 99.13169473403918630, 90.16766468801777989 ) ) ;
#1196 = CARTESIAN_POINT ( 'NONE',  ( 36.68000782615910538, 146.7938533698580557, 31.82905789242909833 ) ) ;
#1197 = CARTESIAN_POINT ( 'NONE',  ( -43.62061397606138513, 45.28781456323410026, 56.78610065166183318 ) ) ;
#1198 = CARTESIAN_POINT ( 'NONE',  ( -41.52163194790816902, 168.2001292417121761, 42.36981286239358013 ) ) ;
#1199 =( BOUNDED_SURFACE ( )  B_SPLINE_SURFACE ( 3, 2, ( 
 ( #2126, #269, #1916 ),
 ( #2567, #930, #742 ),
 ( #78, #898, #1571 ),
 ( #500, #92, #1771 ),
 ( #1929, #2540, #313 ),
 ( #1727, #954, #108 ) ),
 .UNSPECIFIED., .F., .F., .F. ) 
 B_SPLINE_SURFACE_WITH_KNOTS ( ( 4, 2, 4 ),
 ( 3, 3 ),
 ( -5.724587470723463412E-17, 0.003077753813917376985, 0.006155507627834811216 ),
 ( 0.000000000000000000, 1.000000000000000000 ),
 .UNSPECIFIED. ) 
 GEOMETRIC_REPRESENTATION_ITEM ( )  RATIONAL_B_SPLINE_SURFACE ( (
 ( 1.000000000000000000, 0.7908103582310438417, 1.000000000000000000),
 ( 1.000000000000000000, 0.7781455673987026644, 1.000000000000000000),
 ( 1.000000000000000000, 0.7648213853230352299, 1.000000000000000000),
 ( 1.000000000000000000, 0.7367894514453281474, 1.000000000000000000),
 ( 1.000000000000000000, 0.7219899087636301172, 1.000000000000000000),
 ( 1.000000000000000000, 0.7071067811865475727, 1.000000000000000000) ) ) 
 REPRESENTATION_ITEM ( '' )  SURFACE ( )  );
#1200 = CARTESIAN_POINT ( 'NONE',  ( 40.00000000000000000, 168.0771728319283795, 42.25846410826306254 ) ) ;
#1201 = APPROVAL ( #2015, 'UNSPECIFIED' ) ;
#1202 = CARTESIAN_POINT ( 'NONE',  ( 37.70045623199408880, 47.75530876225243304, 56.50460409997172917 ) ) ;
#1203 = EDGE_CURVE ( 'NONE', #2376, #326, #1463, .T. ) ;
#1204 = PERSON_AND_ORGANIZATION ( #2049, #450 ) ;
#1205 = ORIENTED_EDGE ( 'NONE', *, *, #2505, .T. ) ;
#1206 = CARTESIAN_POINT ( 'NONE',  ( 48.00000000000000000, 8.878689293818309285E-15, -72.50000000000000000 ) ) ;
#1207 = CARTESIAN_POINT ( 'NONE',  ( 41.79178853599539423, 282.7498877637062833, 190.5453385931458001 ) ) ;
#1208 = CARTESIAN_POINT ( 'NONE',  ( 49.73930744574370522, 285.1499823927402417, 198.2957419232836571 ) ) ;
#1209 = DIRECTION ( 'NONE',  ( 1.000000000000000000, 0.000000000000000000, 0.000000000000000000 ) ) ;
#1210 = DIRECTION ( 'NONE',  ( 0.000000000000000000, 0.000000000000000000, 1.000000000000000000 ) ) ;
#1211 = CARTESIAN_POINT ( 'NONE',  ( -40.72615502382664943, 170.2982780250446524, 44.40146794816107700 ) ) ;
#1212 = DIRECTION ( 'NONE',  ( 0.000000000000000000, 0.000000000000000000, 1.000000000000000000 ) ) ;
#1213 = DIRECTION ( 'NONE',  ( 0.000000000000000000, 0.000000000000000000, -1.000000000000000000 ) ) ;
#1214 = DIRECTION ( 'NONE',  ( 1.000000000000000000, 0.000000000000000000, 0.000000000000000000 ) ) ;
#1215 = EDGE_CURVE ( 'NONE', #2594, #927, #281, .T. ) ;
#1216 = PERSON_AND_ORGANIZATION ( #2049, #450 ) ;
#1217 = EDGE_CURVE ( 'NONE', #2371, #1681, #1962, .T. ) ;
#1218 = EDGE_LOOP ( 'NONE', ( #1367, #1, #453, #1009, #1469, #118, #142 ) ) ;
#1219 = DIRECTION ( 'NONE',  ( 0.000000000000000000, 0.000000000000000000, 1.000000000000000000 ) ) ;
#1220 = CARTESIAN_POINT ( 'NONE',  ( 48.20725880281940334, 282.7490629252046688, 190.5433002048063145 ) ) ;
#1221 = DIRECTION ( 'NONE',  ( 0.000000000000000000, 0.000000000000000000, -1.000000000000000000 ) ) ;
#1222 = CARTESIAN_POINT ( 'NONE',  ( -44.08619443423473427, 45.62284061744300345, 56.43281704716899583 ) ) ;
#1223 = FACE_OUTER_BOUND ( 'NONE', #1291, .T. ) ;
#1224 = AXIS2_PLACEMENT_3D ( 'NONE', #2073, #1855, #210 ) ;
#1225 = CARTESIAN_POINT ( 'NONE',  ( 50.00000000000000000, 238.7438782090230802, 208.3458911717285389 ) ) ;
#1226 = CARTESIAN_POINT ( 'NONE',  ( 40.31180119480377755, 53.20070608357141140, 53.94032875655574344 ) ) ;
#1227 = ORIENTED_EDGE ( 'NONE', *, *, #2076, .F. ) ;
#1228 = CARTESIAN_POINT ( 'NONE',  ( 35.00000000000000000, -93.35760335989121472, 362.9428076763803119 ) ) ;
#1229 = PERSON_AND_ORGANIZATION ( #2049, #450 ) ;
#1230 = CARTESIAN_POINT ( 'NONE',  ( -39.79228554257795736, 139.1978727920571828, 31.15481919693871404 ) ) ;
#1231 = CYLINDRICAL_SURFACE ( 'NONE', #236, 5.000000000000011546 ) ;
#1232 = AXIS2_PLACEMENT_3D ( 'NONE', #1559, #2374, #528 ) ;
#1233 = CARTESIAN_POINT ( 'NONE',  ( 42.34391159040853836, 48.70487152512849605, 54.72334966929445699 ) ) ;
#1234 = CARTESIAN_POINT ( 'NONE',  ( -43.17238886833555966, 44.85190150229837514, 57.03649001980313216 ) ) ;
#1235 = CARTESIAN_POINT ( 'NONE',  ( 40.00000000000000000, 136.8002873416259320, 31.22154590895522830 ) ) ;
#1236 = CIRCLE ( 'NONE', #63, 10.00000000000000888 ) ;
#1237 = VERTEX_POINT ( 'NONE', #2271 ) ;
#1238 = CARTESIAN_POINT ( 'NONE',  ( 36.15818265437451373, 145.8644693473474092, 31.67324591386940114 ) ) ;
#1239 = DIRECTION ( 'NONE',  ( 0.000000000000000000, 0.000000000000000000, -1.000000000000000000 ) ) ;
#1240 = DIRECTION ( 'NONE',  ( 0.000000000000000000, 0.000000000000000000, -1.000000000000000000 ) ) ;
#1241 = VERTEX_POINT ( 'NONE', #1478 ) ;
#1242 = CARTESIAN_POINT ( 'NONE',  ( 35.00000000000000000, 178.4980634015594489, 172.4792592638011115 ) ) ;
#1243 = ORIENTED_EDGE ( 'NONE', *, *, #290, .T. ) ;
#1244 = DIRECTION ( 'NONE',  ( -1.000000000000000000, 0.000000000000000000, 0.000000000000000000 ) ) ;
#1245 = CARTESIAN_POINT ( 'NONE',  ( -39.97529682225653147, 105.9421563845914989, 101.7059543762245966 ) ) ;
#1246 = EDGE_LOOP ( 'NONE', ( #2386, #3, #1460, #1081 ) ) ;
#1247 = CARTESIAN_POINT ( 'NONE',  ( 39.47073162225267140, 153.1416797398723020, 33.46264503207056862 ) ) ;
#1248 = CARTESIAN_POINT ( 'NONE',  ( 35.62411711806027625, 75.83159323905370286, -9.146103584552143673 ) ) ;
#1249 = CARTESIAN_POINT ( 'NONE',  ( -41.41317551480414494, 168.3722770925497514, 42.52709674762733982 ) ) ;
#1250 = ADVANCED_FACE ( 'NONE', ( #1263 ), #2124, .T. ) ;
#1251 = CARTESIAN_POINT ( 'NONE',  ( 38.64576802456144833, 98.12701899594291888, 87.36283886754060291 ) ) ;
#1252 = AXIS2_PLACEMENT_3D ( 'NONE', #2629, #2246, #1254 ) ;
#1253 = CARTESIAN_POINT ( 'NONE',  ( 48.70499768986672962, 169.4096867278687171, 43.50939867351016943 ) ) ;
#1254 = DIRECTION ( 'NONE',  ( 0.000000000000000000, -8.720848055439756876E-16, -1.000000000000000000 ) ) ;
#1255 = EDGE_LOOP ( 'NONE', ( #324, #111, #432, #1105 ) ) ;
#1256 = CARTESIAN_POINT ( 'NONE',  ( 35.00000000000000000, -111.6164071289371975, 352.2149077139229689 ) ) ;
#1257 = CARTESIAN_POINT ( 'NONE',  ( -43.36030775660336190, 46.86331051841599304, 55.66128710659121737 ) ) ;
#1258 = CARTESIAN_POINT ( 'NONE',  ( -35.00000000000004974, 52.16827513405737449, 58.51698003344806409 ) ) ;
#1259 = DIRECTION ( 'NONE',  ( -1.000000000000000000, 0.000000000000000000, 0.000000000000000000 ) ) ;
#1260 = DIRECTION ( 'NONE',  ( 0.000000000000000000, 0.4230458222476280450, -0.9061082894879773919 ) ) ;
#1261 = VERTEX_POINT ( 'NONE', #2294 ) ;
#1262 = DIRECTION ( 'NONE',  ( 1.000000000000000000, 0.000000000000000000, 0.000000000000000000 ) ) ;
#1263 = FACE_OUTER_BOUND ( 'NONE', #483, .T. ) ;
#1264 = CARTESIAN_POINT ( 'NONE',  ( 39.83836134709927279, 248.4390502804752714, 132.4750043084602282 ) ) ;
#1265 = CARTESIAN_POINT ( 'NONE',  ( 40.00000000000000000, 136.8002873416259320, 31.22154590895522830 ) ) ;
#1266 = CARTESIAN_POINT ( 'NONE',  ( -36.49303099950735430, 146.6510935210169748, 31.80386328066138546 ) ) ;
#1267 = CARTESIAN_POINT ( 'NONE',  ( 40.52776757176496858, 46.09099485728753365, 56.59922423229637900 ) ) ;
#1268 = EDGE_CURVE ( 'NONE', #340, #634, #200, .T. ) ;
#1269 = ORIENTED_EDGE ( 'NONE', *, *, #73, .F. ) ;
#1270 = CARTESIAN_POINT ( 'NONE',  ( -36.49765857894750809, 74.08406911433858966, -9.934392760299836311 ) ) ;
#1271 = CARTESIAN_POINT ( 'NONE',  ( -43.97368796572677496, 45.81920539760997002, 56.31878662297922489 ) ) ;
#1272 = ADVANCED_FACE ( 'NONE', ( #621 ), #2129, .T. ) ;
#1273 = AXIS2_PLACEMENT_3D ( 'NONE', #1023, #2063, #1847 ) ;
#1274 = AXIS2_PLACEMENT_3D ( 'NONE', #2524, #482, #1766 ) ;
#1275 = CARTESIAN_POINT ( 'NONE',  ( 34.99999999999999289, 78.60767397309788862, -7.871392262572092235 ) ) ;
#1276 = CIRCLE ( 'NONE', #2303, 5.000000000000004441 ) ;
#1277 = ORIENTED_EDGE ( 'NONE', *, *, #879, .T. ) ;
#1278 = PLANE ( 'NONE',  #2501 ) ;
#1279 = DIRECTION ( 'NONE',  ( 1.000000000000000000, -0.000000000000000000, -0.000000000000000000 ) ) ;
#1280 = TOROIDAL_SURFACE ( 'NONE', #2047, 77.50000000000000000, 5.000000000000000000 ) ;
#1281 = DIRECTION ( 'NONE',  ( 0.000000000000000000, 0.000000000000000000, -1.000000000000000000 ) ) ;
#1282 = CARTESIAN_POINT ( 'NONE',  ( 44.30986868871175233, 44.67846331471801591, 57.10115343423845502 ) ) ;
#1283 = ORIENTED_EDGE ( 'NONE', *, *, #1760, .F. ) ;
#1284 = ADVANCED_FACE ( 'NONE', ( #106 ), #499, .T. ) ;
#1285 =( BOUNDED_SURFACE ( )  B_SPLINE_SURFACE ( 3, 2, ( 
 ( #2469, #1669, #1226 ),
 ( #1033, #1829, #1021 ),
 ( #802, #596, #398 ),
 ( #2044, #195, #1845 ),
 ( #2654, #2456, #1439 ),
 ( #1857, #2075, #223 ),
 ( #1047, #642, #2220 ),
 ( #1202, #784, #1616 ),
 ( #2428, #1892, #2494 ),
 ( #2520, #1705, #273 ),
 ( #1307, #439, #2103 ),
 ( #464, #852, #1509 ),
 ( #260, #1882, #2298 ),
 ( #1267, #1720, #1481 ),
 ( #890, #2130, #289 ),
 ( #2545, #56, #1920 ),
 ( #2116, #1118, #2147 ),
 ( #681, #2328, #1103 ),
 ( #492, #1282, #69 ),
 ( #1322, #1934, #2288 ) ),
 .UNSPECIFIED., .F., .F., .F. ) 
 B_SPLINE_SURFACE_WITH_KNOTS ( ( 4, 2, 2, 2, 2, 2, 2, 2, 2, 4 ),
 ( 3, 3 ),
 ( 0.000000000000000000, 0.001872014301712738096, 0.002808021452569107144, 0.003744028603425476193, 0.005616042905138214289, 0.007488057206850952385, 0.008424064357707320566, 0.009360071508563690482, 0.01123208581027642858, 0.01497611441370190477 ),
 ( 0.000000000000000000, 1.000000000000000000 ),
 .UNSPECIFIED. ) 
 GEOMETRIC_REPRESENTATION_ITEM ( )  RATIONAL_B_SPLINE_SURFACE ( (
 ( 1.000000000000000000, 0.7416836485275268842, 1.000000000000000000),
 ( 1.000000000000000000, 0.7542589123937498696, 1.000000000000000000),
 ( 1.000000000000000000, 0.7689798961106265596, 1.000000000000000000),
 ( 1.000000000000000000, 0.7923790003386107506, 1.000000000000000000),
 ( 1.000000000000000000, 0.8004028779694352114, 1.000000000000000000),
 ( 1.000000000000000000, 0.8166541343103637107, 1.000000000000000000),
 ( 1.000000000000000000, 0.8249195627126150177, 1.000000000000000000),
 ( 1.000000000000000000, 0.8494043909341331133, 1.000000000000000000),
 ( 1.000000000000000000, 0.8652488626619310175, 1.000000000000000000),
 ( 1.000000000000000000, 0.8950296394436862979, 1.000000000000000000),
 ( 1.000000000000000000, 0.9089756103009875021, 1.000000000000000000),
 ( 1.000000000000000000, 0.9280237870681817824, 1.000000000000000000),
 ( 1.000000000000000000, 0.9340761202503206073, 1.000000000000000000),
 ( 1.000000000000000000, 0.9453772160878185504, 1.000000000000000000),
 ( 1.000000000000000000, 0.9506417137909408677, 1.000000000000000000),
 ( 1.000000000000000000, 0.9652624344846664206, 1.000000000000000000),
 ( 1.000000000000000000, 0.9734461840929833354, 1.000000000000000000),
 ( 1.000000000000000000, 0.9932018180584166744, 1.000000000000000000),
 ( 1.000000000000000000, 0.9999906193603219640, 1.000000000000000000),
 ( 1.000000000000000000, 1.000000000000000000, 1.000000000000000000) ) ) 
 REPRESENTATION_ITEM ( '' )  SURFACE ( )  );
#1286 = CARTESIAN_POINT ( 'NONE',  ( 36.49765857894750809, 74.08406911433858966, -9.934392760299836311 ) ) ;
#1287 = ORIENTED_EDGE ( 'NONE', *, *, #1065, .F. ) ;
#1288 = CARTESIAN_POINT ( 'NONE',  ( 48.00000000000000000, 0.000000000000000000, 0.000000000000000000 ) ) ;
#1289 = DIRECTION ( 'NONE',  ( -1.000000000000000000, -0.000000000000000000, -0.000000000000000000 ) ) ;
#1290 = CARTESIAN_POINT ( 'NONE',  ( 40.21917073479305316, 249.0851772294379884, 130.7364089351071357 ) ) ;
#1291 = EDGE_LOOP ( 'NONE', ( #280, #655, #2065, #1205, #478 ) ) ;
#1292 = CARTESIAN_POINT ( 'NONE',  ( -41.06981507605625836, 74.14711198930224612, -6.120232963107107516 ) ) ;
#1293 = DIRECTION ( 'NONE',  ( 0.000000000000000000, 0.000000000000000000, -1.000000000000000000 ) ) ;
#1294 = CARTESIAN_POINT ( 'NONE',  ( -50.00000000000000000, -111.6164071289441324, 352.2149077139166025 ) ) ;
#1295 = ORIENTED_EDGE ( 'NONE', *, *, #553, .F. ) ;
#1296 = CARTESIAN_POINT ( 'NONE',  ( -50.00000000000000000, 282.6556856985978925, 190.3143138997207586 ) ) ;
#1297 = CALENDAR_DATE ( 2026, 8, 5 ) ;
#1298 = CARTESIAN_POINT ( 'NONE',  ( -35.00000000000000000, 245.3599474666636411, 144.0586122824886957 ) ) ;
#1299 = EDGE_CURVE ( 'NONE', #1529, #1978, #1192, .T. ) ;
#1300 = CARTESIAN_POINT ( 'NONE',  ( 38.43150620687980279, 98.24751885539453156, 87.73404320504693032 ) ) ;
#1301 = CARTESIAN_POINT ( 'NONE',  ( -49.60403511964280909, 284.9126774852566086, 197.2570590731938580 ) ) ;
#1302 = CARTESIAN_POINT ( 'NONE',  ( -48.12900353772875661, 168.1366995274870533, 42.31226935979409376 ) ) ;
#1303 = CARTESIAN_POINT ( 'NONE',  ( 40.00000000000000711, 251.8735861662640332, 134.9033019092064762 ) ) ;
#1304 = B_SPLINE_CURVE_WITH_KNOTS ( 'NONE', 3,
 ( #1500, #2317, #2363, #875, #932, #1101, #916, #1345 ),
 .UNSPECIFIED., .F., .F.,
 ( 4, 2, 2, 4 ),
 ( -2.014284851807997484E-05, 0.003585672124180535464, 0.005388579610529844674, 0.007191487096879153884 ),
 .UNSPECIFIED. ) ;
#1305 = ORIENTED_EDGE ( 'NONE', *, *, #1744, .F. ) ;
#1306 = DIRECTION ( 'NONE',  ( -1.000000000000000000, -0.000000000000000000, -0.000000000000000000 ) ) ;
#1307 = CARTESIAN_POINT ( 'NONE',  ( 39.25464164189503435, 46.77883899173764348, 56.49021834113999319 ) ) ;
#1308 = ORIENTED_EDGE ( 'NONE', *, *, #829, .F. ) ;
#1309 = FACE_OUTER_BOUND ( 'NONE', #34, .T. ) ;
#1310 = AXIS2_PLACEMENT_3D ( 'NONE', #1627, #2275, #221 ) ;
#1311 = CARTESIAN_POINT ( 'NONE',  ( -39.99999999999999289, 55.14564881733871005, 54.45371811469522783 ) ) ;
#1312 = CC_DESIGN_PERSON_AND_ORGANIZATION_ASSIGNMENT ( #1229, #2397, ( #662 ) ) ;
#1313 = CARTESIAN_POINT ( 'NONE',  ( -49.74686822530183150, 173.3319476995725381, 47.91625349994664163 ) ) ;
#1314 = ORIENTED_EDGE ( 'NONE', *, *, #1135, .F. ) ;
#1315 = CARTESIAN_POINT ( 'NONE',  ( -40.00053990693469785, 75.30433492490952574, -9.212249236829174848 ) ) ;
#1316 = DIRECTION ( 'NONE',  ( -1.000000000000000000, 0.000000000000000000, 0.000000000000000000 ) ) ;
#1317 =( GEOMETRIC_REPRESENTATION_CONTEXT ( 3 ) GLOBAL_UNCERTAINTY_ASSIGNED_CONTEXT ( ( #1156 ) ) GLOBAL_UNIT_ASSIGNED_CONTEXT ( ( #2417, #761, #358 ) ) REPRESENTATION_CONTEXT ( 'NONE', 'WORKASPACE' ) );
#1318 = EDGE_LOOP ( 'NONE', ( #1927, #179, #915, #2189, #420, #706 ) ) ;
#1319 = ADVANCED_FACE ( 'NONE', ( #2566 ), #1172, .T. ) ;
#1320 = CARTESIAN_POINT ( 'NONE',  ( -41.16346048065072694, 51.07018681091789603, 53.94144819163322779 ) ) ;
#1321 = CARTESIAN_POINT ( 'NONE',  ( 41.70820393249886138, -93.35760335989121472, 362.9428076763803119 ) ) ;
#1322 = CARTESIAN_POINT ( 'NONE',  ( 45.00000000000000000, 44.14230604075896025, 57.51266658227542194 ) ) ;
#1323 = VECTOR ( 'NONE', #1316, 1000.000000000000000 ) ;
#1324 = CARTESIAN_POINT ( 'NONE',  ( -39.65282840074802095, 139.9318698377166754, 31.15953215609878768 ) ) ;
#1325 = CARTESIAN_POINT ( 'NONE',  ( -34.99999999999999289, 52.70245586905238611, 58.81614957174334535 ) ) ;
#1326 = ORIENTED_EDGE ( 'NONE', *, *, #2333, .T. ) ;
#1327 = ORIENTED_EDGE ( 'NONE', *, *, #814, .F. ) ;
#1328 = CARTESIAN_POINT ( 'NONE',  ( -40.01783637909708347, 72.22925938281572655, -11.36448014958489239 ) ) ;
#1329 = LINE ( 'NONE', #1942, #576 ) ;
#1330 = ORIENTED_EDGE ( 'NONE', *, *, #1904, .T. ) ;
#1331 = CARTESIAN_POINT ( 'NONE',  ( 41.11598515791070696, 71.88251713237085028, -11.83285714502974528 ) ) ;
#1332 = CARTESIAN_POINT ( 'NONE',  ( -37.17276960283981424, 48.14280407150378238, 56.56959382094085953 ) ) ;
#1333 = CARTESIAN_POINT ( 'NONE',  ( -41.71805598812369453, 282.8191955669294089, 190.7173160673718257 ) ) ;
#1334 = EDGE_CURVE ( 'NONE', #170, #788, #2472, .T. ) ;
#1335 = DIRECTION ( 'NONE',  ( 0.000000000000000000, 0.000000000000000000, 1.000000000000000000 ) ) ;
#1336 = CIRCLE ( 'NONE', #165, 77.50000000000000000 ) ;
#1337 = CARTESIAN_POINT ( 'NONE',  ( 45.00000000000000000, 71.22053895410535063, -13.56041411929451002 ) ) ;
#1338 = ORIENTED_EDGE ( 'NONE', *, *, #793, .T. ) ;
#1339 = TOROIDAL_SURFACE ( 'NONE', #166, 413.7470125719127623, 5.000000000000000000 ) ;
#1340 = VERTEX_POINT ( 'NONE', #527 ) ;
#1341 = CARTESIAN_POINT ( 'NONE',  ( -44.21307739156718242, 71.28922017985037485, -13.19969402103265921 ) ) ;
#1342 = CARTESIAN_POINT ( 'NONE',  ( 40.00000000000000000, 55.14564881733914348, 54.45371811469536283 ) ) ;
#1343 = B_SPLINE_CURVE_WITH_KNOTS ( 'NONE', 3,
 ( #503, #286, #516, #1494, #2518, #2144, #300, #1115, #1931, #2312 ),
 .UNSPECIFIED., .F., .F.,
 ( 4, 2, 2, 2, 4 ),
 ( 0.000000000000000000, 0.0009682688531718514112, 0.001936537706343702822, 0.002904806559515554342, 0.003873075412687405645 ),
 .UNSPECIFIED. ) ;
#1344 = VERTEX_POINT ( 'NONE', #912 ) ;
#1345 = CARTESIAN_POINT ( 'NONE',  ( 38.57976538163455160, 47.18660300908717886, 56.47905738105305318 ) ) ;
#1346 = CARTESIAN_POINT ( 'NONE',  ( -40.41816396498957431, 52.87338527650622666, 53.86019125992034162 ) ) ;
#1347 = CARTESIAN_POINT ( 'NONE',  ( 39.99999999999999289, 54.81696479132994426, 54.36065103122934516 ) ) ;
#1348 = APPLICATION_CONTEXT ( 'configuration controlled 3d designs of mechanical parts and assemblies' ) ;
#1349 = EDGE_CURVE ( 'NONE', #1681, #427, #2644, .T. ) ;
#1350 = CARTESIAN_POINT ( 'NONE',  ( -39.79157423748532807, 247.6057934171256818, 131.1007210939586116 ) ) ;
#1351 = EDGE_CURVE ( 'NONE', #2179, #1890, #839, .T. ) ;
#1352 = DIRECTION ( 'NONE',  ( 0.000000000000000000, 0.000000000000000000, 1.000000000000000000 ) ) ;
#1353 = AXIS2_PLACEMENT_3D ( 'NONE', #1225, #2615, #1213 ) ;
#1354 = ORIENTED_EDGE ( 'NONE', *, *, #1203, .F. ) ;
#1355 = AXIS2_PLACEMENT_3D ( 'NONE', #193, #836, #2652 ) ;
#1356 = ORIENTED_EDGE ( 'NONE', *, *, #996, .F. ) ;
#1357 = DIRECTION ( 'NONE',  ( 0.000000000000000000, 0.000000000000000000, -1.000000000000000000 ) ) ;
#1358 = CARTESIAN_POINT ( 'NONE',  ( 40.00000000000000000, -111.6164071289441324, 352.2149077139166025 ) ) ;
#1359 = ORIENTED_EDGE ( 'NONE', *, *, #1426, .F. ) ;
#1360 = CARTESIAN_POINT ( 'NONE',  ( -39.61039306872123689, 46.57531304914528647, 56.50835496914896083 ) ) ;
#1361 = AXIS2_PLACEMENT_3D ( 'NONE', #2136, #2591, #1515 ) ;
#1362 = CARTESIAN_POINT ( 'NONE',  ( 34.99999999999999289, 52.70245586905311086, 58.81614957174372904 ) ) ;
#1363 = CARTESIAN_POINT ( 'NONE',  ( -50.00000000000000000, 139.1978727920571828, 74.26250630126496333 ) ) ;
#1364 = AXIS2_PLACEMENT_3D ( 'NONE', #704, #2388, #1743 ) ;
#1365 = CARTESIAN_POINT ( 'NONE',  ( -40.13063283900589795, 53.84226257303051000, 54.10040494200112704 ) ) ;
#1366 = AXIS2_PLACEMENT_3D ( 'NONE', #2152, #1370, #1757 ) ;
#1367 = ORIENTED_EDGE ( 'NONE', *, *, #2571, .F. ) ;
#1368 = EDGE_CURVE ( 'NONE', #427, #2344, #1780, .T. ) ;
#1369 = VERTEX_POINT ( 'NONE', #1230 ) ;
#1370 = DIRECTION ( 'NONE',  ( 1.000000000000000000, 0.000000000000000000, 0.000000000000000000 ) ) ;
#1371 = FACE_OUTER_BOUND ( 'NONE', #1516, .T. ) ;
#1372 = ORIENTED_EDGE ( 'NONE', *, *, #1154, .T. ) ;
#1373 = CARTESIAN_POINT ( 'NONE',  ( 39.93355451344724827, 75.55097667843794795, -9.180439583016502425 ) ) ;
#1374 = CARTESIAN_POINT ( 'NONE',  ( -42.54893839766063479, 48.32545419059897540, 54.90170105705055192 ) ) ;
#1375 = CARTESIAN_POINT ( 'NONE',  ( -41.49994437681591819, 283.1026301005966275, 191.4416169884369197 ) ) ;
#1376 = DIRECTION ( 'NONE',  ( 1.000000000000000000, -0.000000000000000000, -0.000000000000000000 ) ) ;
#1377 = DIRECTION ( 'NONE',  ( 0.000000000000000000, -0.5141423634013319033, -0.8577048619170190014 ) ) ;
#1378 = ORIENTED_EDGE ( 'NONE', *, *, #386, .F. ) ;
#1379 = CARTESIAN_POINT ( 'NONE',  ( -35.44914465406949233, 99.12009411520982383, 90.13851906634927502 ) ) ;
#1380 = EDGE_CURVE ( 'NONE', #1971, #1681, #1540, .T. ) ;
#1381 = CARTESIAN_POINT ( 'NONE',  ( -35.99899238684280078, 74.93007748799699641, -9.554490055477307564 ) ) ;
#1382 = B_SPLINE_CURVE_WITH_KNOTS ( 'NONE', 3,
 ( #392, #766, #1598, #1787, #564, #1015, #972, #2612, #1233, #2649, #1821, #808, #1586, #2423, #1636, #2054, #577, #1432 ),
 .UNSPECIFIED., .F., .F.,
 ( 4, 2, 2, 2, 2, 2, 2, 2, 4 ),
 ( 0.000000000000000000, 0.001375627958180856199, 0.002751255916361712399, 0.004126883874542568165, 0.005502511832723424798, 0.008253767749085145003, 0.009629395707266008575, 0.01031720968635644123, 0.01100502366544687388 ),
 .UNSPECIFIED. ) ;
#1383 = DIRECTION ( 'NONE',  ( 0.000000000000000000, 0.4793634453116855099, -0.8776164807584864169 ) ) ;
#1384 = DIRECTION ( 'NONE',  ( 1.000000000000000000, 0.000000000000000000, 0.000000000000000000 ) ) ;
#1385 = CARTESIAN_POINT ( 'NONE',  ( 35.26144292547419212, 50.60173925670044071, 57.64887795766543377 ) ) ;
#1386 =( BOUNDED_SURFACE ( )  B_SPLINE_SURFACE ( 3, 2, ( 
 ( #81, #732, #2145 ),
 ( #1574, #1373, #2195 ),
 ( #112, #1562, #1116 ),
 ( #1932, #1176, #707 ),
 ( #1985, #2543, #135 ),
 ( #956, #1944, #287 ),
 ( #2529, #1536, #2572 ),
 ( #1130, #1523, #2364 ),
 ( #96, #517, #2351 ),
 ( #901, #719, #1331 ),
 ( #1730, #316, #1146 ),
 ( #1761, #2378, #504 ),
 ( #917, #605, #2037 ),
 ( #2242, #1186, #1838 ) ),
 .UNSPECIFIED., .F., .F., .F. ) 
 B_SPLINE_SURFACE_WITH_KNOTS ( ( 4, 2, 2, 2, 2, 2, 4 ),
 ( 3, 3 ),
 ( -4.336808689942017736E-19, 0.001602329874752796016, 0.003204659749505592466, 0.004806989624258389132, 0.006409319499011184931, 0.009613979248516778264, 0.01281863899802236986 ),
 ( 0.000000000000000000, 1.000000000000000000 ),
 .UNSPECIFIED. ) 
 GEOMETRIC_REPRESENTATION_ITEM ( )  RATIONAL_B_SPLINE_SURFACE ( (
 ( 1.000000000000000000, 0.7908103582310440638, 1.000000000000000000),
 ( 1.000000000000000000, 0.8045861211319951245, 1.000000000000000000),
 ( 1.000000000000000000, 0.8186414891260731519, 1.000000000000000000),
 ( 1.000000000000000000, 0.8463038132227540533, 1.000000000000000000),
 ( 1.000000000000000000, 0.8599109419657486875, 1.000000000000000000),
 ( 1.000000000000000000, 0.8859902974353985883, 1.000000000000000000),
 ( 1.000000000000000000, 0.8985315475613954161, 1.000000000000000000),
 ( 1.000000000000000000, 0.9215812254912255641, 1.000000000000000000),
 ( 1.000000000000000000, 0.9321153236321353397, 1.000000000000000000),
 ( 1.000000000000000000, 0.9605075350876471907, 1.000000000000000000),
 ( 1.000000000000000000, 0.9751572998288825511, 1.000000000000000000),
 ( 1.000000000000000000, 0.9949594862731386824, 1.000000000000000000),
 ( 1.000000000000000000, 1.000022201663367083, 1.000000000000000000),
 ( 1.000000000000000000, 1.000000000000000000, 1.000000000000000000) ) ) 
 REPRESENTATION_ITEM ( '' )  SURFACE ( )  );
#1387 = CARTESIAN_POINT ( 'NONE',  ( 35.00000000000000000, 99.13169473403918630, 90.16766468801777989 ) ) ;
#1388 = CARTESIAN_POINT ( 'NONE',  ( -35.00000000000000711, 181.0687752185661168, 176.7677835733862253 ) ) ;
#1389 = ORIENTED_EDGE ( 'NONE', *, *, #2443, .T. ) ;
#1390 = CARTESIAN_POINT ( 'NONE',  ( -37.02547796431216653, 98.82721526059515327, 89.37877863635189613 ) ) ;
#1391 = CARTESIAN_POINT ( 'NONE',  ( 41.70820393249884717, 248.4805323876502712, 129.8478069560163988 ) ) ;
#1392 = FACE_OUTER_BOUND ( 'NONE', #2474, .T. ) ;
#1393 = CARTESIAN_POINT ( 'NONE',  ( 48.00000000000000000, 168.0771728319283795, 42.25846410826306254 ) ) ;
#1394 = DIRECTION ( 'NONE',  ( -1.000000000000000000, 0.000000000000000000, 0.000000000000000000 ) ) ;
#1395 = DIRECTION ( 'NONE',  ( 1.000000000000000000, 0.000000000000000000, 0.000000000000000000 ) ) ;
#1396 = B_SPLINE_CURVE_WITH_KNOTS ( 'NONE', 3,
 ( #1265, #396, #1843, #1411, #1640, #1867, #2440, #594, #29, #2481, #1651, #1465, #2026, #1238, #2086, #176, #2058, #1880 ),
 .UNSPECIFIED., .F., .F.,
 ( 4, 2, 2, 2, 2, 2, 2, 2, 4 ),
 ( 2.860979249076398407E-17, 0.002837312790038212622, 0.004255969185057264723, 0.005674625580076315956, 0.007093281975095368057, 0.008511938370114418423, 0.009930594765133471391, 0.01063992296264299614, 0.01134925116015252262 ),
 .UNSPECIFIED. ) ;
#1397 = CIRCLE ( 'NONE', #1355, 413.7470125719127623 ) ;
#1398 = EDGE_CURVE ( 'NONE', #679, #1893, #1236, .T. ) ;
#1399 = DIRECTION ( 'NONE',  ( 0.000000000000000000, 0.000000000000000000, 1.000000000000000000 ) ) ;
#1400 = PLANE ( 'NONE',  #1514 ) ;
#1401 = AXIS2_PLACEMENT_3D ( 'NONE', #1635, #2449, #1446 ) ;
#1402 = AXIS2_PLACEMENT_3D ( 'NONE', #592, #985, #1433 ) ;
#1403 = ORIENTED_EDGE ( 'NONE', *, *, #522, .T. ) ;
#1404 = CARTESIAN_POINT ( 'NONE',  ( 41.52287936736125573, 168.1985063362076289, 42.36833720850248142 ) ) ;
#1405 = CARTESIAN_POINT ( 'NONE',  ( 40.26048034047030200, 285.1504115461254401, 198.2979350902122349 ) ) ;
#1406 = CARTESIAN_POINT ( 'NONE',  ( 35.23104685436045003, 99.13169473403920051, 90.16766468801775147 ) ) ;
#1407 = CARTESIAN_POINT ( 'NONE',  ( -48.00000000000000000, -93.35760335989121472, 362.9428076763803119 ) ) ;
#1408 = CARTESIAN_POINT ( 'NONE',  ( 37.16952845659351112, 147.2617658316173674, 31.91539482157877572 ) ) ;
#1409 = CARTESIAN_POINT ( 'NONE',  ( 40.00000000000000000, 238.7438782090230802, 208.3458911717285389 ) ) ;
#1410 = CARTESIAN_POINT ( 'NONE',  ( 40.31068521929635295, 75.56113207377259755, -4.699437039656308990 ) ) ;
#1411 = CARTESIAN_POINT ( 'NONE',  ( 39.61919464981480843, 140.0916426871822864, 31.16158794239386864 ) ) ;
#1412 = DIRECTION ( 'NONE',  ( 0.000000000000000000, 0.000000000000000000, 1.000000000000000000 ) ) ;
#1413 = CARTESIAN_POINT ( 'NONE',  ( -42.00000000000000000, 251.8735861662640900, 134.9033019092065047 ) ) ;
#1414 = EDGE_CURVE ( 'NONE', #2165, #1561, #1579, .T. ) ;
#1415 = ORIENTED_EDGE ( 'NONE', *, *, #1034, .F. ) ;
#1416 = CARTESIAN_POINT ( 'NONE',  ( -38.64550169307665328, 98.12718809756651694, 87.36339123777079863 ) ) ;
#1417 = CARTESIAN_POINT ( 'NONE',  ( 37.20588671504669520, 99.53405977018944384, 91.14694085412855884 ) ) ;
#1418 = DIRECTION ( 'NONE',  ( 1.000000000000000000, -0.000000000000000000, -0.000000000000000000 ) ) ;
#1419 = CARTESIAN_POINT ( 'NONE',  ( -39.90959649266686426, 173.5006623285636351, 48.10607163060733882 ) ) ;
#1420 = DIRECTION ( 'NONE',  ( 1.000000000000000000, 0.000000000000000000, 0.000000000000000000 ) ) ;
#1421 = ORIENTED_EDGE ( 'NONE', *, *, #2093, .F. ) ;
#1422 = FACE_OUTER_BOUND ( 'NONE', #526, .T. ) ;
#1423 = FACE_OUTER_BOUND ( 'NONE', #955, .T. ) ;
#1424 = CARTESIAN_POINT ( 'NONE',  ( 35.00000000000000000, -93.35760335989121472, 362.9428076763803119 ) ) ;
#1425 = VERTEX_POINT ( 'NONE', #2212 ) ;
#1426 = EDGE_CURVE ( 'NONE', #1005, #1708, #520, .T. ) ;
#1427 = CARTESIAN_POINT ( 'NONE',  ( -39.87202322052806380, 72.27927598071696025, -11.30272039666506956 ) ) ;
#1428 = COORDINATED_UNIVERSAL_TIME_OFFSET ( 1, 0, .AHEAD. ) ;
#1429 = EDGE_CURVE ( 'NONE', #1978, #1344, #373, .T. ) ;
#1430 = DIRECTION ( 'NONE',  ( 1.000000000000000000, 0.000000000000000000, 0.000000000000000000 ) ) ;
#1431 = CARTESIAN_POINT ( 'NONE',  ( 35.00000000000000000, 44.49708327445435430, 264.4637916171674874 ) ) ;
#1432 = CARTESIAN_POINT ( 'NONE',  ( 45.00000000000000000, 44.14230604075893893, 57.51266658227539352 ) ) ;
#1433 = DIRECTION ( 'NONE',  ( 0.000000000000000000, 0.000000000000000000, -1.000000000000000000 ) ) ;
#1434 = DIRECTION ( 'NONE',  ( -1.000000000000000000, -0.000000000000000000, -0.000000000000000000 ) ) ;
#1435 = VERTEX_POINT ( 'NONE', #2646 ) ;
#1436 = CARTESIAN_POINT ( 'NONE',  ( 39.47959348200762975, 97.54773856770762563, 85.38535398523266906 ) ) ;
#1437 = AXIS2_PLACEMENT_3D ( 'NONE', #1242, #1895, #2302 ) ;
#1438 = CYLINDRICAL_SURFACE ( 'NONE', #2593, 5.000000000000004441 ) ;
#1439 = CARTESIAN_POINT ( 'NONE',  ( 40.83962074269409470, 51.80852337520335738, 53.84655873346757460 ) ) ;
#1440 = ORIENTED_EDGE ( 'NONE', *, *, #929, .T. ) ;
#1441 = DIRECTION ( 'NONE',  ( 1.000000000000000000, -0.000000000000000000, -0.000000000000000000 ) ) ;
#1442 = CC_DESIGN_APPROVAL ( #1201, ( #683 ) ) ;
#1443 = VECTOR ( 'NONE', #824, 1000.000000000000000 ) ;
#1444 = ORIENTED_EDGE ( 'NONE', *, *, #1873, .F. ) ;
#1445 = CARTESIAN_POINT ( 'NONE',  ( -38.71976678483959944, 142.7830843250669943, 31.29913398362678478 ) ) ;
#1446 = DIRECTION ( 'NONE',  ( 0.000000000000000000, 0.8344016489210376308, -0.5511568635859063203 ) ) ;
#1447 = AXIS2_PLACEMENT_3D ( 'NONE', #1358, #329, #2583 ) ;
#1448 = EDGE_CURVE ( 'NONE', #2511, #1369, #1037, .T. ) ;
#1449 = ORIENTED_EDGE ( 'NONE', *, *, #366, .T. ) ;
#1450 = CARTESIAN_POINT ( 'NONE',  ( -35.00000000000000711, 178.4980634015594489, 172.4792592638011115 ) ) ;
#1451 = DIRECTION ( 'NONE',  ( 0.000000000000000000, 0.4886385896572086329, -0.8724862914096782607 ) ) ;
#1452 = DIRECTION ( 'NONE',  ( 0.000000000000000000, 0.000000000000000000, -1.000000000000000000 ) ) ;
#1453 = VERTEX_POINT ( 'NONE', #2119 ) ;
#1454 = LINE ( 'NONE', #823, #1735 ) ;
#1455 = CARTESIAN_POINT ( 'NONE',  ( -35.62360238960755510, 49.58342023564560463, 57.09097497726062187 ) ) ;
#1456 = ORIENTED_EDGE ( 'NONE', *, *, #961, .T. ) ;
#1457 = DIRECTION ( 'NONE',  ( 0.000000000000000000, -5.325334262751291364E-15, 1.000000000000000000 ) ) ;
#1458 = CARTESIAN_POINT ( 'NONE',  ( 41.70820393249885427, 248.7670433092020801, 130.2679805289882893 ) ) ;
#1459 = CARTESIAN_POINT ( 'NONE',  ( -48.29093887061141999, 168.3601495310459200, 42.51589772356926034 ) ) ;
#1460 = ORIENTED_EDGE ( 'NONE', *, *, #2304, .F. ) ;
#1461 = EDGE_CURVE ( 'NONE', #1241, #1261, #756, .T. ) ;
#1462 = FACE_BOUND ( 'NONE', #1171, .T. ) ;
#1463 = LINE ( 'NONE', #2499, #2395 ) ;
#1464 = CARTESIAN_POINT ( 'NONE',  ( 40.21749194749939704, 248.4805323876502712, 129.8478069560163703 ) ) ;
#1465 = CARTESIAN_POINT ( 'NONE',  ( 37.12039213113550318, 145.1594822653162282, 31.56748930069757364 ) ) ;
#1466 = EDGE_CURVE ( 'NONE', #542, #282, #1658, .T. ) ;
#1467 = CARTESIAN_POINT ( 'NONE',  ( -37.00929828796846977, 147.0912614323150365, 31.88337784536826547 ) ) ;
#1468 = CYLINDRICAL_SURFACE ( 'NONE', #150, 331.2789318650889072 ) ;
#1469 = ORIENTED_EDGE ( 'NONE', *, *, #1368, .T. ) ;
#1470 = CARTESIAN_POINT ( 'NONE',  ( -44.25907228459345788, 71.28520582906212155, -13.22077775963986213 ) ) ;
#1471 = CIRCLE ( 'NONE', #2450, 336.2789318650891914 ) ;
#1472 = DIRECTION ( 'NONE',  ( 0.000000000000000000, 0.000000000000000000, -1.000000000000000000 ) ) ;
#1473 = DATE_TIME_ROLE ( 'classification_date' ) ;
#1474 = ORIENTED_EDGE ( 'NONE', *, *, #2384, .T. ) ;
#1475 = CARTESIAN_POINT ( 'NONE',  ( -36.70303004393134216, 99.35925388803346436, 90.73002269356277338 ) ) ;
#1476 = ORIENTED_EDGE ( 'NONE', *, *, #266, .T. ) ;
#1477 = DIRECTION ( 'NONE',  ( 0.000000000000000000, 0.5633756707303153588, 0.8262008555001425503 ) ) ;
#1478 = CARTESIAN_POINT ( 'NONE',  ( -40.00000000000000000, 245.3599474666636411, 144.0586122824886957 ) ) ;
#1479 = CARTESIAN_POINT ( 'NONE',  ( 42.00000000000000000, 251.8735861662640332, 134.9033019092065047 ) ) ;
#1480 = CYLINDRICAL_SURFACE ( 'NONE', #2050, 4.999999999999997335 ) ;
#1481 = CARTESIAN_POINT ( 'NONE',  ( 42.76388378594914030, 47.93194741190138330, 55.09450017259278809 ) ) ;
#1482 = EDGE_CURVE ( 'NONE', #1237, #1369, #1710, .T. ) ;
#1483 = EDGE_LOOP ( 'NONE', ( #2006, #643, #1295, #717 ) ) ;
#1484 = CIRCLE ( 'NONE', #319, 403.7470125719127623 ) ;
#1485 = AXIS2_PLACEMENT_3D ( 'NONE', #2549, #2188, #524 ) ;
#1486 = CARTESIAN_POINT ( 'NONE',  ( 40.00000000000000000, -111.6164071289371975, 352.2149077139229689 ) ) ;
#1487 = VERTEX_POINT ( 'NONE', #1091 ) ;
#1488 = DIRECTION ( 'NONE',  ( 0.000000000000000000, 0.000000000000000000, -1.000000000000000000 ) ) ;
#1489 = CARTESIAN_POINT ( 'NONE',  ( 39.62630288417022228, 77.09033310706530528, -8.572836769311839689 ) ) ;
#1490 = CIRCLE ( 'NONE', #2140, 4.999999999999991118 ) ;
#1491 = CYLINDRICAL_SURFACE ( 'NONE', #2264, 5.000000000000004441 ) ;
#1492 = EDGE_LOOP ( 'NONE', ( #395, #1581, #1378, #2077, #2127 ) ) ;
#1493 = CIRCLE ( 'NONE', #1614, 43.10768710432624573 ) ;
#1494 = CARTESIAN_POINT ( 'NONE',  ( -36.48559080705273772, 48.69622390692671132, 56.70694254549027846 ) ) ;
#1495 = CARTESIAN_POINT ( 'NONE',  ( 40.00000000000000000, 240.2185238326503054, 135.4815636633185534 ) ) ;
#1496 = EDGE_CURVE ( 'NONE', #931, #2344, #368, .T. ) ;
#1497 = CARTESIAN_POINT ( 'NONE',  ( -40.39650374319083426, 284.9117452178847998, 197.2532761545181188 ) ) ;
#1498 = AXIS2_PLACEMENT_3D ( 'NONE', #1839, #1822, #565 ) ;
#1499 = ORIENTED_EDGE ( 'NONE', *, *, #2237, .T. ) ;
#1500 = CARTESIAN_POINT ( 'NONE',  ( 45.00000000000000000, 44.14230604075893893, 57.51266658227539352 ) ) ;
#1501 = EDGE_CURVE ( 'NONE', #1261, #1086, #1580, .T. ) ;
#1502 = CARTESIAN_POINT ( 'NONE',  ( -35.45788254759355596, 99.14363055937981528, 90.19781828169351456 ) ) ;
#1503 = ORIENTED_EDGE ( 'NONE', *, *, #1777, .F. ) ;
#1504 = CARTESIAN_POINT ( 'NONE',  ( 37.93899569471289368, 98.48850232541222738, 88.44562832349109271 ) ) ;
#1505 = FACE_OUTER_BOUND ( 'NONE', #2151, .T. ) ;
#1506 = FACE_OUTER_BOUND ( 'NONE', #602, .T. ) ;
#1507 = ORIENTED_EDGE ( 'NONE', *, *, #224, .T. ) ;
#1508 = CARTESIAN_POINT ( 'NONE',  ( -36.10298237721477221, 146.4164168646877329, 31.76333586398306252 ) ) ;
#1509 = CARTESIAN_POINT ( 'NONE',  ( 42.44196251726047819, 48.52375372600363335, 54.80909887775102618 ) ) ;
#1510 = ORIENTED_EDGE ( 'NONE', *, *, #1448, .F. ) ;
#1511 = CARTESIAN_POINT ( 'NONE',  ( -50.00000000000000000, 139.1978727920571828, 74.26250630126496333 ) ) ;
#1512 = EDGE_CURVE ( 'NONE', #1453, #1237, #154, .T. ) ;
#1513 = B_SPLINE_CURVE_WITH_KNOTS ( 'NONE', 3,
 ( #429, #1258, #444, #2080, #843, #2094 ),
 .UNSPECIFIED., .F., .F.,
 ( 4, 2, 4 ),
 ( 0.000000000000000000, 0.001809246431821419365, 0.003618492863642838731 ),
 .UNSPECIFIED. ) ;
#1514 = AXIS2_PLACEMENT_3D ( 'NONE', #1589, #557, #307 ) ;
#1515 = DIRECTION ( 'NONE',  ( 0.000000000000000000, 0.4230458222476278785, -0.9061082894879775029 ) ) ;
#1516 = EDGE_LOOP ( 'NONE', ( #1548, #1110, #853, #2484 ) ) ;
#1517 = EDGE_CURVE ( 'NONE', #1950, #1435, #1336, .T. ) ;
#1518 = ORIENTED_EDGE ( 'NONE', *, *, #1380, .F. ) ;
#1519 = CARTESIAN_POINT ( 'NONE',  ( -40.81843820064832329, 73.76393698592714543, -9.809381564941949350 ) ) ;
#1520 = CARTESIAN_POINT ( 'NONE',  ( 35.00000000000000000, -111.6164071289371975, 352.2149077139229689 ) ) ;
#1521 = ORIENTED_EDGE ( 'NONE', *, *, #1349, .F. ) ;
#1522 = AXIS2_PLACEMENT_3D ( 'NONE', #554, #1418, #1221 ) ;
#1523 = CARTESIAN_POINT ( 'NONE',  ( 41.22430822010558416, 73.28256470817399304, -10.14273104003267889 ) ) ;
#1524 = CARTESIAN_POINT ( 'NONE',  ( -35.00000000000000711, 146.1529399364831363, 31.71958998725303402 ) ) ;
#1525 = FACE_OUTER_BOUND ( 'NONE', #2502, .T. ) ;
#1526 = DIRECTION ( 'NONE',  ( -1.000000000000000000, 0.000000000000000000, 0.000000000000000000 ) ) ;
#1527 = VECTOR ( 'NONE', #424, 1000.000000000000000 ) ;
#1528 = CARTESIAN_POINT ( 'NONE',  ( -40.20796527826433220, 53.52025074889036915, 54.01856243359919318 ) ) ;
#1529 = VERTEX_POINT ( 'NONE', #710 ) ;
#1530 = CARTESIAN_POINT ( 'NONE',  ( -50.00000000000000000, 13.79073283155651808, 213.2387070075907900 ) ) ;
#1531 = ADVANCED_FACE ( 'NONE', ( #1309 ), #597, .F. ) ;
#1532 = LINE ( 'NONE', #913, #1104 ) ;
#1533 = APPLICATION_CONTEXT ( 'configuration controlled 3d designs of mechanical parts and assemblies' ) ;
#1534 = ORIENTED_EDGE ( 'NONE', *, *, #356, .T. ) ;
#1535 = FACE_OUTER_BOUND ( 'NONE', #2247, .T. ) ;
#1536 = CARTESIAN_POINT ( 'NONE',  ( 40.81843820064832329, 73.76393698592714543, -9.809381564941949350 ) ) ;
#1537 = CARTESIAN_POINT ( 'NONE',  ( -39.92367158554995399, 50.33776755042041628, 57.16759273791654294 ) ) ;
#1538 = CARTESIAN_POINT ( 'NONE',  ( 35.41593496627174176, 50.08929339298659755, 57.36728827003754816 ) ) ;
#1539 = CIRCLE ( 'NONE', #1232, 72.50000000000000000 ) ;
#1540 = CIRCLE ( 'NONE', #1107, 77.50000000000000000 ) ;
#1541 = CARTESIAN_POINT ( 'NONE',  ( -40.00000000000000000, 164.3203358699485364, 39.23202619629808652 ) ) ;
#1542 = CIRCLE ( 'NONE', #1709, 413.7470125719110001 ) ;
#1543 = ORIENTED_EDGE ( 'NONE', *, *, #1133, .T. ) ;
#1544 = B_SPLINE_CURVE_WITH_KNOTS ( 'NONE', 3,
 ( #298, #1381, #2555, #1173, #1785, #716, #1547, #514 ),
 .UNSPECIFIED., .F., .F.,
 ( 4, 2, 2, 4 ),
 ( 1.430489624538199204E-17, 0.003113376235060716282, 0.004670064352591067267, 0.006226752470121417818 ),
 .UNSPECIFIED. ) ;
#1545 = ORIENTED_EDGE ( 'NONE', *, *, #2, .T. ) ;
#1546 = CARTESIAN_POINT ( 'NONE',  ( -41.11598515791070696, 71.88251713237085028, -11.83285714502974528 ) ) ;
#1547 = CARTESIAN_POINT ( 'NONE',  ( -35.00000000000000000, 79.08439326254058699, -7.648820516873161779 ) ) ;
#1548 = ORIENTED_EDGE ( 'NONE', *, *, #1268, .F. ) ;
#1549 = EDGE_CURVE ( 'NONE', #489, #788, #1678, .T. ) ;
#1550 = CARTESIAN_POINT ( 'NONE',  ( -42.46270386771826821, 72.67244401458344782, -8.665153973597647052 ) ) ;
#1551 = DIRECTION ( 'NONE',  ( 1.000000000000000000, 0.000000000000000000, -0.000000000000000000 ) ) ;
#1552 = CARTESIAN_POINT ( 'NONE',  ( -41.77706468923830130, 47.25291171409400448, 56.33726331419169497 ) ) ;
#1553 = DIRECTION ( 'NONE',  ( -1.000000000000000000, 0.000000000000000000, 0.000000000000000000 ) ) ;
#1554 = EDGE_CURVE ( 'NONE', #870, #1569, #648, .T. ) ;
#1555 = CARTESIAN_POINT ( 'NONE',  ( 39.87205946186838901, 72.27926320183995301, -11.30273571741652816 ) ) ;
#1556 = ORIENTED_EDGE ( 'NONE', *, *, #1349, .T. ) ;
#1557 = ORIENTED_EDGE ( 'NONE', *, *, #266, .F. ) ;
#1558 = DIRECTION ( 'NONE',  ( -1.000000000000000000, -0.000000000000000000, -0.000000000000000000 ) ) ;
#1559 = CARTESIAN_POINT ( 'NONE',  ( 45.00000000000000000, 0.000000000000000000, 0.000000000000000000 ) ) ;
#1560 = EDGE_LOOP ( 'NONE', ( #1767, #2349, #730, #702, #2551, #2182, #1926, #1769 ) ) ;
#1561 = VERTEX_POINT ( 'NONE', #1541 ) ;
#1562 = CARTESIAN_POINT ( 'NONE',  ( 40.00053990693469075, 75.30433492491329162, -9.212249236829640253 ) ) ;
#1563 = CARTESIAN_POINT ( 'NONE',  ( -37.00231186116472060, 48.27376703797467883, 56.59682550704278725 ) ) ;
#1564 = CARTESIAN_POINT ( 'NONE',  ( -40.00000000000000000, 238.7438782090230802, 208.3458911717285389 ) ) ;
#1565 = CARTESIAN_POINT ( 'NONE',  ( -40.00000000000000711, 249.8190294991345013, 135.1712116866359281 ) ) ;
#1566 = ADVANCED_FACE ( 'NONE', ( #2266 ), #2355, .T. ) ;
#1567 = CARTESIAN_POINT ( 'NONE',  ( 43.14892453329439093, 71.45314939968548629, -12.72451493281051427 ) ) ;
#1568 = ORIENTED_EDGE ( 'NONE', *, *, #1351, .F. ) ;
#1569 = VERTEX_POINT ( 'NONE', #2368 ) ;
#1570 = CARTESIAN_POINT ( 'NONE',  ( -37.94740968679836612, 73.11382490816298230, -10.50392265920114099 ) ) ;
#1571 = CARTESIAN_POINT ( 'NONE',  ( -35.63119488853481442, 75.81231632960655986, -9.154867623665410292 ) ) ;
#1572 = ADVANCED_BREP_SHAPE_REPRESENTATION ( 'Link1_Default_sldprt', ( #201, #1827 ), #1317 ) ;
#1573 = EDGE_LOOP ( 'NONE', ( #2289, #79 ) ) ;
#1574 = CARTESIAN_POINT ( 'NONE',  ( 40.87878628716077856, 74.43371378240090053, -5.788417650037193773 ) ) ;
#1575 = CARTESIAN_POINT ( 'NONE',  ( -40.75988805972458096, 48.62421540428890410, 56.41917519688753657 ) ) ;
#1576 = CARTESIAN_POINT ( 'NONE',  ( -42.00000000000000000, 251.8735861662640900, 134.9033019092065047 ) ) ;
#1577 = CARTESIAN_POINT ( 'NONE',  ( -41.92150436107974087, 250.7513608834177035, 133.2111417289916062 ) ) ;
#1578 = EDGE_CURVE ( 'NONE', #1697, #1022, #1779, .T. ) ;
#1579 = CIRCLE ( 'NONE', #1876, 413.7470125719127054 ) ;
#1580 = CIRCLE ( 'NONE', #1108, 411.7470125719109433 ) ;
#1581 = ORIENTED_EDGE ( 'NONE', *, *, #814, .T. ) ;
#1582 = DIRECTION ( 'NONE',  ( -2.182072618398434373E-15, -0.5633756707303114730, -0.8262008555001451038 ) ) ;
#1583 = CARTESIAN_POINT ( 'NONE',  ( -35.00000000000000000, 169.9972611708145962, 177.7457914657119318 ) ) ;
#1584 = VERTEX_POINT ( 'NONE', #152 ) ;
#1585 = DIRECTION ( 'NONE',  ( -1.000000000000000000, 0.000000000000000000, 0.000000000000000000 ) ) ;
#1586 = CARTESIAN_POINT ( 'NONE',  ( 44.17849521005958735, 45.47669813117227022, 56.54659547441919898 ) ) ;
#1587 = CARTESIAN_POINT ( 'NONE',  ( -41.08638480120935554, 51.24504577036560704, 53.91774719204307331 ) ) ;
#1588 = CARTESIAN_POINT ( 'NONE',  ( -50.00000000000000000, 194.8320707194497174, 226.3774684437355802 ) ) ;
#1589 = CARTESIAN_POINT ( 'NONE',  ( -48.00000000000000000, 0.000000000000000000, 0.000000000000000000 ) ) ;
#1590 =( BOUNDED_SURFACE ( )  B_SPLINE_SURFACE ( 3, 2, ( 
 ( #1178, #2366, #98 ),
 ( #1988, #318, #1538 ),
 ( #2574, #1776, #506 ),
 ( #2380, #1164, #125 ),
 ( #1347, #2207, #958 ),
 ( #137, #920, #1362 ) ),
 .UNSPECIFIED., .F., .F., .T. ) 
 B_SPLINE_SURFACE_WITH_KNOTS ( ( 4, 2, 4 ),
 ( 3, 3 ),
 ( 0.000000000000000000, 0.001835354125458899758, 0.003670708250917799516 ),
 ( 0.000000000000000000, 1.000000000000000000 ),
 .UNSPECIFIED. ) 
 GEOMETRIC_REPRESENTATION_ITEM ( )  RATIONAL_B_SPLINE_SURFACE ( (
 ( 1.000000000000000000, 0.7416836485275266622, 1.000000000000000000),
 ( 1.000000000000000000, 0.7357931306882640188, 1.000000000000000000),
 ( 1.000000000000000000, 0.7299549518943437842, 1.000000000000000000),
 ( 1.000000000000000000, 0.7184193354304828638, 1.000000000000000000),
 ( 1.000000000000000000, 0.7127218199540044097, 1.000000000000000000),
 ( 1.000000000000000000, 0.7071067811865475727, 1.000000000000000000) ) ) 
 REPRESENTATION_ITEM ( '' )  SURFACE ( )  );
#1591 = DIRECTION ( 'NONE',  ( -1.000000000000000000, -0.000000000000000000, -0.000000000000000000 ) ) ;
#1592 = CC_DESIGN_DATE_AND_TIME_ASSIGNMENT ( #1077, #1473, ( #141 ) ) ;
#1593 = ORIENTED_EDGE ( 'NONE', *, *, #2624, .F. ) ;
#1594 = DIRECTION ( 'NONE',  ( 0.000000000000000000, 0.8262008555001451038, -0.5633756707303115840 ) ) ;
#1595 = FACE_OUTER_BOUND ( 'NONE', #2108, .T. ) ;
#1596 = ADVANCED_FACE ( 'NONE', ( #1753 ), #644, .T. ) ;
#1597 = AXIS2_PLACEMENT_3D ( 'NONE', #1025, #2533, #2331 ) ;
#1598 = CARTESIAN_POINT ( 'NONE',  ( 40.61774979181127776, 52.34032083053773476, 53.81582038855457029 ) ) ;
#1599 = CARTESIAN_POINT ( 'NONE',  ( -42.66817737488992179, 46.24459515706762858, 56.48606976890943088 ) ) ;
#1600 = CARTESIAN_POINT ( 'NONE',  ( -40.28435207498542070, 171.9248147672153095, 46.19344944587140844 ) ) ;
#1601 = CARTESIAN_POINT ( 'NONE',  ( 48.51811307091630709, 168.8856736836453933, 43.00605374585047969 ) ) ;
#1602 = CARTESIAN_POINT ( 'NONE',  ( -40.00000000000000000, 55.14564881733890189, 54.45371811469560441 ) ) ;
#1603 = ORIENTED_EDGE ( 'NONE', *, *, #1738, .F. ) ;
#1604 = CARTESIAN_POINT ( 'NONE',  ( -39.48166512061546740, 97.54600947415677581, 85.37895975145936234 ) ) ;
#1605 = CARTESIAN_POINT ( 'NONE',  ( 40.89829075870794384, 284.0633192134475848, 194.1808410861355867 ) ) ;
#1606 = CARTESIAN_POINT ( 'NONE',  ( 37.90095070918484765, 99.89696462449721537, 91.97540968763699709 ) ) ;
#1607 = CARTESIAN_POINT ( 'NONE',  ( 39.99999999999999289, 285.7235931552384045, 201.4569939733858632 ) ) ;
#1608 = EDGE_CURVE ( 'NONE', #2344, #2371, #84, .T. ) ;
#1609 = CARTESIAN_POINT ( 'NONE',  ( 37.01531036517808104, 147.0972294303261663, 31.88448570679762284 ) ) ;
#1610 = LINE ( 'NONE', #578, #2265 ) ;
#1611 = CARTESIAN_POINT ( 'NONE',  ( -40.99354381512243606, 169.4484750434569662, 43.54875069670933385 ) ) ;
#1612 = CIRCLE ( 'NONE', #785, 412.3184411433371679 ) ;
#1613 = CARTESIAN_POINT ( 'NONE',  ( -48.18312309832759865, 168.1931814629316762, 42.36348834796951479 ) ) ;
#1614 = AXIS2_PLACEMENT_3D ( 'NONE', #2535, #128, #2163 ) ;
#1615 = DIRECTION ( 'NONE',  ( 1.000000000000000000, -0.000000000000000000, -0.000000000000000000 ) ) ;
#1616 = CARTESIAN_POINT ( 'NONE',  ( 41.35022811641815110, 50.66996306320644550, 54.03025577493292531 ) ) ;
#1617 = DIRECTION ( 'NONE',  ( -1.000000000000000000, -0.000000000000000000, -0.000000000000000000 ) ) ;
#1618 = AXIS2_PLACEMENT_3D ( 'NONE', #690, #2101, #40 ) ;
#1619 = AXIS2_PLACEMENT_3D ( 'NONE', #2493, #1306, #694 ) ;
#1620 = ORIENTED_EDGE ( 'NONE', *, *, #1100, .F. ) ;
#1621 = CARTESIAN_POINT ( 'NONE',  ( -40.00000000000000000, 96.78172186639960728, 81.95294374892252165 ) ) ;
#1622 = DIRECTION ( 'NONE',  ( 0.000000000000000000, 0.000000000000000000, -1.000000000000000000 ) ) ;
#1623 = CARTESIAN_POINT ( 'NONE',  ( 37.83582211384850069, 148.1706703769843614, 32.09855896806061537 ) ) ;
#1624 = CARTESIAN_POINT ( 'NONE',  ( -39.99999999999999289, 169.2687653951306572, 43.33371450789925206 ) ) ;
#1625 = FACE_OUTER_BOUND ( 'NONE', #2257, .T. ) ;
#1626 = EDGE_CURVE ( 'NONE', #1783, #2511, #2329, .T. ) ;
#1627 = CARTESIAN_POINT ( 'NONE',  ( -35.00000000000000711, -111.6164071289371975, 352.2149077139229689 ) ) ;
#1628 = DIRECTION ( 'NONE',  ( 1.000000000000000000, 0.000000000000000000, 0.000000000000000000 ) ) ;
#1629 = DIRECTION ( 'NONE',  ( 1.000000000000000000, 0.000000000000000000, 0.000000000000000000 ) ) ;
#1630 = EDGE_CURVE ( 'NONE', #1693, #888, #1471, .T. ) ;
#1631 = ORIENTED_EDGE ( 'NONE', *, *, #2248, .T. ) ;
#1632 = DATE_AND_TIME ( #804, #1148 ) ;
#1633 = VERTEX_POINT ( 'NONE', #2416 ) ;
#1634 = CARTESIAN_POINT ( 'NONE',  ( -35.22763449783954570, 99.13169473403921472, 90.16766468801779411 ) ) ;
#1635 = CARTESIAN_POINT ( 'NONE',  ( 42.00000000000000000, 250.2047828684220292, 136.0056156363782804 ) ) ;
#1636 = CARTESIAN_POINT ( 'NONE',  ( 44.58884007145825734, 44.80316171478070686, 57.01991436301387495 ) ) ;
#1637 = CARTESIAN_POINT ( 'NONE',  ( -42.00000000000000000, -93.35760335989121472, 362.9428076763803119 ) ) ;
#1638 = CARTESIAN_POINT ( 'NONE',  ( -41.08743654947826940, 169.1614020134786074, 43.26868755601222460 ) ) ;
#1639 = AXIS2_PLACEMENT_3D ( 'NONE', #2642, #813, #1004 ) ;
#1640 = CARTESIAN_POINT ( 'NONE',  ( 39.50411928175159915, 140.5521277789478063, 31.17367161603820236 ) ) ;
#1641 = CARTESIAN_POINT ( 'NONE',  ( 36.49765857894750809, 72.03583796739204104, -5.373170427560784113 ) ) ;
#1642 = CARTESIAN_POINT ( 'NONE',  ( -40.00000000000000000, 139.1978727920571828, 74.26250630126496333 ) ) ;
#1643 = EDGE_LOOP ( 'NONE', ( #1510, #2521, #2068, #1773, #2131 ) ) ;
#1644 = LINE ( 'NONE', #614, #1948 ) ;
#1645 = EDGE_CURVE ( 'NONE', #2061, #326, #2162, .T. ) ;
#1646 = CARTESIAN_POINT ( 'NONE',  ( 50.00000000000000000, -93.35760335989121472, 362.9428076763803119 ) ) ;
#1647 = CARTESIAN_POINT ( 'NONE',  ( 36.11209899357560005, 99.22306539830471195, 90.39632049669762637 ) ) ;
#1648 = DIRECTION ( 'NONE',  ( -0.4781157825909839731, -0.8012214111312627729, -0.3597909792952553865 ) ) ;
#1649 = CARTESIAN_POINT ( 'NONE',  ( 37.23547890963561002, 48.09284395742525220, 56.55763883756752364 ) ) ;
#1650 = CARTESIAN_POINT ( 'NONE',  ( -41.59655993673034402, 168.1218460101142398, 42.29882585852021037 ) ) ;
#1651 = CARTESIAN_POINT ( 'NONE',  ( 37.73988484922524833, 144.4374327125824777, 31.47287816511945380 ) ) ;
#1652 = TOROIDAL_SURFACE ( 'NONE', #1310, 341.2789318650891914, 5.000000000000000000 ) ;
#1653 = CARTESIAN_POINT ( 'NONE',  ( 45.00000000000000000, 71.22053895410535063, -13.56041411929451002 ) ) ;
#1654 = ORIENTED_EDGE ( 'NONE', *, *, #1608, .F. ) ;
#1655 = CYLINDRICAL_SURFACE ( 'NONE', #2210, 43.10768710432624573 ) ;
#1656 = ADVANCED_FACE ( 'NONE', ( #535 ), #770, .T. ) ;
#1657 = ORIENTED_EDGE ( 'NONE', *, *, #858, .T. ) ;
#1658 = LINE ( 'NONE', #480, #367 ) ;
#1659 = CARTESIAN_POINT ( 'NONE',  ( -38.35083821348192146, 100.2322371369225067, 92.70460193287978257 ) ) ;
#1660 = AXIS2_PLACEMENT_3D ( 'NONE', #1149, #1801, #114 ) ;
#1661 = EDGE_LOOP ( 'NONE', ( #1338, #240, #1543, #1125 ) ) ;
#1662 = AXIS2_PLACEMENT_3D ( 'NONE', #1742, #2552, #1357 ) ;
#1663 = CARTESIAN_POINT ( 'NONE',  ( 40.00058825423018050, 161.3162542438045932, 37.21809387668835711 ) ) ;
#1664 = CARTESIAN_POINT ( 'NONE',  ( 40.31205855884352474, 75.55696727958549275, -4.703441701557731669 ) ) ;
#1665 = AXIS2_PLACEMENT_3D ( 'NONE', #2340, #1088, #1061 ) ;
#1666 = CARTESIAN_POINT ( 'NONE',  ( 40.00000000000000000, 238.7438782090230802, 208.3458911717285389 ) ) ;
#1667 = CARTESIAN_POINT ( 'NONE',  ( 39.19183623978501885, 97.77389879801424399, 86.20008562238091088 ) ) ;
#1668 = CARTESIAN_POINT ( 'NONE',  ( -40.00000000000000000, 13.79073283155651808, 213.2387070075907900 ) ) ;
#1669 = CARTESIAN_POINT ( 'NONE',  ( 39.88486809847623249, 50.91101361286126092, 57.81612058383019814 ) ) ;
#1670 = ORIENTED_EDGE ( 'NONE', *, *, #1380, .T. ) ;
#1671 = CARTESIAN_POINT ( 'NONE',  ( -35.00000000000000711, -93.35760335989121472, 362.9428076763803119 ) ) ;
#1672 = PRODUCT ( 'Link1_Default_sldprt', 'Link1_Default_sldprt', '', ( #2617 ) ) ;
#1673 = CARTESIAN_POINT ( 'NONE',  ( 35.44935776605635169, 99.12010230214404771, 90.13854073213340712 ) ) ;
#1674 = CARTESIAN_POINT ( 'NONE',  ( 39.66858220655282707, 78.37245015118614333, -7.980229434995740334 ) ) ;
#1675 = EDGE_CURVE ( 'NONE', #1745, #1994, #1179, .T. ) ;
#1676 = CARTESIAN_POINT ( 'NONE',  ( 40.00000000000000000, 250.2047828684219724, 136.0056156363783089 ) ) ;
#1677 = CARTESIAN_POINT ( 'NONE',  ( -40.00000000000000000, 76.96631505819158292, -3.352503960173594866 ) ) ;
#1678 = CIRCLE ( 'NONE', #35, 411.7470125719110001 ) ;
#1679 = CARTESIAN_POINT ( 'NONE',  ( -39.59103342437973083, 153.9797957472513588, 33.75840023995197470 ) ) ;
#1680 = DIRECTION ( 'NONE',  ( 0.000000000000000000, 0.000000000000000000, -1.000000000000000000 ) ) ;
#1681 = VERTEX_POINT ( 'NONE', #1602 ) ;
#1682 = DIRECTION ( 'NONE',  ( -1.000000000000000000, -0.000000000000000000, -0.000000000000000000 ) ) ;
#1683 = CARTESIAN_POINT ( 'NONE',  ( -35.89967361602909790, 99.18937700992765372, 90.31232729711744867 ) ) ;
#1684 = CARTESIAN_POINT ( 'NONE',  ( -48.33320474515614507, 168.4468911481988300, 42.59577784409143675 ) ) ;
#1685 = ORIENTED_EDGE ( 'NONE', *, *, #775, .F. ) ;
#1686 = FACE_OUTER_BOUND ( 'NONE', #2517, .T. ) ;
#1687 = CARTESIAN_POINT ( 'NONE',  ( -48.00000000000000000, 282.6556856985978925, 190.3143138997207586 ) ) ;
#1688 = CARTESIAN_POINT ( 'NONE',  ( 39.79157423749918365, 247.3002454512219117, 130.6526293427736789 ) ) ;
#1689 = VERTEX_POINT ( 'NONE', #1792 ) ;
#1690 = ADVANCED_FACE ( 'NONE', ( #569 ), #1400, .F. ) ;
#1691 = CARTESIAN_POINT ( 'NONE',  ( -40.00060871188423306, 161.3156432416095925, 37.21764500840968282 ) ) ;
#1692 = CARTESIAN_POINT ( 'NONE',  ( -40.00000000000000000, 285.8559153747575579, 202.5286263494805610 ) ) ;
#1693 = VERTEX_POINT ( 'NONE', #1387 ) ;
#1694 = AXIS2_PLACEMENT_3D ( 'NONE', #1733, #2546, #948 ) ;
#1695 = FACE_OUTER_BOUND ( 'NONE', #94, .T. ) ;
#1696 = CARTESIAN_POINT ( 'NONE',  ( 35.12584771774308479, 77.67154541168655157, -8.303973010885126627 ) ) ;
#1697 = VERTEX_POINT ( 'NONE', #2208 ) ;
#1698 = DIRECTION ( 'NONE',  ( -1.000000000000000000, 0.000000000000000000, 0.000000000000000000 ) ) ;
#1699 = CARTESIAN_POINT ( 'NONE',  ( -50.00000000000000000, -93.35760335989121472, 362.9428076763803119 ) ) ;
#1700 = AXIS2_PLACEMENT_3D ( 'NONE', #2112, #1085, #51 ) ;
#1701 = CARTESIAN_POINT ( 'NONE',  ( 40.22006957472736133, 249.6781425798099860, 131.6132583515137355 ) ) ;
#1702 = ORIENTED_EDGE ( 'NONE', *, *, #599, .F. ) ;
#1703 = DIRECTION ( 'NONE',  ( 0.000000000000000000, 0.000000000000000000, -1.000000000000000000 ) ) ;
#1704 = PLANE ( 'NONE',  #197 ) ;
#1705 = CARTESIAN_POINT ( 'NONE',  ( 40.75988805972458096, 48.62421540428890410, 56.41917519688541205 ) ) ;
#1706 = CIRCLE ( 'NONE', #496, 47.46982847996938659 ) ;
#1707 = TOROIDAL_SURFACE ( 'NONE', #1665, 10.00000000000000000, 5.000000000000000000 ) ;
#1708 = VERTEX_POINT ( 'NONE', #357 ) ;
#1709 = AXIS2_PLACEMENT_3D ( 'NONE', #249, #1074, #865 ) ;
#1710 = LINE ( 'NONE', #86, #583 ) ;
#1711 = ADVANCED_FACE ( 'NONE', ( #1190 ), #1339, .F. ) ;
#1712 = CARTESIAN_POINT ( 'NONE',  ( -35.00000000000000711, 146.1529399364831363, 31.71958998725303402 ) ) ;
#1713 = EDGE_LOOP ( 'NONE', ( #1283, #1182, #1030, #627, #1040 ) ) ;
#1714 = EDGE_LOOP ( 'NONE', ( #417, #899 ) ) ;
#1715 = CARTESIAN_POINT ( 'NONE',  ( -48.03460875472152480, 282.6556856985978925, 190.3143138997207586 ) ) ;
#1716 = DIRECTION ( 'NONE',  ( 1.000000000000000000, 0.000000000000000000, 0.000000000000000000 ) ) ;
#1717 = EDGE_LOOP ( 'NONE', ( #2418, #70, #414, #121 ) ) ;
#1718 = CARTESIAN_POINT ( 'NONE',  ( -35.00000000000000711, -93.35760335989121472, 362.9428076763803119 ) ) ;
#1719 = DIRECTION ( 'NONE',  ( 0.000000000000000000, 0.000000000000000000, 1.000000000000000000 ) ) ;
#1720 = CARTESIAN_POINT ( 'NONE',  ( 41.77706468923830130, 47.25291171409400448, 56.33726331419169497 ) ) ;
#1721 = ORIENTED_EDGE ( 'NONE', *, *, #1675, .F. ) ;
#1722 = EDGE_CURVE ( 'NONE', #53, #1344, #384, .T. ) ;
#1723 = CARTESIAN_POINT ( 'NONE',  ( 48.00000000000000000, 47.18660300908717886, 56.47905738105305318 ) ) ;
#1724 = ORIENTED_EDGE ( 'NONE', *, *, #1951, .T. ) ;
#1725 = ORIENTED_EDGE ( 'NONE', *, *, #563, .T. ) ;
#1726 = CARTESIAN_POINT ( 'NONE',  ( -45.00000000000000000, 71.22053895410543589, -13.56041411929452600 ) ) ;
#1727 = CARTESIAN_POINT ( 'NONE',  ( -39.99999999999999289, 77.44588355361742060, -2.895707271036301655 ) ) ;
#1728 = VERTEX_POINT ( 'NONE', #1413 ) ;
#1729 = DIRECTION ( 'NONE',  ( 0.000000000000000000, 0.000000000000000000, -1.000000000000000000 ) ) ;
#1730 = CARTESIAN_POINT ( 'NONE',  ( 43.43596716716426442, 71.97451026421957465, -10.51341026870723638 ) ) ;
#1731 = CARTESIAN_POINT ( 'NONE',  ( -40.09787679545467398, 46.31568184673338351, 56.55415889367702675 ) ) ;
#1732 = FACE_OUTER_BOUND ( 'NONE', #314, .T. ) ;
#1733 = CARTESIAN_POINT ( 'NONE',  ( -40.00000000000000000, 13.79073283155651808, 213.2387070075907900 ) ) ;
#1734 = CARTESIAN_POINT ( 'NONE',  ( 41.06981161870044872, 74.14711706218052711, -6.120226934981431555 ) ) ;
#1735 = VECTOR ( 'NONE', #2286, 1000.000000000000000 ) ;
#1736 = DIRECTION ( 'NONE',  ( 1.000000000000000000, 0.000000000000000000, -0.000000000000000000 ) ) ;
#1737 = B_SPLINE_CURVE_WITH_KNOTS ( 'NONE', 3,
 ( #1788, #2379, #1360, #124, #2352, #1177, #1945, #1973, #97, #1986, #957, #288, #1762, #720 ),
 .UNSPECIFIED., .F., .F.,
 ( 4, 2, 2, 2, 2, 2, 4 ),
 ( 0.003873075412687405645, 0.005662831521261236546, 0.007452587629835067014, 0.009242343738408896614, 0.01013722179269581358, 0.01058466081983926513, 0.01103209984698271667 ),
 .UNSPECIFIED. ) ;
#1738 = EDGE_CURVE ( 'NONE', #170, #572, #2442, .T. ) ;
#1739 = ORIENTED_EDGE ( 'NONE', *, *, #2548, .F. ) ;
#1740 = AXIS2_PLACEMENT_3D ( 'NONE', #322, #338, #1168 ) ;
#1741 = ORIENTED_EDGE ( 'NONE', *, *, #2193, .T. ) ;
#1742 = CARTESIAN_POINT ( 'NONE',  ( -40.00000000000000000, -111.6164071289371975, 352.2149077139229689 ) ) ;
#1743 = DIRECTION ( 'NONE',  ( 0.000000000000000000, 1.110223024625155594E-14, -1.000000000000000000 ) ) ;
#1744 = EDGE_CURVE ( 'NONE', #1344, #53, #39, .T. ) ;
#1745 = VERTEX_POINT ( 'NONE', #1455 ) ;
#1746 = CARTESIAN_POINT ( 'NONE',  ( -41.57793526968904274, 73.51279090145817463, -7.028675986632085149 ) ) ;
#1747 = CARTESIAN_POINT ( 'NONE',  ( -40.97284486753819976, 51.49134055762246476, 53.86784831787590377 ) ) ;
#1748 = CARTESIAN_POINT ( 'NONE',  ( -39.88486809847623249, 50.91101361286126092, 57.81612058383019814 ) ) ;
#1749 = CARTESIAN_POINT ( 'NONE',  ( -41.31642048400716760, 283.3786551230314785, 192.1781373929300969 ) ) ;
#1750 = AXIS2_PLACEMENT_3D ( 'NONE', #1486, #458, #2081 ) ;
#1751 = CARTESIAN_POINT ( 'NONE',  ( -45.00000000000000000, 71.22053895410535063, -13.56041411929451002 ) ) ;
#1752 = CIRCLE ( 'NONE', #1921, 5.000000000000000888 ) ;
#1753 = FACE_OUTER_BOUND ( 'NONE', #157, .T. ) ;
#1754 = CARTESIAN_POINT ( 'NONE',  ( -35.26126567799767741, 50.60240067167362099, 57.64924218538224920 ) ) ;
#1755 = ORIENTED_EDGE ( 'NONE', *, *, #980, .F. ) ;
#1756 = ORIENTED_EDGE ( 'NONE', *, *, #685, .T. ) ;
#1757 = DIRECTION ( 'NONE',  ( 0.000000000000000000, 0.000000000000000000, -1.000000000000000000 ) ) ;
#1758 = DIRECTION ( 'NONE',  ( -1.000000000000000000, 0.000000000000000000, 0.000000000000000000 ) ) ;
#1759 = ORIENTED_EDGE ( 'NONE', *, *, #2193, .F. ) ;
#1760 = EDGE_CURVE ( 'NONE', #489, #75, #600, .T. ) ;
#1761 = CARTESIAN_POINT ( 'NONE',  ( 44.21134476436350980, 71.54907392850574865, -12.01349766382712581 ) ) ;
#1762 = CARTESIAN_POINT ( 'NONE',  ( -44.86484410442024995, 44.19233616559516520, 57.47426730063862266 ) ) ;
#1763 = CARTESIAN_POINT ( 'NONE',  ( 40.00000000000000000, -93.35760335989121472, 362.9428076763803119 ) ) ;
#1764 = DIRECTION ( 'NONE',  ( 1.000000000000000000, 0.000000000000000000, 0.000000000000000000 ) ) ;
#1765 = B_SPLINE_CURVE_WITH_KNOTS ( 'NONE', 3,
 ( #1026, #819, #590, #2241, #1012, #562, #2052, #159, #186, #983, #204, #1850, #1184, #2635, #1606, #375, #404, #1417, #2421, #390, #1808, #1647, #791, #575, #1406, #1195 ),
 .UNSPECIFIED., .F., .F.,
 ( 4, 2, 2, 2, 2, 2, 2, 2, 2, 2, 2, 2, 4 ),
 ( 3.925231146709437301E-17, 0.005414845687572335600, 0.008122268531358485186, 0.01082969137514463304, 0.01353711421893078262, 0.01624453706271692874, 0.01759824848461000874, 0.01827510419555655047, 0.01895195990650309567, 0.01962881561744964087, 0.02030567132839618261, 0.02098252703934273128, 0.02165938275028927301 ),
 .UNSPECIFIED. ) ;
#1766 = DIRECTION ( 'NONE',  ( 0.000000000000000000, 0.8344016489210376308, -0.5511568635859063203 ) ) ;
#1767 = ORIENTED_EDGE ( 'NONE', *, *, #1626, .T. ) ;
#1768 = VECTOR ( 'NONE', #381, 1000.000000000000000 ) ;
#1769 = ORIENTED_EDGE ( 'NONE', *, *, #2299, .T. ) ;
#1770 = CARTESIAN_POINT ( 'NONE',  ( -50.00000000000000000, 238.7438782090230802, 208.3458911717285389 ) ) ;
#1771 = CARTESIAN_POINT ( 'NONE',  ( -35.12962437989607878, 77.65029395938063317, -8.313762293621374866 ) ) ;
#1772 = EDGE_CURVE ( 'NONE', #713, #2584, #169, .T. ) ;
#1773 = ORIENTED_EDGE ( 'NONE', *, *, #440, .F. ) ;
#1774 = DIRECTION ( 'NONE',  ( 0.000000000000000000, 0.5141423634013343458, 0.8577048619170174470 ) ) ;
#1775 = CARTESIAN_POINT ( 'NONE',  ( -42.44196251726047819, 48.52375372600363335, 54.80909887775102618 ) ) ;
#1776 = CARTESIAN_POINT ( 'NONE',  ( 39.82907029162313961, 51.53376174126772469, 58.16267313085913315 ) ) ;
#1777 = EDGE_CURVE ( 'NONE', #846, #427, #2491, .T. ) ;
#1778 = AXIS2_PLACEMENT_3D ( 'NONE', #1799, #187, #2451 ) ;
#1779 = LINE ( 'NONE', #100, #382 ) ;
#1780 = B_SPLINE_CURVE_WITH_KNOTS ( 'NONE', 3,
 ( #1621, #2621, #2228, #1817, #1604, #753, #2401, #1416, #764, #1183, #2410, #2433, #1390, #2595, #551, #982, #171, #1379, #1634, #774 ),
 .UNSPECIFIED., .F., .F.,
 ( 4, 2, 2, 2, 2, 2, 2, 2, 2, 4 ),
 ( 1.387778780781445676E-17, 0.002660117775725984787, 0.003990176663588975228, 0.005320235551451965236, 0.006650294439314955244, 0.007980353327177945252, 0.008645382771109443726, 0.009310412215040943934, 0.009975441658972444142, 0.01064047110290394435 ),
 .UNSPECIFIED. ) ;
#1781 = CARTESIAN_POINT ( 'NONE',  ( 40.00000000000000000, 169.9972611708121804, 177.7457914657134381 ) ) ;
#1782 = AXIS2_PLACEMENT_3D ( 'NONE', #1407, #173, #2390 ) ;
#1783 = VERTEX_POINT ( 'NONE', #626 ) ;
#1784 = CARTESIAN_POINT ( 'NONE',  ( -36.42541248585349223, 145.7050637078428110, 31.64864026244573836 ) ) ;
#1785 = CARTESIAN_POINT ( 'NONE',  ( -35.15902259363278404, 77.66350503872737931, -8.306666813893135881 ) ) ;
#1786 = ORIENTED_EDGE ( 'NONE', *, *, #718, .T. ) ;
#1787 = CARTESIAN_POINT ( 'NONE',  ( 40.97284710779238992, 51.49133541446169460, 53.86784892713365025 ) ) ;
#1788 = CARTESIAN_POINT ( 'NONE',  ( -38.57976538163455160, 47.18660300908717886, 56.47905738105305318 ) ) ;
#1789 = CIRCLE ( 'NONE', #2507, 5.000000000000015099 ) ;
#1790 = CARTESIAN_POINT ( 'NONE',  ( -42.00000000000000000, 251.3129923418950682, 134.0546135550686699 ) ) ;
#1791 = CC_DESIGN_DATE_AND_TIME_ASSIGNMENT ( #2431, #385, ( #683 ) ) ;
#1792 = CARTESIAN_POINT ( 'NONE',  ( 35.00000000000000000, 79.56111266485557110, -7.426248718476212929 ) ) ;
#1793 = VECTOR ( 'NONE', #2348, 1000.000000000000000 ) ;
#1794 = EDGE_CURVE ( 'NONE', #1893, #1241, #2060, .T. ) ;
#1795 = FACE_OUTER_BOUND ( 'NONE', #235, .T. ) ;
#1796 = ORIENTED_EDGE ( 'NONE', *, *, #2002, .F. ) ;
#1797 = CARTESIAN_POINT ( 'NONE',  ( 41.54886161946740231, 168.1653968247467219, 42.33827073463226043 ) ) ;
#1798 = CARTESIAN_POINT ( 'NONE',  ( 48.03420259491585398, 282.6556856985835111, 190.3143138996898358 ) ) ;
#1799 = CARTESIAN_POINT ( 'NONE',  ( -35.00000000000000711, 178.4980634015594489, 182.4792592638011115 ) ) ;
#1800 = CARTESIAN_POINT ( 'NONE',  ( -40.00000000000000711, 249.7774608269995724, 135.0812965620471289 ) ) ;
#1801 = DIRECTION ( 'NONE',  ( -1.000000000000000000, -0.000000000000000000, -0.000000000000000000 ) ) ;
#1802 = CARTESIAN_POINT ( 'NONE',  ( -35.00000000000000711, 178.4980634015594489, 172.4792592638011115 ) ) ;
#1803 = DIRECTION ( 'NONE',  ( 0.000000000000000000, 0.000000000000000000, -1.000000000000000000 ) ) ;
#1804 = PERSON_AND_ORGANIZATION_ROLE ( 'design_owner' ) ;
#1805 = EDGE_CURVE ( 'NONE', #2376, #103, #2069, .T. ) ;
#1806 = VERTEX_POINT ( 'NONE', #2483 ) ;
#1807 = CARTESIAN_POINT ( 'NONE',  ( 41.70820393249886138, 168.0771728319283795, 42.25846410826306254 ) ) ;
#1808 = CARTESIAN_POINT ( 'NONE',  ( 36.51103284191499654, 99.30728863087779246, 90.60345125375205555 ) ) ;
#1809 = AXIS2_PLACEMENT_3D ( 'NONE', #2382, #548, #760 ) ;
#1810 = CARTESIAN_POINT ( 'NONE',  ( 35.00000000000000000, 146.1529399364831363, 31.71958998725303402 ) ) ;
#1811 = CARTESIAN_POINT ( 'NONE',  ( -45.00000000000000000, 44.14230604075896025, 57.51266658227542194 ) ) ;
#1812 = CARTESIAN_POINT ( 'NONE',  ( -41.25059616370729998, 168.7300412503246889, 42.85927378102881846 ) ) ;
#1813 = DIRECTION ( 'NONE',  ( 1.000000000000000000, 0.000000000000000000, -0.000000000000000000 ) ) ;
#1814 = DIRECTION ( 'NONE',  ( -0.000000000000000000, 0.8577048619170161148, -0.5141423634013367883 ) ) ;
#1815 = APPROVAL_DATE_TIME ( #2250, #1201 ) ;
#1816 = EDGE_LOOP ( 'NONE', ( #1474, #129, #1568, #1099 ) ) ;
#1817 = CARTESIAN_POINT ( 'NONE',  ( -39.60223894898996377, 97.43695682571241434, 84.96233698905089682 ) ) ;
#1818 = ADVANCED_FACE ( 'NONE', ( #2236 ), #2028, .T. ) ;
#1819 = CARTESIAN_POINT ( 'NONE',  ( 48.43589549974331021, 283.0087857986362110, 191.1974410086652370 ) ) ;
#1820 = VECTOR ( 'NONE', #335, 1000.000000000000000 ) ;
#1821 = CARTESIAN_POINT ( 'NONE',  ( 43.36031767717559404, 46.86329318220809625, 55.66129713369251419 ) ) ;
#1822 = DIRECTION ( 'NONE',  ( 1.000000000000000000, 0.000000000000000000, 0.000000000000000000 ) ) ;
#1823 = ADVANCED_FACE ( 'NONE', ( #838 ), #1285, .T. ) ;
#1824 = EDGE_CURVE ( 'NONE', #2550, #1584, #83, .T. ) ;
#1825 = CARTESIAN_POINT ( 'NONE',  ( -41.54766936596749360, 168.1666860400715962, 42.33943982563761921 ) ) ;
#1826 = CYLINDRICAL_SURFACE ( 'NONE', #570, 43.10768710432624573 ) ;
#1827 = AXIS2_PLACEMENT_3D ( 'NONE', #2607, #1191, #2238 ) ;
#1828 = CARTESIAN_POINT ( 'NONE',  ( 48.06150963669314535, 168.0890225147635988, 42.26915426157540878 ) ) ;
#1829 = CARTESIAN_POINT ( 'NONE',  ( 39.85707772467228693, 50.84201997508357351, 57.67690428368173627 ) ) ;
#1830 = ORIENTED_EDGE ( 'NONE', *, *, #2426, .T. ) ;
#1831 =( BOUNDED_SURFACE ( )  B_SPLINE_SURFACE ( 3, 2, ( 
 ( #245, #848, #460 ),
 ( #2071, #1888, #650 ),
 ( #50, #1674, #833 ),
 ( #1664, #1489, #1248 ),
 ( #448, #27, #636 ),
 ( #860, #2309, #1865 ) ),
 .UNSPECIFIED., .F., .F., .F. ) 
 B_SPLINE_SURFACE_WITH_KNOTS ( ( 4, 2, 4 ),
 ( 3, 3 ),
 ( 0.000000000000000000, 0.003078020797848031453, 0.006156041595696062907 ),
 ( 0.000000000000000000, 1.000000000000000000 ),
 .UNSPECIFIED. ) 
 GEOMETRIC_REPRESENTATION_ITEM ( )  RATIONAL_B_SPLINE_SURFACE ( (
 ( 1.000000000000000000, 0.7071067811865475727, 1.000000000000000000),
 ( 1.000000000000000000, 0.7220481317039407765, 1.000000000000000000),
 ( 1.000000000000000000, 0.7364879636136804075, 1.000000000000000000),
 ( 1.000000000000000000, 0.7645294902278426674, 1.000000000000000000),
 ( 1.000000000000000000, 0.7782107577098098528, 1.000000000000000000),
 ( 1.000000000000000000, 0.7908103582310437307, 1.000000000000000000) ) ) 
 REPRESENTATION_ITEM ( '' )  SURFACE ( )  );
#1832 = COORDINATED_UNIVERSAL_TIME_OFFSET ( 1, 0, .AHEAD. ) ;
#1833 = VERTEX_POINT ( 'NONE', #2089 ) ;
#1834 = CARTESIAN_POINT ( 'NONE',  ( 41.68215192460023388, 168.0771728319525664, 42.25846410828260957 ) ) ;
#1835 = CARTESIAN_POINT ( 'NONE',  ( 41.56323447803254112, 283.0100083146240877, 191.2005947318950234 ) ) ;
#1836 = CARTESIAN_POINT ( 'NONE',  ( 48.12902970456693197, 282.6929883067917331, 190.4054013275792840 ) ) ;
#1837 = ADVANCED_FACE ( 'NONE', ( #1732 ), #654, .F. ) ;
#1838 = CARTESIAN_POINT ( 'NONE',  ( 45.00000000000000000, 71.22053895410543589, -13.56041411929452600 ) ) ;
#1839 = CARTESIAN_POINT ( 'NONE',  ( 40.00000000000000000, 178.4980634015594489, 172.4792592638011115 ) ) ;
#1840 = CARTESIAN_POINT ( 'NONE',  ( -35.00000000000000711, -111.6164071289371975, 352.2149077139229689 ) ) ;
#1841 = ORIENTED_EDGE ( 'NONE', *, *, #842, .F. ) ;
#1842 = ADVANCED_FACE ( 'NONE', ( #696 ), #1468, .F. ) ;
#1843 = CARTESIAN_POINT ( 'NONE',  ( 39.89886002675552845, 138.6996972653035414, 31.14770941313073394 ) ) ;
#1844 = CARTESIAN_POINT ( 'NONE',  ( 48.45244374944080334, 168.7102651661658967, 42.84041467437519657 ) ) ;
#1845 = CARTESIAN_POINT ( 'NONE',  ( 40.76289827191791915, 51.99142246403742718, 53.83462582578501099 ) ) ;
#1846 = ORIENTED_EDGE ( 'NONE', *, *, #2316, .F. ) ;
#1847 = DIRECTION ( 'NONE',  ( 0.000000000000000000, 0.000000000000000000, 1.000000000000000000 ) ) ;
#1848 = PERSON_AND_ORGANIZATION ( #2049, #450 ) ;
#1849 = CARTESIAN_POINT ( 'NONE',  ( 42.46268499093351778, 72.67245948940805533, -8.665118540787785761 ) ) ;
#1850 = CARTESIAN_POINT ( 'NONE',  ( 38.53290278169321681, 100.4103376142339243, 93.07684898254231598 ) ) ;
#1851 = CARTESIAN_POINT ( 'NONE',  ( -41.70820393249885427, 168.0771728319283795, 42.25846410826306254 ) ) ;
#1852 = CARTESIAN_POINT ( 'NONE',  ( -40.00000000000000000, 136.8002873416259320, 31.22154590895522830 ) ) ;
#1853 = DIRECTION ( 'NONE',  ( 0.000000000000000000, 0.000000000000000000, 1.000000000000000000 ) ) ;
#1854 = AXIS2_PLACEMENT_3D ( 'NONE', #2261, #1629, #585 ) ;
#1855 = DIRECTION ( 'NONE',  ( 0.000000000000000000, -0.5141423634013367883, -0.8577048619170162258 ) ) ;
#1856 = LINE ( 'NONE', #2427, #1443 ) ;
#1857 = CARTESIAN_POINT ( 'NONE',  ( 37.00231186116472060, 48.27376703797467883, 56.59682550704278725 ) ) ;
#1858 = ADVANCED_FACE ( 'NONE', ( #1525 ), #1707, .F. ) ;
#1859 = ORIENTED_EDGE ( 'NONE', *, *, #502, .F. ) ;
#1860 = COORDINATED_UNIVERSAL_TIME_OFFSET ( 1, 0, .AHEAD. ) ;
#1861 = CARTESIAN_POINT ( 'NONE',  ( -39.00995995810509953, 142.0943562308686410, 31.24628855200580446 ) ) ;
#1862 = DIRECTION ( 'NONE',  ( -1.000000000000000000, 0.000000000000000000, 0.000000000000000000 ) ) ;
#1863 = ORIENTED_EDGE ( 'NONE', *, *, #290, .F. ) ;
#1864 = CARTESIAN_POINT ( 'NONE',  ( -45.00000000000000000, 44.14230604075893893, 57.51266658227539352 ) ) ;
#1865 = CARTESIAN_POINT ( 'NONE',  ( 36.49765857894750809, 74.08406911433860387, -9.934392760299882497 ) ) ;
#1866 = CARTESIAN_POINT ( 'NONE',  ( 40.00000000000000000, 178.4980634015594489, 172.4792592638011115 ) ) ;
#1867 = CARTESIAN_POINT ( 'NONE',  ( 39.22737503885652899, 141.4656369531651592, 31.21208322773509281 ) ) ;
#1868 = CIRCLE ( 'NONE', #2590, 4.999999999999997335 ) ;
#1869 = DIRECTION ( 'NONE',  ( -1.000000000000000000, -0.000000000000000000, -0.000000000000000000 ) ) ;
#1870 = B_SPLINE_CURVE_WITH_KNOTS ( 'NONE', 3,
 ( #2219, #2245, #1828, #177, #412, #2027, #2012, #783, #163, #1844, #1601, #1253, #801, #380, #989, #2455, #2653, #812, #369, #2468 ),
 .UNSPECIFIED., .F., .F.,
 ( 4, 2, 2, 2, 2, 2, 2, 2, 2, 4 ),
 ( 0.000000000000000000, 9.472459958465790698E-05, 0.0001894491991693158140, 0.0003788983983386197017, 0.0007577967966772925293, 0.001515593593354624740, 0.003031187186709284609, 0.006062374373418561412, 0.009093561560127836479, 0.01212474874683711415 ),
 .UNSPECIFIED. ) ;
#1871 = EDGE_LOOP ( 'NONE', ( #1940, #2633, #841, #1534 ) ) ;
#1872 = CARTESIAN_POINT ( 'NONE',  ( -42.04290019195243389, 71.65830157396283084, -12.23545409403211082 ) ) ;
#1873 = EDGE_CURVE ( 'NONE', #2541, #228, #1542, .T. ) ;
#1874 = DIRECTION ( 'NONE',  ( 0.000000000000000000, -0.8724862914096771505, -0.4886385896572107979 ) ) ;
#1875 = AXIS2_PLACEMENT_3D ( 'NONE', #2181, #1159, #541 ) ;
#1876 = AXIS2_PLACEMENT_3D ( 'NONE', #806, #561, #2252 ) ;
#1877 = CARTESIAN_POINT ( 'NONE',  ( -35.00000000000000000, 248.4805323876517207, 129.8478069560154040 ) ) ;
#1878 = CARTESIAN_POINT ( 'NONE',  ( -48.68453433309369416, 283.3801769388788330, 192.1823184026821991 ) ) ;
#1879 = CARTESIAN_POINT ( 'NONE',  ( -35.00000000000000711, 240.2185238326503054, 135.4815636633185534 ) ) ;
#1880 = CARTESIAN_POINT ( 'NONE',  ( 35.00000000000000000, 146.1529399364831363, 31.71958998725303402 ) ) ;
#1881 = CARTESIAN_POINT ( 'NONE',  ( -37.58376787145676445, 147.7847323675144935, 32.01827241233834087 ) ) ;
#1882 = CARTESIAN_POINT ( 'NONE',  ( 41.50078035520648712, 47.59644951137195790, 56.32654184472674785 ) ) ;
#1883 = ORIENTED_EDGE ( 'NONE', *, *, #122, .T. ) ;
#1884 = CALENDAR_DATE ( 2026, 8, 5 ) ;
#1885 = CARTESIAN_POINT ( 'NONE',  ( -39.56639321166379375, 102.2875868842781273, 96.54912904603098411 ) ) ;
#1886 = EDGE_CURVE ( 'NONE', #1086, #1487, #2156, .T. ) ;
#1887 = CARTESIAN_POINT ( 'NONE',  ( 38.26211811647513628, 148.9523548496547107, 32.27102411256459646 ) ) ;
#1888 = CARTESIAN_POINT ( 'NONE',  ( 39.79300004656608536, 78.99169126262229668, -7.692101429611293284 ) ) ;
#1889 = CARTESIAN_POINT ( 'NONE',  ( 40.21749194750115208, 248.7825899577015321, 130.2907799769461690 ) ) ;
#1890 = VERTEX_POINT ( 'NONE', #721 ) ;
#1891 = CARTESIAN_POINT ( 'NONE',  ( -38.43763451583842539, 149.3540206482063581, 32.36613913698619882 ) ) ;
#1892 = CARTESIAN_POINT ( 'NONE',  ( 40.37631014234905535, 49.26587927251917876, 56.59273184336563389 ) ) ;
#1893 = VERTEX_POINT ( 'NONE', #2561 ) ;
#1894 = CARTESIAN_POINT ( 'NONE',  ( -48.45143044233578422, 168.7077100203301825, 42.83801731225452869 ) ) ;
#1895 = DIRECTION ( 'NONE',  ( 1.000000000000000000, 0.000000000000000000, 0.000000000000000000 ) ) ;
#1896 = CARTESIAN_POINT ( 'NONE',  ( 35.49905474427017538, 76.29295729623000000, -8.934945031359040613 ) ) ;
#1897 = ORIENTED_EDGE ( 'NONE', *, *, #1744, .T. ) ;
#1898 = ADVANCED_FACE ( 'NONE', ( #2197 ), #1590, .T. ) ;
#1899 = CARTESIAN_POINT ( 'NONE',  ( 37.66434400325042020, 98.60735115407744900, 88.78093138945524743 ) ) ;
#1900 = CARTESIAN_POINT ( 'NONE',  ( -48.20821146400460577, 282.7498877637061696, 190.5453385931457717 ) ) ;
#1901 = CARTESIAN_POINT ( 'NONE',  ( 40.21895222250108048, 249.9716966670125089, 132.0492125916767066 ) ) ;
#1902 = AXIS2_PLACEMENT_3D ( 'NONE', #568, #625, #2043 ) ;
#1903 = ORIENTED_EDGE ( 'NONE', *, *, #1160, .F. ) ;
#1904 = EDGE_CURVE ( 'NONE', #2470, #679, #2269, .T. ) ;
#1905 = DIRECTION ( 'NONE',  ( -0.000000000000000000, 0.5633756707303153588, 0.8262008555001425503 ) ) ;
#1906 = CARTESIAN_POINT ( 'NONE',  ( -40.26069255425628768, 285.1499823927402417, 198.2957419232837140 ) ) ;
#1907 = VERTEX_POINT ( 'NONE', #1588 ) ;
#1908 = AXIS2_PLACEMENT_3D ( 'NONE', #1288, #471, #820 ) ;
#1909 = DIRECTION ( 'NONE',  ( 1.000000000000000000, -0.000000000000000000, -0.000000000000000000 ) ) ;
#1910 = AXIS2_PLACEMENT_3D ( 'NONE', #2004, #1992, #1377 ) ;
#1911 = CARTESIAN_POINT ( 'NONE',  ( 36.03071292812170157, 74.94203412692459665, -9.548256503304990872 ) ) ;
#1912 = EDGE_LOOP ( 'NONE', ( #1903, #2375, #1897, #2325 ) ) ;
#1913 = ORIENTED_EDGE ( 'NONE', *, *, #337, .T. ) ;
#1914 = CARTESIAN_POINT ( 'NONE',  ( -50.00000000000002132, 285.7235931552384613, 201.4569939733858348 ) ) ;
#1915 = TOROIDAL_SURFACE ( 'NONE', #751, 413.7470125719127623, 5.000000000000000000 ) ;
#1916 = CARTESIAN_POINT ( 'NONE',  ( -36.49765857894752230, 74.08406911433858966, -9.934392760299836311 ) ) ;
#1917 = VERTEX_POINT ( 'NONE', #746 ) ;
#1918 = CARTESIAN_POINT ( 'NONE',  ( 40.00000000000000000, 238.7438782090230802, 255.8157196516979184 ) ) ;
#1919 = CARTESIAN_POINT ( 'NONE',  ( -38.25904245659914693, 148.9454489938711390, 32.26940014883872720 ) ) ;
#1920 = CARTESIAN_POINT ( 'NONE',  ( 43.19859372818529408, 47.15246376297677955, 55.50674013057348333 ) ) ;
#1921 = AXIS2_PLACEMENT_3D ( 'NONE', #2413, #188, #973 ) ;
#1922 = EDGE_CURVE ( 'NONE', #1728, #2541, #855, .T. ) ;
#1923 = ORIENTED_EDGE ( 'NONE', *, *, #2143, .T. ) ;
#1924 = DIRECTION ( 'NONE',  ( 0.000000000000000000, 0.000000000000000000, 1.000000000000000000 ) ) ;
#1925 = CARTESIAN_POINT ( 'NONE',  ( 41.31249061455336857, 71.83138394227815127, -11.91781980709522770 ) ) ;
#1926 = ORIENTED_EDGE ( 'NONE', *, *, #1578, .T. ) ;
#1927 = ORIENTED_EDGE ( 'NONE', *, *, #2350, .F. ) ;
#1928 = CARTESIAN_POINT ( 'NONE',  ( -40.87878628716038065, 74.43371378240151159, -5.788417650037755990 ) ) ;
#1929 = CARTESIAN_POINT ( 'NONE',  ( -39.99999999999999289, 76.96766916388517643, -3.351214152727601814 ) ) ;
#1930 = ORIENTED_EDGE ( 'NONE', *, *, #1984, .T. ) ;
#1931 = CARTESIAN_POINT ( 'NONE',  ( -38.30451659720063162, 47.35716107858938528, 56.47905738105306028 ) ) ;
#1932 = CARTESIAN_POINT ( 'NONE',  ( 41.31650597903014699, 73.82081570702973750, -6.557569712841121223 ) ) ;
#1933 = CARTESIAN_POINT ( 'NONE',  ( -35.83633053297307214, 49.32046729799156282, 56.94734728918469813 ) ) ;
#1934 = CARTESIAN_POINT ( 'NONE',  ( 45.00000000000000000, 44.14230604075896025, 57.51266658227542194 ) ) ;
#1935 = LINE ( 'NONE', #305, #1002 ) ;
#1936 = EDGE_CURVE ( 'NONE', #1994, #1425, #507, .T. ) ;
#1937 = CARTESIAN_POINT ( 'NONE',  ( 41.40578235431016196, 73.71002539895819439, -6.717311721035306604 ) ) ;
#1938 = EDGE_CURVE ( 'NONE', #1155, #1086, #619, .T. ) ;
#1939 = CARTESIAN_POINT ( 'NONE',  ( -39.83889079068702443, 51.22691685317084875, 57.99164870769998714 ) ) ;
#1940 = ORIENTED_EDGE ( 'NONE', *, *, #2105, .T. ) ;
#1941 = CARTESIAN_POINT ( 'NONE',  ( -40.19713310828023367, 74.79604893177042868, -9.336671682845560483 ) ) ;
#1942 = CARTESIAN_POINT ( 'NONE',  ( 50.00000000000000000, 110.3185727521846218, 106.2665484942682497 ) ) ;
#1943 = EDGE_LOOP ( 'NONE', ( #2164, #752, #1359, #285 ) ) ;
#1944 = CARTESIAN_POINT ( 'NONE',  ( 40.63527859021382937, 74.01991883103985970, -9.663726636964142358 ) ) ;
#1945 = CARTESIAN_POINT ( 'NONE',  ( -42.82394957088958165, 45.00843736514709548, 56.97109235486517065 ) ) ;
#1946 = CARTESIAN_POINT ( 'NONE',  ( -41.67769863665987629, 282.8668018092492389, 190.8367814960509747 ) ) ;
#1947 = CARTESIAN_POINT ( 'NONE',  ( -39.83836134709657983, 248.4390502804615721, 132.4750043084532081 ) ) ;
#1948 = VECTOR ( 'NONE', #1036, 1000.000000000000000 ) ;
#1949 = CARTESIAN_POINT ( 'NONE',  ( -39.82907029161893320, 51.53376174127198084, 58.16267313086127899 ) ) ;
#1950 = VERTEX_POINT ( 'NONE', #2171 ) ;
#1951 = EDGE_CURVE ( 'NONE', #884, #713, #2183, .T. ) ;
#1952 = AXIS2_PLACEMENT_3D ( 'NONE', #2332, #1591, #1181 ) ;
#1953 = CARTESIAN_POINT ( 'NONE',  ( -48.81268143526612135, 169.7535626982254371, 43.85096429721840394 ) ) ;
#1954 = ORIENTED_EDGE ( 'NONE', *, *, #947, .F. ) ;
#1955 = CARTESIAN_POINT ( 'NONE',  ( -41.80285758617118574, 73.27331979688460706, -7.439288005242151058 ) ) ;
#1956 = CARTESIAN_POINT ( 'NONE',  ( -50.00000000000000000, 238.7438782090230802, 208.3458911717285389 ) ) ;
#1957 = VERTEX_POINT ( 'NONE', #709 ) ;
#1958 = TOROIDAL_SURFACE ( 'NONE', #1151, 411.7470125719110001, 2.000000000000000000 ) ;
#1959 = CARTESIAN_POINT ( 'NONE',  ( -41.56410450025668268, 283.0087857986363247, 191.1974410086653222 ) ) ;
#1960 = AXIS2_PLACEMENT_3D ( 'NONE', #394, #2438, #2056 ) ;
#1961 = CARTESIAN_POINT ( 'NONE',  ( -44.81864199197799792, 71.28854334234603130, -13.20324883369635316 ) ) ;
#1962 = CIRCLE ( 'NONE', #966, 5.000000000000000888 ) ;
#1963 = CARTESIAN_POINT ( 'NONE',  ( -40.21917073478782356, 249.0851772294513182, 130.7364089351062546 ) ) ;
#1964 = CARTESIAN_POINT ( 'NONE',  ( -39.99999999999988631, 52.70245586905270585, 58.81614957174353719 ) ) ;
#1965 = ORIENTED_EDGE ( 'NONE', *, *, #2319, .F. ) ;
#1966 = CARTESIAN_POINT ( 'NONE',  ( -49.30107509141944178, 171.4394781868712982, 45.63164628509611731 ) ) ;
#1967 = ORIENTED_EDGE ( 'NONE', *, *, #2487, .F. ) ;
#1968 = DIRECTION ( 'NONE',  ( 0.000000000000000000, 0.000000000000000000, 1.000000000000000000 ) ) ;
#1969 = ADVANCED_FACE ( 'NONE', ( #2353 ), #2429, .T. ) ;
#1970 = CARTESIAN_POINT ( 'NONE',  ( 35.00000000000000000, 245.3599474666636411, 144.0586122824886672 ) ) ;
#1971 = VERTEX_POINT ( 'NONE', #781 ) ;
#1972 = FACE_OUTER_BOUND ( 'NONE', #743, .T. ) ;
#1973 = CARTESIAN_POINT ( 'NONE',  ( -43.63878930534457368, 44.67013734255016999, 57.15656514721573700 ) ) ;
#1974 = CARTESIAN_POINT ( 'NONE',  ( -41.81982478997230857, 282.7257670449070588, 190.4858401188893993 ) ) ;
#1975 = CARTESIAN_POINT ( 'NONE',  ( -39.86403018971496692, 248.6926349252561010, 132.9340901183500137 ) ) ;
#1976 = CARTESIAN_POINT ( 'NONE',  ( 44.25888250882013608, 71.29401055186728797, -13.22236432675111928 ) ) ;
#1977 = VERTEX_POINT ( 'NONE', #1235 ) ;
#1978 = VERTEX_POINT ( 'NONE', #2025 ) ;
#1979 = CARTESIAN_POINT ( 'NONE',  ( -45.00000000000000000, 71.22053895410543589, -13.56041411929452423 ) ) ;
#1980 = DIRECTION ( 'NONE',  ( 0.000000000000000000, -0.5141423634013384536, -0.8577048619170150046 ) ) ;
#1981 = CARTESIAN_POINT ( 'NONE',  ( -48.10919547576014565, 168.1187490325992826, 42.29602366458497897 ) ) ;
#1982 = ORIENTED_EDGE ( 'NONE', *, *, #1722, .F. ) ;
#1983 = LINE ( 'NONE', #544, #1993 ) ;
#1984 = EDGE_CURVE ( 'NONE', #634, #1453, #2391, .T. ) ;
#1985 = CARTESIAN_POINT ( 'NONE',  ( 41.47370484323840145, 73.63193409604053841, -6.840091060423029390 ) ) ;
#1986 = CARTESIAN_POINT ( 'NONE',  ( -44.31896940869191326, 44.40034441103090757, 57.32685015443765053 ) ) ;
#1987 = B_SPLINE_CURVE_WITH_KNOTS ( 'NONE', 3,
 ( #2011, #987, #622, #2651, #1650, #1825, #1198, #423, #1249, #2072, #1812, #1638, #1611, #1211, #2614, #1600, #2639, #487, #284, #2336 ),
 .UNSPECIFIED., .F., .F.,
 ( 4, 2, 2, 2, 2, 2, 2, 2, 2, 4 ),
 ( 0.000000000000000000, 7.787917357348921770E-05, 0.0001557583471469784354, 0.0003115166942939437520, 0.0006230333885878841429, 0.001246066777175751372, 0.002492133554351559123, 0.004984267108703174624, 0.007476400663054789258, 0.009968534217406404760 ),
 .UNSPECIFIED. ) ;
#1988 = CARTESIAN_POINT ( 'NONE',  ( 40.20796527827145894, 53.52025074890403999, 54.01856243355873488 ) ) ;
#1989 = AXIS2_PLACEMENT_3D ( 'NONE', #545, #1551, #2169 ) ;
#1990 = ADVANCED_FACE ( 'NONE', ( #2425 ), #409, .F. ) ;
#1991 = CARTESIAN_POINT ( 'NONE',  ( 40.00000000000000000, 49.58342023564560463, 57.09097497726062187 ) ) ;
#1992 = DIRECTION ( 'NONE',  ( 7.615281879082845679E-15, -0.8577048619170191124, 0.5141423634013320143 ) ) ;
#1993 = VECTOR ( 'NONE', #744, 1000.000000000000000 ) ;
#1994 = VERTEX_POINT ( 'NONE', #999 ) ;
#1995 = CARTESIAN_POINT ( 'NONE',  ( 39.85199700109507859, 173.9514277501022832, 48.74513723171877189 ) ) ;
#1996 = CARTESIAN_POINT ( 'NONE',  ( 49.60349625680915864, 284.9117452178849703, 197.2532761545182325 ) ) ;
#1997 = DIRECTION ( 'NONE',  ( 0.000000000000000000, 0.000000000000000000, -1.000000000000000000 ) ) ;
#1998 = CARTESIAN_POINT ( 'NONE',  ( -40.00000000000000000, 168.0771728319283795, 42.25846410826306254 ) ) ;
#1999 = CARTESIAN_POINT ( 'NONE',  ( 35.00000000000000000, 52.70245586905308954, 58.81614957174375746 ) ) ;
#2000 = DIRECTION ( 'NONE',  ( -1.000000000000000000, -0.000000000000000000, -0.000000000000000000 ) ) ;
#2001 = VECTOR ( 'NONE', #869, 1000.000000000000000 ) ;
#2002 = EDGE_CURVE ( 'NONE', #1569, #1435, #2589, .T. ) ;
#2003 = AXIS2_PLACEMENT_3D ( 'NONE', #1770, #297, #2582 ) ;
#2004 = CARTESIAN_POINT ( 'NONE',  ( 35.00000000000000000, 183.6394870355727562, 181.0563078829713106 ) ) ;
#2005 = DIRECTION ( 'NONE',  ( -1.000000000000000000, 0.000000000000000000, 0.000000000000000000 ) ) ;
#2006 = ORIENTED_EDGE ( 'NONE', *, *, #155, .T. ) ;
#2007 = CARTESIAN_POINT ( 'NONE',  ( 41.61536656247256616, 168.1072311421067127, 42.28560980738830466 ) ) ;
#2008 = CARTESIAN_POINT ( 'NONE',  ( 49.28399232386093587, 284.3680152551936544, 195.1946109731991896 ) ) ;
#2009 = CARTESIAN_POINT ( 'NONE',  ( 39.83144399001731273, 248.3922826043850876, 132.3709053158918323 ) ) ;
#2010 = CARTESIAN_POINT ( 'NONE',  ( -39.93587896562494421, 249.3422557099347330, 134.1637514941599534 ) ) ;
#2011 = CARTESIAN_POINT ( 'NONE',  ( -41.70820393249885427, 168.0771728319283795, 42.25846410826306254 ) ) ;
#2012 = CARTESIAN_POINT ( 'NONE',  ( 48.21312625342229552, 168.2362868907675590, 42.40271325191982754 ) ) ;
#2013 = DIRECTION ( 'NONE',  ( -1.000000000000000000, -0.000000000000000000, -0.000000000000000000 ) ) ;
#2014 = ADVANCED_FACE ( 'NONE', ( #1625 ), #566, .T. ) ;
#2015 = APPROVAL_STATUS ( 'not_yet_approved' ) ;
#2016 = EDGE_CURVE ( 'NONE', #1893, #763, #668, .T. ) ;
#2017 = ORIENTED_EDGE ( 'NONE', *, *, #1215, .T. ) ;
#2018 = DIRECTION ( 'NONE',  ( -1.000000000000000000, -0.000000000000000000, -0.000000000000000000 ) ) ;
#2019 = TOROIDAL_SURFACE ( 'NONE', #470, 10.00000000000000000, 5.000000000000000000 ) ;
#2020 = CARTESIAN_POINT ( 'NONE',  ( 41.20725001589202918, 283.5571102447680687, 192.6794368610371748 ) ) ;
#2021 = CARTESIAN_POINT ( 'NONE',  ( 48.79184684239420733, 283.5556444380990797, 192.6752347963094678 ) ) ;
#2022 = DIRECTION ( 'NONE',  ( 0.000000000000000000, 0.000000000000000000, 1.000000000000000000 ) ) ;
#2023 = CARTESIAN_POINT ( 'NONE',  ( 40.00000000000000000, 249.7774608269995440, 135.0812965620471289 ) ) ;
#2024 = CARTESIAN_POINT ( 'NONE',  ( 38.57976538163455160, 47.18660300908717886, 56.47905738105305318 ) ) ;
#2025 = CARTESIAN_POINT ( 'NONE',  ( 48.00000000000000000, 8.878689293818309285E-15, -72.50000000000000000 ) ) ;
#2026 = CARTESIAN_POINT ( 'NONE',  ( 36.76745401955454895, 145.4903007154530883, 31.61579800764716808 ) ) ;
#2027 = CARTESIAN_POINT ( 'NONE',  ( 48.18469748326633351, 168.1951097956373644, 42.36523975110125662 ) ) ;
#2028 = CYLINDRICAL_SURFACE ( 'NONE', #2655, 47.46982847996938659 ) ;
#2029 = ORIENTED_EDGE ( 'NONE', *, *, #1203, .T. ) ;
#2030 = APPROVAL_STATUS ( 'not_yet_approved' ) ;
#2031 = ADVANCED_FACE ( 'NONE', ( #1029 ), #1280, .F. ) ;
#2032 = ORIENTED_EDGE ( 'NONE', *, *, #253, .T. ) ;
#2033 = CARTESIAN_POINT ( 'NONE',  ( 39.79157423749917655, 174.4242876965986682, 49.41552699879044752 ) ) ;
#2034 = CARTESIAN_POINT ( 'NONE',  ( 48.18017521002770565, 282.7257670449071156, 190.4858401188894561 ) ) ;
#2035 = EDGE_CURVE ( 'NONE', #1745, #1806, #192, .T. ) ;
#2036 = TOROIDAL_SURFACE ( 'NONE', #534, 341.2789318650891914, 5.000000000000000000 ) ;
#2037 = CARTESIAN_POINT ( 'NONE',  ( 44.21307739156664951, 71.28922017985014747, -13.19969402103385114 ) ) ;
#2038 = CARTESIAN_POINT ( 'NONE',  ( -43.41885944779402706, 46.76728631328972341, 55.72897914652612172 ) ) ;
#2039 = CARTESIAN_POINT ( 'NONE',  ( -40.00000000000000000, -111.6164071289441324, 352.2149077139166025 ) ) ;
#2040 = VERTEX_POINT ( 'NONE', #2453 ) ;
#2041 = CARTESIAN_POINT ( 'NONE',  ( 39.89458339319952529, 97.12693397385524463, 83.69988459909455969 ) ) ;
#2042 = VECTOR ( 'NONE', #2343, 1000.000000000000000 ) ;
#2043 = DIRECTION ( 'NONE',  ( 0.000000000000000000, 0.000000000000000000, 1.000000000000000000 ) ) ;
#2044 = CARTESIAN_POINT ( 'NONE',  ( 36.52579654348219407, 48.66553915187341062, 56.70078849533719278 ) ) ;
#2045 = ORIENTED_EDGE ( 'NONE', *, *, #2487, .T. ) ;
#2046 = CARTESIAN_POINT ( 'NONE',  ( -40.00000000000000000, -93.35760335989121472, 362.9428076763803119 ) ) ;
#2047 = AXIS2_PLACEMENT_3D ( 'NONE', #2663, #1395, #822 ) ;
#2048 = PERSON_AND_ORGANIZATION ( #2049, #450 ) ;
#2049 = PERSON ( 'UNSPECIFIED', 'UNSPECIFIED', 'UNSPECIFIED', ('UNSPECIFIED'), ('UNSPECIFIED'), ('UNSPECIFIED') ) ;
#2050 = AXIS2_PLACEMENT_3D ( 'NONE', #42, #234, #1293 ) ;
#2051 = CARTESIAN_POINT ( 'NONE',  ( 41.08822988556209310, 169.1590542686353444, 43.26641788185702353 ) ) ;
#2052 = CARTESIAN_POINT ( 'NONE',  ( 39.84099210792710011, 103.7553359179647998, 98.81690965982666341 ) ) ;
#2053 = ADVANCED_FACE ( 'NONE', ( #2465 ), #145, .F. ) ;
#2054 = CARTESIAN_POINT ( 'NONE',  ( 44.79431271835353812, 44.47081482267892483, 57.26341771610835707 ) ) ;
#2055 = CARTESIAN_POINT ( 'NONE',  ( -39.79157423749919786, 247.8757136511297006, 131.4965641162802683 ) ) ;
#2056 = DIRECTION ( 'NONE',  ( 0.000000000000000000, 0.000000000000000000, -1.000000000000000000 ) ) ;
#2057 = ORIENTED_EDGE ( 'NONE', *, *, #1426, .T. ) ;
#2058 = CARTESIAN_POINT ( 'NONE',  ( 35.24245494231800535, 146.1529399364832216, 31.71958998725305534 ) ) ;
#2059 = CARTESIAN_POINT ( 'NONE',  ( 41.70820393249886138, -93.35760335989121472, 362.9428076763803119 ) ) ;
#2060 = LINE ( 'NONE', #990, #2199 ) ;
#2061 = VERTEX_POINT ( 'NONE', #2256 ) ;
#2062 = AXIS2_PLACEMENT_3D ( 'NONE', #2254, #1209, #1997 ) ;
#2063 = DIRECTION ( 'NONE',  ( -1.000000000000000000, -0.000000000000000000, -0.000000000000000000 ) ) ;
#2064 = DATE_AND_TIME ( #1884, #2513 ) ;
#2065 = ORIENTED_EDGE ( 'NONE', *, *, #1461, .F. ) ;
#2066 = CARTESIAN_POINT ( 'NONE',  ( 43.54296738154772584, 71.91155696504570471, -10.71953789651981737 ) ) ;
#2067 = CARTESIAN_POINT ( 'NONE',  ( 41.80964158132581332, 249.9041426761026514, 131.9488230653907124 ) ) ;
#2068 = ORIENTED_EDGE ( 'NONE', *, *, #2443, .F. ) ;
#2069 = CIRCLE ( 'NONE', #1252, 413.7470125719110001 ) ;
#2070 = DIRECTION ( 'NONE',  ( 0.8587279013445020537, -0.5124318407871111258, 0.000000000000000000 ) ) ;
#2071 = CARTESIAN_POINT ( 'NONE',  ( 39.99999999999999289, 76.96566241597776070, -3.353125612308368364 ) ) ;
#2072 = CARTESIAN_POINT ( 'NONE',  ( -41.30813764001094057, 168.5859430087497515, 42.72440854968646562 ) ) ;
#2073 = CARTESIAN_POINT ( 'NONE',  ( 40.00000000000000000, 247.3065706632366130, 137.0622179312596529 ) ) ;
#2074 = DIRECTION ( 'NONE',  ( 0.8587279013445016096, 0.5124318407871115699, 0.000000000000000000 ) ) ;
#2075 = CARTESIAN_POINT ( 'NONE',  ( 39.99776309008603903, 50.10549497192128143, 57.00532102357410480 ) ) ;
#2076 = EDGE_CURVE ( 'NONE', #1584, #2470, #107, .T. ) ;
#2077 = ORIENTED_EDGE ( 'NONE', *, *, #122, .F. ) ;
#2078 = CARTESIAN_POINT ( 'NONE',  ( -50.00000000000000000, 139.1978727920571828, 74.26250630126496333 ) ) ;
#2079 = FACE_OUTER_BOUND ( 'NONE', #247, .T. ) ;
#2080 = CARTESIAN_POINT ( 'NONE',  ( -35.26144292547427739, 50.60173925670019912, 57.64887795766529166 ) ) ;
#2081 = DIRECTION ( 'NONE',  ( 0.000000000000000000, 0.000000000000000000, -1.000000000000000000 ) ) ;
#2082 = EDGE_LOOP ( 'NONE', ( #598, #2400, #57, #1545, #1063, #242, #2565, #2262 ) ) ;
#2083 = CARTESIAN_POINT ( 'NONE',  ( -40.31180119480377755, 53.20070608357141140, 53.94032875655574344 ) ) ;
#2084 = CARTESIAN_POINT ( 'NONE',  ( -48.11118542862950420, 282.6828103567294193, 190.3804948555446401 ) ) ;
#2085 = CARTESIAN_POINT ( 'NONE',  ( 39.86403018971316214, 248.6926349252491093, 132.9340901183570054 ) ) ;
#2086 = CARTESIAN_POINT ( 'NONE',  ( 35.93843133931770240, 145.9694196931274917, 31.68993149750286165 ) ) ;
#2087 = AXIS2_PLACEMENT_3D ( 'NONE', #656, #1682, #867 ) ;
#2088 = CARTESIAN_POINT ( 'NONE',  ( -35.89692265756249867, 146.3211732768187971, 31.74738149703401646 ) ) ;
#2089 = CARTESIAN_POINT ( 'NONE',  ( 35.00000000000000000, 178.4980634015594489, 177.4792592638011115 ) ) ;
#2090 = ORIENTED_EDGE ( 'NONE', *, *, #1501, .F. ) ;
#2091 = CIRCLE ( 'NONE', #1006, 5.000000000000001776 ) ;
#2092 = CARTESIAN_POINT ( 'NONE',  ( -38.11566143888130398, 73.02510087271974726, -10.57228595745417188 ) ) ;
#2093 = EDGE_CURVE ( 'NONE', #228, #2040, #1987, .T. ) ;
#2094 = CARTESIAN_POINT ( 'NONE',  ( -35.62360238960755510, 49.58342023564560463, 57.09097497726062187 ) ) ;
#2095 = CARTESIAN_POINT ( 'NONE',  ( -38.85428902174987797, 100.7928872923862684, 93.84599109800258532 ) ) ;
#2096 = AXIS2_PLACEMENT_3D ( 'NONE', #2627, #175, #2217 ) ;
#2097 = VERTEX_POINT ( 'NONE', #661 ) ;
#2098 = AXIS2_PLACEMENT_3D ( 'NONE', #2638, #1384, #354 ) ;
#2099 = CARTESIAN_POINT ( 'NONE',  ( -40.10515812065995078, 53.83662951128113150, 54.09602100705254202 ) ) ;
#2100 = DIRECTION ( 'NONE',  ( 1.000000000000000000, -0.000000000000000000, -0.000000000000000000 ) ) ;
#2101 = DIRECTION ( 'NONE',  ( 1.000000000000000000, 0.000000000000000000, 0.000000000000000000 ) ) ;
#2102 = CARTESIAN_POINT ( 'NONE',  ( 39.79157423749917655, 174.4242876965986682, 49.41552699879044752 ) ) ;
#2103 = CARTESIAN_POINT ( 'NONE',  ( 42.12732082084392715, 49.11506815265808257, 54.54772122078815499 ) ) ;
#2104 = EDGE_LOOP ( 'NONE', ( #6, #258, #550, #2337 ) ) ;
#2105 = EDGE_CURVE ( 'NONE', #884, #1340, #887, .T. ) ;
#2106 = ORIENTED_EDGE ( 'NONE', *, *, #155, .F. ) ;
#2107 = CARTESIAN_POINT ( 'NONE',  ( -37.90693379771368399, 99.90086184413944181, 91.98406241586401677 ) ) ;
#2108 = EDGE_LOOP ( 'NONE', ( #2150, #525, #803, #755, #1685, #1954 ) ) ;
#2109 = EDGE_CURVE ( 'NONE', #1917, #572, #494, .T. ) ;
#2110 = CYLINDRICAL_SURFACE ( 'NONE', #1908, 72.50000000000000000 ) ;
#2111 = CARTESIAN_POINT ( 'NONE',  ( -35.00000000000000711, 55.14564881733843293, 54.45371811469495782 ) ) ;
#2112 = CARTESIAN_POINT ( 'NONE',  ( -45.00000000000000000, 0.000000000000000000, 0.000000000000000000 ) ) ;
#2113 = EDGE_LOOP ( 'NONE', ( #1503, #1078, #1670, #1556 ) ) ;
#2114 = AXIS2_PLACEMENT_3D ( 'NONE', #215, #818, #1166 ) ;
#2115 = CARTESIAN_POINT ( 'NONE',  ( -39.92384421108559422, 158.1344944687809004, 35.52633279735616867 ) ) ;
#2116 = CARTESIAN_POINT ( 'NONE',  ( 41.83771889565500857, 45.45034769820577480, 56.78520752547635908 ) ) ;
#2117 = ORIENTED_EDGE ( 'NONE', *, *, #1448, .T. ) ;
#2118 = CARTESIAN_POINT ( 'NONE',  ( 45.00000000000000000, 44.14230604075893893, 57.51266658227539352 ) ) ;
#2119 = CARTESIAN_POINT ( 'NONE',  ( -50.00000000000000000, 175.6077274049440575, 51.18448267373279492 ) ) ;
#2120 = DIRECTION ( 'NONE',  ( 0.000000000000000000, -0.8577048619170165589, 0.5141423634013361221 ) ) ;
#2121 = AXIS2_PLACEMENT_3D ( 'NONE', #964, #2005, #2618 ) ;
#2122 = ORIENTED_EDGE ( 'NONE', *, *, #2537, .F. ) ;
#2123 = CARTESIAN_POINT ( 'NONE',  ( 40.00000000000031264, 162.8457724791739452, 38.17452814803429106 ) ) ;
#2124 = CYLINDRICAL_SURFACE ( 'NONE', #798, 413.7470125719110001 ) ;
#2125 = ADVANCED_FACE ( 'NONE', ( #1506 ), #1491, .T. ) ;
#2126 = CARTESIAN_POINT ( 'NONE',  ( -40.74882928947376115, 74.66056995770732385, -5.568949816106453454 ) ) ;
#2127 = ORIENTED_EDGE ( 'NONE', *, *, #1824, .T. ) ;
#2128 = DIRECTION ( 'NONE',  ( 0.000000000000000000, 0.000000000000000000, 1.000000000000000000 ) ) ;
#2129 =( BOUNDED_SURFACE ( )  B_SPLINE_SURFACE ( 3, 2, ( 
 ( #1112, #1126, #341 ),
 ( #1141, #91, #1928 ),
 ( #312, #1315, #2191 ),
 ( #77, #1941, #689 ),
 ( #1570, #485, #2166 ),
 ( #2373, #715, #1955 ),
 ( #2359, #1519, #2335 ),
 ( #2539, #928, #952 ),
 ( #1328, #728, #283 ),
 ( #1546, #2387, #897 ),
 ( #703, #119, #540 ),
 ( #941, #513, #327 ),
 ( #1341, #2139, #2346 ),
 ( #1726, #1158, #1979 ) ),
 .UNSPECIFIED., .F., .F., .F. ) 
 B_SPLINE_SURFACE_WITH_KNOTS ( ( 4, 2, 2, 2, 2, 2, 4 ),
 ( 3, 3 ),
 ( 0.000000000000000000, 0.001602329874752796233, 0.003204659749505592466, 0.004806989624258389132, 0.006409319499011184931, 0.009613979248516778264, 0.01281863899802236986 ),
 ( 0.000000000000000000, 1.000000000000000000 ),
 .UNSPECIFIED. ) 
 GEOMETRIC_REPRESENTATION_ITEM ( )  RATIONAL_B_SPLINE_SURFACE ( (
 ( 1.000000000000000000, 0.7908103582310440638, 1.000000000000000000),
 ( 1.000000000000000000, 0.8045861211319726980, 1.000000000000000000),
 ( 1.000000000000000000, 0.8186414891261029059, 1.000000000000000000),
 ( 1.000000000000000000, 0.8463038132227242993, 1.000000000000000000),
 ( 1.000000000000000000, 0.8599109419657486875, 1.000000000000000000),
 ( 1.000000000000000000, 0.8859902974353985883, 1.000000000000000000),
 ( 1.000000000000000000, 0.8985315475613954161, 1.000000000000000000),
 ( 1.000000000000000000, 0.9215812254912255641, 1.000000000000000000),
 ( 1.000000000000000000, 0.9321153236321353397, 1.000000000000000000),
 ( 1.000000000000000000, 0.9605075350876471907, 1.000000000000000000),
 ( 1.000000000000000000, 0.9751572998288825511, 1.000000000000000000),
 ( 1.000000000000000000, 0.9949594862731386824, 1.000000000000000000),
 ( 1.000000000000000000, 1.000022201663367083, 1.000000000000000000),
 ( 1.000000000000000000, 1.000000000000000000, 1.000000000000000000) ) ) 
 REPRESENTATION_ITEM ( '' )  SURFACE ( )  );
#2130 = CARTESIAN_POINT ( 'NONE',  ( 41.92001202029450013, 47.08200673919512980, 56.35061550840426037 ) ) ;
#2131 = ORIENTED_EDGE ( 'NONE', *, *, #1119, .F. ) ;
#2132 = CARTESIAN_POINT ( 'NONE',  ( -48.70415403478092742, 169.4070834889485013, 43.50684412498419817 ) ) ;
#2133 = CIRCLE ( 'NONE', #828, 43.10768710432624573 ) ;
#2134 = DIRECTION ( 'NONE',  ( 1.000000000000000000, 0.000000000000000000, 0.000000000000000000 ) ) ;
#2135 = CC_DESIGN_SECURITY_CLASSIFICATION ( #141, ( #662 ) ) ;
#2136 = CARTESIAN_POINT ( 'NONE',  ( 35.00000000000000000, 77.44588355361743481, -2.895707271036327857 ) ) ;
#2137 = CARTESIAN_POINT ( 'NONE',  ( -49.61440660601590480, 172.7163369702335842, 47.13761325379531542 ) ) ;
#2138 = ORIENTED_EDGE ( 'NONE', *, *, #2222, .T. ) ;
#2139 = CARTESIAN_POINT ( 'NONE',  ( -44.40988218418775091, 71.32863470995236810, -12.99268529206096190 ) ) ;
#2140 = AXIS2_PLACEMENT_3D ( 'NONE', #1970, #120, #1980 ) ;
#2141 = CARTESIAN_POINT ( 'NONE',  ( 39.79157423749918365, 247.3002454512219117, 130.6526293427736789 ) ) ;
#2142 = ORIENTED_EDGE ( 'NONE', *, *, #2319, .T. ) ;
#2143 = EDGE_CURVE ( 'NONE', #90, #1340, #278, .T. ) ;
#2144 = CARTESIAN_POINT ( 'NONE',  ( -37.23547890963561002, 48.09284395742526641, 56.55763883756753785 ) ) ;
#2145 = CARTESIAN_POINT ( 'NONE',  ( 36.49765857894751520, 74.08406911433861808, -9.934392760299886049 ) ) ;
#2146 = CARTESIAN_POINT ( 'NONE',  ( -37.70045623199408880, 47.75530876225243304, 56.50460409997172917 ) ) ;
#2147 = CARTESIAN_POINT ( 'NONE',  ( 43.41885944779402706, 46.76728631328972341, 55.72897914652612172 ) ) ;
#2148 = CARTESIAN_POINT ( 'NONE',  ( 42.10603585807188409, 72.98086581618288449, -7.999068661414324488 ) ) ;
#2149 = CARTESIAN_POINT ( 'NONE',  ( 37.77727570245779987, 73.20511029730751318, -10.43492858968498993 ) ) ;
#2150 = ORIENTED_EDGE ( 'NONE', *, *, #1414, .F. ) ;
#2151 = EDGE_LOOP ( 'NONE', ( #498, #1796, #1841, #951 ) ) ;
#2152 = CARTESIAN_POINT ( 'NONE',  ( 48.00000000000000000, 0.000000000000000000, 0.000000000000000000 ) ) ;
#2153 = CARTESIAN_POINT ( 'NONE',  ( -48.00000000000000000, -93.35760335989121472, 362.9428076763803119 ) ) ;
#2154 = EDGE_LOOP ( 'NONE', ( #67, #1075, #1111, #1137, #1372, #2017, #701 ) ) ;
#2155 = CARTESIAN_POINT ( 'NONE',  ( -42.87207460040680473, 47.73631110940846156, 55.19486291269680578 ) ) ;
#2156 = B_SPLINE_CURVE_WITH_KNOTS ( 'NONE', 3,
 ( #1692, #2504, #666, #1906, #1497, #2314, #877, #2406, #1749, #1375, #1959, #1946, #1333, #334, #1974, #547, #2186, #533, #346, #946 ),
 .UNSPECIFIED., .F., .F.,
 ( 4, 2, 2, 2, 2, 2, 2, 2, 2, 4 ),
 ( 0.000000000000000000, 0.003224442181414688500, 0.006448884362829377000, 0.009673326544244064198, 0.01128554763495138308, 0.01209165818030505379, 0.01249471345298191864, 0.01269624108932035193, 0.01279700490748953909, 0.01289776872565872451 ),
 .UNSPECIFIED. ) ;
#2157 = CARTESIAN_POINT ( 'NONE',  ( 35.00000000000000000, 52.16827513405798555, 58.51698003344836252 ) ) ;
#2158 = PRODUCT_RELATED_PRODUCT_CATEGORY ( 'detail', '', ( #1672 ) ) ;
#2159 = ADVANCED_FACE ( 'NONE', ( #2500 ), #2527, .F. ) ;
#2160 = CARTESIAN_POINT ( 'NONE',  ( -40.00000000000000000, -93.35760335989121472, 362.9428076763803119 ) ) ;
#2161 = ADVANCED_FACE ( 'NONE', ( #449 ), #18, .F. ) ;
#2162 = CIRCLE ( 'NONE', #1809, 413.7470125719110001 ) ;
#2163 = DIRECTION ( 'NONE',  ( 0.000000000000000000, 0.000000000000000000, 1.000000000000000000 ) ) ;
#2164 = ORIENTED_EDGE ( 'NONE', *, *, #1351, .T. ) ;
#2165 = VERTEX_POINT ( 'NONE', #638 ) ;
#2166 = CARTESIAN_POINT ( 'NONE',  ( -41.47370484323840145, 73.63193409604053841, -6.840091060423029390 ) ) ;
#2167 = ORIENTED_EDGE ( 'NONE', *, *, #371, .F. ) ;
#2168 = CARTESIAN_POINT ( 'NONE',  ( 39.79157423750896783, -93.35760335989121472, 362.9428076763803119 ) ) ;
#2169 = DIRECTION ( 'NONE',  ( 0.000000000000000000, 0.000000000000000000, 1.000000000000000000 ) ) ;
#2170 = CARTESIAN_POINT ( 'NONE',  ( -42.35818496946667011, 46.57729786420431140, 56.41356313058474115 ) ) ;
#2171 = CARTESIAN_POINT ( 'NONE',  ( 40.00000000000000000, 55.14564881733914348, 54.45371811469536283 ) ) ;
#2172 = CARTESIAN_POINT ( 'NONE',  ( -43.54299798564952795, 71.91153859979235108, -10.71959677928067656 ) ) ;
#2173 = CARTESIAN_POINT ( 'NONE',  ( -40.21749194750115208, 248.7825899576978088, 130.2907799769407973 ) ) ;
#2174 = CIRCLE ( 'NONE', #1052, 4.999999999999999112 ) ;
#2175 = ADVANCED_FACE ( 'NONE', ( #2310 ), #567, .T. ) ;
#2176 = CARTESIAN_POINT ( 'NONE',  ( -41.70820393249885427, 248.4805323876502428, 129.8478069560164272 ) ) ;
#2177 = EDGE_LOOP ( 'NONE', ( #1739, #2292, #2057, #1089, #2609, #133, #2138, #727, #2564, #1067, #2403, #1044 ) ) ;
#2178 = APPROVAL_PERSON_ORGANIZATION ( #2509, #151, #2318 ) ;
#2179 = VERTEX_POINT ( 'NONE', #1688 ) ;
#2180 = CARTESIAN_POINT ( 'NONE',  ( 41.70820393249885427, 246.8281306766500052, 130.9745582974770173 ) ) ;
#2181 = CARTESIAN_POINT ( 'NONE',  ( -41.70820393249886138, 246.8281306766500336, 130.9745582974770173 ) ) ;
#2182 = ORIENTED_EDGE ( 'NONE', *, *, #2458, .T. ) ;
#2183 = CIRCLE ( 'NONE', #1660, 5.000000000000004441 ) ;
#2184 = CARTESIAN_POINT ( 'NONE',  ( -35.00000000000000711, 249.8772824802433092, 141.3507422408447383 ) ) ;
#2185 = CARTESIAN_POINT ( 'NONE',  ( -41.53625232800614953, 50.28395448054634187, 54.13551159202388163 ) ) ;
#2186 = CARTESIAN_POINT ( 'NONE',  ( -41.88983321829693551, 282.6823065112942572, 190.3792630517097848 ) ) ;
#2187 = CARTESIAN_POINT ( 'NONE',  ( -41.99999999448979793, 251.3129709665651887, 134.0545811947523305 ) ) ;
#2188 = DIRECTION ( 'NONE',  ( 1.000000000000000000, 0.000000000000000000, 0.000000000000000000 ) ) ;
#2189 = ORIENTED_EDGE ( 'NONE', *, *, #1517, .F. ) ;
#2190 = ORIENTED_EDGE ( 'NONE', *, *, #1482, .F. ) ;
#2191 = CARTESIAN_POINT ( 'NONE',  ( -41.01905858410025729, 74.22174202955939393, -6.031763869956453306 ) ) ;
#2192 = LINE ( 'NONE', #343, #1793 ) ;
#2193 = EDGE_CURVE ( 'NONE', #282, #2097, #1058, .T. ) ;
#2194 = ORIENTED_EDGE ( 'NONE', *, *, #1922, .T. ) ;
#2195 = CARTESIAN_POINT ( 'NONE',  ( 36.75757193485559071, 73.86628907882651163, -10.03218756602933048 ) ) ;
#2196 = CARTESIAN_POINT ( 'NONE',  ( -36.67924148563743358, 48.53483671871808980, 56.66238014861121997 ) ) ;
#2197 = FACE_OUTER_BOUND ( 'NONE', #2372, .T. ) ;
#2198 = DIRECTION ( 'NONE',  ( 0.000000000000000000, 0.000000000000000000, -1.000000000000000000 ) ) ;
#2199 = VECTOR ( 'NONE', #1814, 1000.000000000000000 ) ;
#2200 = DIRECTION ( 'NONE',  ( 0.000000000000000000, 0.000000000000000000, 1.000000000000000000 ) ) ;
#2201 = ORIENTED_EDGE ( 'NONE', *, *, #615, .F. ) ;
#2202 = CARTESIAN_POINT ( 'NONE',  ( -40.00000000000000000, 178.4980634015594489, 172.4792592638011115 ) ) ;
#2203 = DIRECTION ( 'NONE',  ( 0.000000000000000000, -0.8577048619170161148, 0.5141423634013367883 ) ) ;
#2204 = ADVANCED_FACE ( 'NONE', ( #873 ), #1199, .T. ) ;
#2205 = CARTESIAN_POINT ( 'NONE',  ( 35.89586684116404314, 146.3208243448251551, 31.74732345327523930 ) ) ;
#2206 = CARTESIAN_POINT ( 'NONE',  ( -44.53981473559786508, 44.87415844053162317, 56.95095288462911753 ) ) ;
#2207 = CARTESIAN_POINT ( 'NONE',  ( 39.92122108023608007, 52.42274236369236462, 58.65949517590716766 ) ) ;
#2208 = CARTESIAN_POINT ( 'NONE',  ( 36.49765857894750809, 74.08406911433858966, -9.934392760299836311 ) ) ;
#2209 = CARTESIAN_POINT ( 'NONE',  ( 38.57976538163455160, 47.18660300908717886, 56.47905738105305318 ) ) ;
#2210 = AXIS2_PLACEMENT_3D ( 'NONE', #2078, #1441, #2485 ) ;
#2211 = ORIENTED_EDGE ( 'NONE', *, *, #2304, .T. ) ;
#2212 = CARTESIAN_POINT ( 'NONE',  ( 35.00000000000000000, 52.70245586905308954, 58.81614957174375746 ) ) ;
#2213 = CARTESIAN_POINT ( 'NONE',  ( 48.28194401187630547, 282.8191955669292952, 190.7173160673717689 ) ) ;
#2214 = B_SPLINE_CURVE_WITH_KNOTS ( 'NONE', 3,
 ( #1041, #2498, #2282, #2488, #2463, #1055 ),
 .UNSPECIFIED., .F., .F.,
 ( 4, 2, 4 ),
 ( 0.000000000000000000, 0.004784162874076215710, 0.009568325748152431420 ),
 .UNSPECIFIED. ) ;
#2215 = CARTESIAN_POINT ( 'NONE',  ( 35.62360238960755510, 51.98023746220403041, 52.70289257346819767 ) ) ;
#2216 = CARTESIAN_POINT ( 'NONE',  ( -39.79157423749918365, 247.3002454512219117, 130.6526293427737073 ) ) ;
#2217 = DIRECTION ( 'NONE',  ( 0.000000000000000000, -0.5141423634013384536, -0.8577048619170150046 ) ) ;
#2218 = EDGE_CURVE ( 'NONE', #1161, #2594, #455, .T. ) ;
#2219 = CARTESIAN_POINT ( 'NONE',  ( 48.00000000000000000, 168.0771728319283795, 42.25846410826306254 ) ) ;
#2220 = CARTESIAN_POINT ( 'NONE',  ( 41.08638480120935554, 51.24504577036560704, 53.91774719204307331 ) ) ;
#2221 = CIRCLE ( 'NONE', #1750, 341.2789318650891914 ) ;
#2222 = EDGE_CURVE ( 'NONE', #75, #1161, #1329, .T. ) ;
#2223 = B_SPLINE_CURVE_WITH_KNOTS ( 'NONE', 3,
 ( #2216, #2055, #2243, #2010, #1800, #2650 ),
 .UNSPECIFIED., .F., .F.,
 ( 4, 2, 4 ),
 ( 0.000000000000000000, 0.003046893547775681756, 0.006093787095551363511 ),
 .UNSPECIFIED. ) ;
#2224 = CIRCLE ( 'NONE', #1018, 413.7470125719110001 ) ;
#2225 = APPLICATION_PROTOCOL_DEFINITION ( 'international standard', 'config_control_design', 1994, #1533 ) ;
#2226 = AXIS2_PLACEMENT_3D ( 'NONE', #1188, #1553, #2586 ) ;
#2227 = ORIENTED_EDGE ( 'NONE', *, *, #1517, .T. ) ;
#2228 = CARTESIAN_POINT ( 'NONE',  ( -39.89442022691264356, 97.12696181500835735, 83.69978893395767727 ) ) ;
#2229 = CARTESIAN_POINT ( 'NONE',  ( 41.96539124527848230, 282.6556856985979493, 190.3143138997208155 ) ) ;
#2230 = CARTESIAN_POINT ( 'NONE',  ( 48.00000000000000000, 282.6556856985978925, 190.3143138997207586 ) ) ;
#2231 = CARTESIAN_POINT ( 'NONE',  ( 35.45678181179746957, 146.1881185049621763, 31.72530286363530649 ) ) ;
#2232 = CARTESIAN_POINT ( 'NONE',  ( 38.30451659720063162, 47.35716107858938528, 56.47905738105304607 ) ) ;
#2233 = CARTESIAN_POINT ( 'NONE',  ( 40.06289520327685949, 76.49347491890894446, -3.804576726904018713 ) ) ;
#2234 = CARTESIAN_POINT ( 'NONE',  ( 40.00000000000000000, 96.78172186639960728, 81.95294374892252165 ) ) ;
#2235 = FACE_OUTER_BOUND ( 'NONE', #911, .T. ) ;
#2236 = FACE_OUTER_BOUND ( 'NONE', #1169, .T. ) ;
#2237 = EDGE_CURVE ( 'NONE', #1833, #1633, #410, .T. ) ;
#2238 = DIRECTION ( 'NONE',  ( 1.000000000000000000, 0.000000000000000000, 0.000000000000000000 ) ) ;
#2239 = EDGE_LOOP ( 'NONE', ( #2597, #2495, #24, #663, #1965, #691 ) ) ;
#2240 = DIRECTION ( 'NONE',  ( 0.000000000000000000, 0.000000000000000000, -1.000000000000000000 ) ) ;
#2241 = CARTESIAN_POINT ( 'NONE',  ( 39.97524328444782782, 105.9398728685089424, 101.7032167926881385 ) ) ;
#2242 = CARTESIAN_POINT ( 'NONE',  ( 45.00000000000000000, 71.22053895410543589, -13.56041411929452423 ) ) ;
#2243 = CARTESIAN_POINT ( 'NONE',  ( -39.83144399001732694, 248.3922826043852297, 132.3709053158918891 ) ) ;
#2244 = CARTESIAN_POINT ( 'NONE',  ( -40.31278992406194561, 75.55525063969214727, -4.705096867714868125 ) ) ;
#2245 = CARTESIAN_POINT ( 'NONE',  ( 48.03212170653956292, 168.0771728319283795, 42.25846410826306965 ) ) ;
#2246 = DIRECTION ( 'NONE',  ( -1.000000000000000000, -0.000000000000000000, -0.000000000000000000 ) ) ;
#2247 = EDGE_LOOP ( 'NONE', ( #1421, #1444, #250, #687 ) ) ;
#2248 = EDGE_CURVE ( 'NONE', #208, #2541, #2305, .T. ) ;
#2249 = CARTESIAN_POINT ( 'NONE',  ( -38.80714662562618145, 72.69650945211864723, -10.85658485655060446 ) ) ;
#2250 = DATE_AND_TIME ( #167, #2301 ) ;
#2251 = ADVANCED_FACE ( 'NONE', ( #1371 ), #1958, .T. ) ;
#2252 = DIRECTION ( 'NONE',  ( 0.000000000000000000, 0.000000000000000000, 1.000000000000000000 ) ) ;
#2253 = PLANE ( 'NONE',  #2553 ) ;
#2254 = CARTESIAN_POINT ( 'NONE',  ( 48.00000000000000000, -93.35760335989121472, 362.9428076763803119 ) ) ;
#2255 = CARTESIAN_POINT ( 'NONE',  ( 36.48559080705274482, 48.69622390692673264, 56.70694254549029978 ) ) ;
#2256 = CARTESIAN_POINT ( 'NONE',  ( 42.00000000000000000, 251.8735861662640900, 134.9033019092064762 ) ) ;
#2257 = EDGE_LOOP ( 'NONE', ( #2444, #1440, #1830, #885, #1354, #967 ) ) ;
#2258 = CARTESIAN_POINT ( 'NONE',  ( -50.00000000000000000, 194.8320707194497174, 226.3774684437355802 ) ) ;
#2259 = LOCAL_TIME ( 19, 31, 57.00000000000000000, #1860 ) ;
#2260 = CARTESIAN_POINT ( 'NONE',  ( 40.00000000000000000, 178.4980634015594489, 172.4792592638011115 ) ) ;
#2261 = CARTESIAN_POINT ( 'NONE',  ( -48.00000000000000000, 0.000000000000000000, 0.000000000000000000 ) ) ;
#2262 = ORIENTED_EDGE ( 'NONE', *, *, #1630, .T. ) ;
#2263 = CARTESIAN_POINT ( 'NONE',  ( -40.23040310925528473, 72.15875261843063981, -11.45478527516721989 ) ) ;
#2264 = AXIS2_PLACEMENT_3D ( 'NONE', #1866, #2324, #849 ) ;
#2265 = VECTOR ( 'NONE', #2437, 1000.000000000000000 ) ;
#2266 = FACE_OUTER_BOUND ( 'NONE', #1661, .T. ) ;
#2267 = CC_DESIGN_PERSON_AND_ORGANIZATION_ASSIGNMENT ( #1216, #2630, ( #683 ) ) ;
#2268 = CARTESIAN_POINT ( 'NONE',  ( -38.98906121368175093, 100.9933449616330279, 94.23446221618505092 ) ) ;
#2269 = CIRCLE ( 'NONE', #2226, 10.00000000000000888 ) ;
#2270 = DIRECTION ( 'NONE',  ( 0.000000000000000000, 0.000000000000000000, -1.000000000000000000 ) ) ;
#2271 = CARTESIAN_POINT ( 'NONE',  ( -50.00000000000000000, 139.1978727920571828, 31.15481919693871404 ) ) ;
#2272 = EDGE_CURVE ( 'NONE', #739, #2278, #1532, .T. ) ;
#2273 = CARTESIAN_POINT ( 'NONE',  ( 50.00000000000000000, -93.35760335989121472, 362.9428076763803119 ) ) ;
#2274 = ORIENTED_EDGE ( 'NONE', *, *, #615, .T. ) ;
#2275 = DIRECTION ( 'NONE',  ( 1.000000000000000000, 0.000000000000000000, 0.000000000000000000 ) ) ;
#2276 = FACE_OUTER_BOUND ( 'NONE', #1943, .T. ) ;
#2277 = CARTESIAN_POINT ( 'NONE',  ( 50.00000000000000000, 139.1978727920571828, 74.26250630126496333 ) ) ;
#2278 = VERTEX_POINT ( 'NONE', #132 ) ;
#2279 = CARTESIAN_POINT ( 'NONE',  ( -41.31243901490311998, 71.83139757181440643, -11.91779751592557268 ) ) ;
#2280 = CARTESIAN_POINT ( 'NONE',  ( 40.00000000000000000, 0.000000000000000000, 0.000000000000000000 ) ) ;
#2281 = CARTESIAN_POINT ( 'NONE',  ( 35.00000000000000000, 79.56111266485557110, -7.426248718476212929 ) ) ;
#2282 = CARTESIAN_POINT ( 'NONE',  ( 39.95417308014127400, 172.5090233333912408, 46.85479408493057463 ) ) ;
#2283 = FACE_OUTER_BOUND ( 'NONE', #1144, .T. ) ;
#2284 = CARTESIAN_POINT ( 'NONE',  ( 41.70820393249885427, 248.4805323876502712, 129.8478069560163988 ) ) ;
#2285 = EDGE_CURVE ( 'NONE', #763, #1633, #2192, .T. ) ;
#2286 = DIRECTION ( 'NONE',  ( -0.000000000000000000, 0.8577048619170161148, -0.5141423634013367883 ) ) ;
#2287 = CARTESIAN_POINT ( 'NONE',  ( -37.94265573975359729, 148.3533359879040177, 32.13779786526931304 ) ) ;
#2288 = CARTESIAN_POINT ( 'NONE',  ( 45.00000000000000000, 44.14230604075896025, 57.51266658227542194 ) ) ;
#2289 = ORIENTED_EDGE ( 'NONE', *, *, #224, .F. ) ;
#2290 = FACE_OUTER_BOUND ( 'NONE', #560, .T. ) ;
#2291 = CARTESIAN_POINT ( 'NONE',  ( -35.23181237039280944, 99.13169473403871734, 90.16766468801736778 ) ) ;
#2292 = ORIENTED_EDGE ( 'NONE', *, *, #253, .F. ) ;
#2293 = CARTESIAN_POINT ( 'NONE',  ( 35.88312467985249299, 99.07686773847312622, 90.02896152057644485 ) ) ;
#2294 = CARTESIAN_POINT ( 'NONE',  ( -40.00000000000000000, 250.2047828684220292, 136.0056156363783373 ) ) ;
#2295 = CARTESIAN_POINT ( 'NONE',  ( 39.80204015057752542, 247.8956606509199787, 131.5581657890230929 ) ) ;
#2296 = AXIS2_PLACEMENT_3D ( 'NONE', #411, #379, #1212 ) ;
#2297 = CARTESIAN_POINT ( 'NONE',  ( -40.00000000000000000, 162.8458029164516461, 38.17454997643581294 ) ) ;
#2298 = CARTESIAN_POINT ( 'NONE',  ( 42.54893839766063479, 48.32545419059897540, 54.90170105705055192 ) ) ;
#2299 = EDGE_CURVE ( 'NONE', #1022, #1783, #1544, .T. ) ;
#2300 = ORIENTED_EDGE ( 'NONE', *, *, #1512, .T. ) ;
#2301 = LOCAL_TIME ( 19, 31, 57.00000000000000000, #1428 ) ;
#2302 = DIRECTION ( 'NONE',  ( 0.000000000000000000, 0.000000000000000000, -1.000000000000000000 ) ) ;
#2303 = AXIS2_PLACEMENT_3D ( 'NONE', #1802, #769, #1412 ) ;
#2304 = EDGE_CURVE ( 'NONE', #884, #739, #1490, .T. ) ;
#2305 = CIRCLE ( 'NONE', #1875, 1.999999999999992673 ) ;
#2306 = CARTESIAN_POINT ( 'NONE',  ( -37.51085262570982337, 99.67275170233919823, 91.46910937262812524 ) ) ;
#2307 = AXIS2_PLACEMENT_3D ( 'NONE', #1530, #2526, #1968 ) ;
#2308 = CARTESIAN_POINT ( 'NONE',  ( 39.92398244071996771, 158.1384800670439290, 35.52831365817469589 ) ) ;
#2309 = CARTESIAN_POINT ( 'NONE',  ( 39.89652307620300320, 75.77193081939067554, -9.176453185372411170 ) ) ;
#2310 = FACE_OUTER_BOUND ( 'NONE', #1816, .T. ) ;
#2311 = ORIENTED_EDGE ( 'NONE', *, *, #892, .F. ) ;
#2312 = CARTESIAN_POINT ( 'NONE',  ( -38.57976538163455160, 47.18660300908717886, 56.47905738105305318 ) ) ;
#2313 = DIRECTION ( 'NONE',  ( 1.000000000000000000, 0.000000000000000000, 0.000000000000000000 ) ) ;
#2314 = CARTESIAN_POINT ( 'NONE',  ( -40.71600767613905703, 284.3680152551936544, 195.1946109731991612 ) ) ;
#2315 = ORIENTED_EDGE ( 'NONE', *, *, #1630, .F. ) ;
#2316 = EDGE_CURVE ( 'NONE', #1950, #461, #443, .T. ) ;
#2317 = CARTESIAN_POINT ( 'NONE',  ( 43.91080768023020653, 44.54548806618949897, 57.20321502291805160 ) ) ;
#2318 = APPROVAL_ROLE ( '' ) ;
#2319 = EDGE_CURVE ( 'NONE', #1907, #634, #323, .T. ) ;
#2320 = CARTESIAN_POINT ( 'NONE',  ( -40.00000000000000000, 110.3185727521846218, 106.2665484942682497 ) ) ;
#2321 = ORIENTED_EDGE ( 'NONE', *, *, #2554, .F. ) ;
#2322 = CARTESIAN_POINT ( 'NONE',  ( 37.94831567953144713, 148.3633731224253154, 32.13998568032662462 ) ) ;
#2323 = CARTESIAN_POINT ( 'NONE',  ( -48.32328610190814544, 282.8679663900516061, 190.8397159679601600 ) ) ;
#2324 = DIRECTION ( 'NONE',  ( -1.000000000000000000, -0.000000000000000000, -0.000000000000000000 ) ) ;
#2325 = ORIENTED_EDGE ( 'NONE', *, *, #879, .F. ) ;
#2326 = AXIS2_PLACEMENT_3D ( 'NONE', #1511, #1526, #1335 ) ;
#2327 = FACE_OUTER_BOUND ( 'NONE', #2082, .T. ) ;
#2328 = CARTESIAN_POINT ( 'NONE',  ( 43.62061397606138513, 45.28781456323410026, 56.78610065166183318 ) ) ;
#2329 = CIRCLE ( 'NONE', #127, 408.7470125719127623 ) ;
#2330 = ORIENTED_EDGE ( 'NONE', *, *, #1217, .F. ) ;
#2331 = DIRECTION ( 'NONE',  ( 0.000000000000000000, 0.000000000000000000, -1.000000000000000000 ) ) ;
#2332 = CARTESIAN_POINT ( 'NONE',  ( 40.00000000000000000, -93.35760335989121472, 362.9428076763803119 ) ) ;
#2333 = EDGE_CURVE ( 'NONE', #2470, #931, #965, .T. ) ;
#2334 = ORIENTED_EDGE ( 'NONE', *, *, #2477, .F. ) ;
#2335 = CARTESIAN_POINT ( 'NONE',  ( -41.97589860740212231, 73.10270263725095674, -7.758004670244385004 ) ) ;
#2336 = CARTESIAN_POINT ( 'NONE',  ( -39.79157423749919076, 174.4242876965986682, 49.41552699879045463 ) ) ;
#2337 = ORIENTED_EDGE ( 'NONE', *, *, #2, .F. ) ;
#2338 = CARTESIAN_POINT ( 'NONE',  ( -40.45251900298975301, 52.76766107931855743, 53.83430694899103486 ) ) ;
#2339 = FACE_OUTER_BOUND ( 'NONE', #938, .T. ) ;
#2340 = CARTESIAN_POINT ( 'NONE',  ( -35.00000000000000711, 178.4980634015594489, 172.4792592638011115 ) ) ;
#2341 = CARTESIAN_POINT ( 'NONE',  ( 43.18103292993782105, 72.13573899490634744, -10.02463925542309120 ) ) ;
#2342 = PRODUCT_DEFINITION_SHAPE ( 'NONE', 'NONE',  #683 ) ;
#2343 = DIRECTION ( 'NONE',  ( 1.000000000000000000, 0.000000000000000000, 0.000000000000000000 ) ) ;
#2344 = VERTEX_POINT ( 'NONE', #552 ) ;
#2345 = ORIENTED_EDGE ( 'NONE', *, *, #2606, .F. ) ;
#2346 = CARTESIAN_POINT ( 'NONE',  ( -44.60653637938627725, 71.36807727065134088, -12.78552934598738666 ) ) ;
#2347 = AXIS2_PLACEMENT_3D ( 'NONE', #220, #1420, #1452 ) ;
#2348 = DIRECTION ( 'NONE',  ( 1.000000000000000000, -0.000000000000000000, -0.000000000000000000 ) ) ;
#2349 = ORIENTED_EDGE ( 'NONE', *, *, #775, .T. ) ;
#2350 = EDGE_CURVE ( 'NONE', #870, #542, #1539, .T. ) ;
#2351 = CARTESIAN_POINT ( 'NONE',  ( 40.01783637909708347, 72.22925938281572655, -11.36448014958489239 ) ) ;
#2352 = CARTESIAN_POINT ( 'NONE',  ( -41.20433839069443138, 45.74895310394310854, 56.68276774223093639 ) ) ;
#2353 = FACE_OUTER_BOUND ( 'NONE', #265, .T. ) ;
#2354 = CARTESIAN_POINT ( 'NONE',  ( -44.63537896851649123, 71.36431404744422480, -12.84367456898815973 ) ) ;
#2355 = CYLINDRICAL_SURFACE ( 'NONE', #2114, 47.46982847996938659 ) ;
#2356 = CARTESIAN_POINT ( 'NONE',  ( -39.86972085098862806, 52.13184342238558600, 58.49668542675545524 ) ) ;
#2357 = EDGE_LOOP ( 'NONE', ( #2142, #1930, #2300, #105, #1883 ) ) ;
#2358 = ORIENTED_EDGE ( 'NONE', *, *, #25, .F. ) ;
#2359 = CARTESIAN_POINT ( 'NONE',  ( -38.95179721514610804, 72.63478230703861982, -10.91669796795659408 ) ) ;
#2360 = DIRECTION ( 'NONE',  ( -1.000000000000000000, -0.000000000000000000, -0.000000000000000000 ) ) ;
#2361 = ADVANCED_FACE ( 'NONE', ( #2660 ), #2253, .T. ) ;
#2362 = ORIENTED_EDGE ( 'NONE', *, *, #553, .T. ) ;
#2363 = CARTESIAN_POINT ( 'NONE',  ( 42.81963358544741993, 44.99537232304480483, 56.95319572908802996 ) ) ;
#2364 = CARTESIAN_POINT ( 'NONE',  ( 39.65779889511032508, 72.35593583167482734, -11.21227055990533827 ) ) ;
#2365 = CARTESIAN_POINT ( 'NONE',  ( -40.74414920090328707, 45.98099286992992774, 56.62529624423772390 ) ) ;
#2366 = CARTESIAN_POINT ( 'NONE',  ( 39.88486809847623249, 50.91101361286126803, 57.81612058383020525 ) ) ;
#2367 = EDGE_CURVE ( 'NONE', #1161, #1693, #1765, .T. ) ;
#2368 = CARTESIAN_POINT ( 'NONE',  ( 40.74882928947373983, 74.66056995770735227, -5.568949816106485429 ) ) ;
#2369 = AXIS2_PLACEMENT_3D ( 'NONE', #1424, #612, #164 ) ;
#2370 = CARTESIAN_POINT ( 'NONE',  ( 35.00000000000000000, 146.1529399364831363, 31.71958998725303402 ) ) ;
#2371 = VERTEX_POINT ( 'NONE', #2461 ) ;
#2372 = EDGE_LOOP ( 'NONE', ( #2457, #295, #2106, #1846 ) ) ;
#2373 = CARTESIAN_POINT ( 'NONE',  ( -38.60571517202083669, 72.78726866030324061, -10.77330861288494290 ) ) ;
#2374 = DIRECTION ( 'NONE',  ( 1.000000000000000000, 0.000000000000000000, 0.000000000000000000 ) ) ;
#2375 = ORIENTED_EDGE ( 'NONE', *, *, #1429, .T. ) ;
#2376 = VERTEX_POINT ( 'NONE', #2230 ) ;
#2377 = CIRCLE ( 'NONE', #93, 408.7470125719128191 ) ;
#2378 = CARTESIAN_POINT ( 'NONE',  ( 43.81127845392487785, 71.52601497026822130, -12.43341014783330856 ) ) ;
#2379 = CARTESIAN_POINT ( 'NONE',  ( -39.08853749766862506, 46.87134207122039697, 56.47905738105304607 ) ) ;
#2380 = CARTESIAN_POINT ( 'NONE',  ( 40.02665126471330126, 54.49060686021631739, 54.27144729908520304 ) ) ;
#2381 = EDGE_CURVE ( 'NONE', #788, #2376, #922, .T. ) ;
#2382 = CARTESIAN_POINT ( 'NONE',  ( 42.00000000000000000, -93.35760335989121472, 362.9428076763803119 ) ) ;
#2383 = CARTESIAN_POINT ( 'NONE',  ( -48.21197632404060585, 168.2346083607840797, 42.40118353647855542 ) ) ;
#2384 = EDGE_CURVE ( 'NONE', #940, #2061, #2471, .T. ) ;
#2385 = FACE_OUTER_BOUND ( 'NONE', #1713, .T. ) ;
#2386 = ORIENTED_EDGE ( 'NONE', *, *, #2636, .T. ) ;
#2387 = CARTESIAN_POINT ( 'NONE',  ( -42.14955788024838768, 72.43232838989504785, -10.93317206929486929 ) ) ;
#2388 = DIRECTION ( 'NONE',  ( -1.000000000000000000, -0.000000000000000000, -0.000000000000000000 ) ) ;
#2389 = EDGE_LOOP ( 'NONE', ( #1859, #2201, #64 ) ) ;
#2390 = DIRECTION ( 'NONE',  ( 0.000000000000000000, 0.000000000000000000, 1.000000000000000000 ) ) ;
#2391 = CIRCLE ( 'NONE', #792, 411.7470125719109433 ) ;
#2392 = CARTESIAN_POINT ( 'NONE',  ( -40.31180119480377755, 53.20070608357141140, 53.94032875655574344 ) ) ;
#2393 = CARTESIAN_POINT ( 'NONE',  ( -36.52579654348219407, 48.66553915187341062, 56.70078849533719278 ) ) ;
#2394 = CARTESIAN_POINT ( 'NONE',  ( -41.80964158132580621, 249.9041426761026230, 131.9488230653907408 ) ) ;
#2395 = VECTOR ( 'NONE', #472, 1000.000000000000000 ) ;
#2396 = CARTESIAN_POINT ( 'NONE',  ( -42.00000000000000711, 251.8735861662640900, 134.9033019092065047 ) ) ;
#2397 = PERSON_AND_ORGANIZATION_ROLE ( 'creator' ) ;
#2398 = CARTESIAN_POINT ( 'NONE',  ( -35.00000000000000711, -93.35760335989121472, 362.9428076763803119 ) ) ;
#2399 = ADVANCED_FACE ( 'NONE', ( #604 ), #1231, .F. ) ;
#2400 = ORIENTED_EDGE ( 'NONE', *, *, #1496, .T. ) ;
#2401 = CARTESIAN_POINT ( 'NONE',  ( -39.02648194878802457, 97.88998240853013044, 86.59508589583266769 ) ) ;
#2402 = DIRECTION ( 'NONE',  ( -0.000000000000000000, -0.5266532201910811839, -0.8500802230744842758 ) ) ;
#2403 = ORIENTED_EDGE ( 'NONE', *, *, #371, .T. ) ;
#2404 = FACE_OUTER_BOUND ( 'NONE', #688, .T. ) ;
#2405 = CARTESIAN_POINT ( 'NONE',  ( -38.84956208871846428, 47.01656275020571485, 56.47598871862060577 ) ) ;
#2406 = CARTESIAN_POINT ( 'NONE',  ( -41.20815315760579267, 283.5556444380991366, 192.6752347963095247 ) ) ;
#2407 = DIRECTION ( 'NONE',  ( 1.000000000000000000, 0.000000000000000000, 0.000000000000000000 ) ) ;
#2408 = CARTESIAN_POINT ( 'NONE',  ( 35.00000000000000000, 240.2185238326503054, 135.4815636633185534 ) ) ;
#2409 = ORIENTED_EDGE ( 'NONE', *, *, #858, .F. ) ;
#2410 = CARTESIAN_POINT ( 'NONE',  ( -37.66332071989420172, 98.60786456978303249, 88.78240379243339930 ) ) ;
#2411 = ADVANCED_FACE ( 'NONE', ( #1595 ), #1915, .F. ) ;
#2412 = CARTESIAN_POINT ( 'NONE',  ( -35.00000000000000711, 244.3495281101510557, 132.6646853096669645 ) ) ;
#2413 = CARTESIAN_POINT ( 'NONE',  ( 35.00000000000000000, 169.9972611708145962, 177.7457914657119318 ) ) ;
#2414 = CARTESIAN_POINT ( 'NONE',  ( 40.74882928947373983, 74.66056995770735227, -5.568949816106485429 ) ) ;
#2415 = CARTESIAN_POINT ( 'NONE',  ( 50.00000000000000000, 285.8559153747575579, 202.5286263494805610 ) ) ;
#2416 = CARTESIAN_POINT ( 'NONE',  ( 35.00000000000000000, 181.0687752185661168, 176.7677835733862253 ) ) ;
#2417 =( LENGTH_UNIT ( ) NAMED_UNIT ( * ) SI_UNIT ( .MILLI., .METRE. ) );
#2418 = ORIENTED_EDGE ( 'NONE', *, *, #2016, .T. ) ;
#2419 = CARTESIAN_POINT ( 'NONE',  ( 39.94048222806170401, 173.4620481054066943, 48.09188853874935177 ) ) ;
#2420 = CARTESIAN_POINT ( 'NONE',  ( 40.71568353601934120, 284.3685516823530861, 195.1963894940736850 ) ) ;
#2421 = CARTESIAN_POINT ( 'NONE',  ( 37.04587078340656348, 99.47145422794442027, 90.99887188541508465 ) ) ;
#2422 = CIRCLE ( 'NONE', #1361, 5.000000000000000888 ) ;
#2423 = CARTESIAN_POINT ( 'NONE',  ( 44.48619069140345061, 44.97058836891864786, 56.90010082866234598 ) ) ;
#2424 = CARTESIAN_POINT ( 'NONE',  ( 35.62360238960755510, 49.58342023564560463, 57.09097497726062187 ) ) ;
#2425 = FACE_OUTER_BOUND ( 'NONE', #2113, .T. ) ;
#2426 = EDGE_CURVE ( 'NONE', #1890, #2061, #986, .T. ) ;
#2427 = CARTESIAN_POINT ( 'NONE',  ( 48.00000000000000000, 0.000000000000000000, 72.50000000000000000 ) ) ;
#2428 = CARTESIAN_POINT ( 'NONE',  ( 38.07250465644720805, 47.50481122828287539, 56.48322379096116208 ) ) ;
#2429 = TOROIDAL_SURFACE ( 'NONE', #1960, 411.7470125719110001, 2.000000000000000000 ) ;
#2430 = AXIS2_PLACEMENT_3D ( 'NONE', #876, #851, #1719 ) ;
#2431 = DATE_AND_TIME ( #601, #275 ) ;
#2432 = ORIENTED_EDGE ( 'NONE', *, *, #780, .T. ) ;
#2433 = CARTESIAN_POINT ( 'NONE',  ( -37.19309445969173566, 98.77379275841900608, 89.23555932017094960 ) ) ;
#2434 = CARTESIAN_POINT ( 'NONE',  ( 41.71713011818090422, 282.8202085484666668, 190.7198464601617331 ) ) ;
#2435 = CARTESIAN_POINT ( 'NONE',  ( 48.00000000000000000, 0.000000000000000000, 0.000000000000000000 ) ) ;
#2436 = LINE ( 'NONE', #2625, #402 ) ;
#2437 = DIRECTION ( 'NONE',  ( -1.000000000000000000, -0.000000000000000000, -0.000000000000000000 ) ) ;
#2438 = DIRECTION ( 'NONE',  ( 1.000000000000000000, 0.000000000000000000, 0.000000000000000000 ) ) ;
#2439 = EDGE_CURVE ( 'NONE', #90, #713, #431, .T. ) ;
#2440 = CARTESIAN_POINT ( 'NONE',  ( 39.06611436256239500, 141.9167349268323903, 31.23840885775500809 ) ) ;
#2441 = LINE ( 'NONE', #595, #748 ) ;
#2442 = LINE ( 'NONE', #413, #1768 ) ;
#2443 = EDGE_CURVE ( 'NONE', #1971, #1783, #362, .T. ) ;
#2444 = ORIENTED_EDGE ( 'NONE', *, *, #637, .T. ) ;
#2445 = CARTESIAN_POINT ( 'NONE',  ( -45.00000000000000000, 44.14230604075893893, 57.51266658227539352 ) ) ;
#2446 = CARTESIAN_POINT ( 'NONE',  ( -35.00000000000000711, 178.4980634015594489, 177.4792592638011115 ) ) ;
#2447 = EDGE_LOOP ( 'NONE', ( #446, #2358, #1415, #1702 ) ) ;
#2448 = CARTESIAN_POINT ( 'NONE',  ( -40.00000000000000000, 0.000000000000000000, 0.000000000000000000 ) ) ;
#2449 = DIRECTION ( 'NONE',  ( -0.000000000000000000, -0.5511568635859064313, -0.8344016489210376308 ) ) ;
#2450 = AXIS2_PLACEMENT_3D ( 'NONE', #2577, #1764, #736 ) ;
#2451 = DIRECTION ( 'NONE',  ( 0.000000000000000000, 0.000000000000000000, -1.000000000000000000 ) ) ;
#2452 = CARTESIAN_POINT ( 'NONE',  ( -39.99994106995630005, 170.3930736670306487, 44.46863307721297787 ) ) ;
#2453 = CARTESIAN_POINT ( 'NONE',  ( -39.79157423749919076, 174.4242876965986682, 49.41552699879045463 ) ) ;
#2454 = CARTESIAN_POINT ( 'NONE',  ( 50.00000000000000000, 139.1978727920571828, 74.26250630126496333 ) ) ;
#2455 = CARTESIAN_POINT ( 'NONE',  ( 49.61374625523605886, 172.7135094381655733, 47.13418763269098122 ) ) ;
#2456 = CARTESIAN_POINT ( 'NONE',  ( 39.92367158554995399, 50.33776755042041628, 57.16759273791654294 ) ) ;
#2457 = ORIENTED_EDGE ( 'NONE', *, *, #2492, .T. ) ;
#2458 = EDGE_CURVE ( 'NONE', #1689, #1697, #670, .T. ) ;
#2459 = CARTESIAN_POINT ( 'NONE',  ( -44.17848275222038268, 45.47671886359516691, 56.54658148265087192 ) ) ;
#2460 = CARTESIAN_POINT ( 'NONE',  ( 45.00000000000000000, 71.22053895410535063, -13.56041411929451002 ) ) ;
#2461 = CARTESIAN_POINT ( 'NONE',  ( -35.00000000000000711, 52.70245586905238611, 58.81614957174335245 ) ) ;
#2462 = AXIS2_PLACEMENT_3D ( 'NONE', #620, #433, #1488 ) ;
#2463 = CARTESIAN_POINT ( 'NONE',  ( 40.00000000000001421, 169.2687653951320783, 43.33371450789828572 ) ) ;
#2464 = CARTESIAN_POINT ( 'NONE',  ( -40.00000000000000000, 194.8320707194497174, 226.3774684437355802 ) ) ;
#2465 = FACE_OUTER_BOUND ( 'NONE', #191, .T. ) ;
#2466 = DIRECTION ( 'NONE',  ( 0.000000000000000000, 0.000000000000000000, 1.000000000000000000 ) ) ;
#2467 = CC_DESIGN_APPROVAL ( #151, ( #141 ) ) ;
#2468 = CARTESIAN_POINT ( 'NONE',  ( 50.00000000000000000, 175.6077274049438586, 51.18448267373295124 ) ) ;
#2469 = CARTESIAN_POINT ( 'NONE',  ( 35.62360238960755510, 49.58342023564560463, 57.09097497726062187 ) ) ;
#2470 = VERTEX_POINT ( 'NONE', #633 ) ;
#2471 = CIRCLE ( 'NONE', #1401, 2.000000000000006661 ) ;
#2472 = CIRCLE ( 'NONE', #1153, 47.46982847996938659 ) ;
#2473 = AXIS2_PLACEMENT_3D ( 'NONE', #1070, #1279, #872 ) ;
#2474 = EDGE_LOOP ( 'NONE', ( #1269, #400, #1326, #2311 ) ) ;
#2475 = CARTESIAN_POINT ( 'NONE',  ( -35.00000000000000711, -111.6164071289371975, 352.2149077139229689 ) ) ;
#2476 = CARTESIAN_POINT ( 'NONE',  ( 41.92150499659659602, 250.7513657549905872, 133.2111489727632829 ) ) ;
#2477 = EDGE_CURVE ( 'NONE', #2344, #1584, #20, .T. ) ;
#2478 = CARTESIAN_POINT ( 'NONE',  ( 40.00000000000000000, 164.3203358699485364, 39.23202619629808652 ) ) ;
#2479 = CYLINDRICAL_SURFACE ( 'NONE', #925, 331.2789318650889641 ) ;
#2480 = CARTESIAN_POINT ( 'NONE',  ( 40.00000000000000000, 242.7892356496569732, 139.7700879729036103 ) ) ;
#2481 = CARTESIAN_POINT ( 'NONE',  ( 38.01040519765815162, 144.0405549482859726, 31.42569863010881548 ) ) ;
#2482 = CARTESIAN_POINT ( 'NONE',  ( -36.49765857894750809, 74.08406911433858966, -9.934392760299836311 ) ) ;
#2483 = CARTESIAN_POINT ( 'NONE',  ( -40.31180119480377755, 53.20070608357141140, 53.94032875655574344 ) ) ;
#2484 = ORIENTED_EDGE ( 'NONE', *, *, #1984, .F. ) ;
#2485 = DIRECTION ( 'NONE',  ( 0.000000000000000000, 0.000000000000000000, -1.000000000000000000 ) ) ;
#2486 = DIRECTION ( 'NONE',  ( -0.000000000000000000, -0.9061082894879771699, -0.4230458222476286001 ) ) ;
#2487 = EDGE_CURVE ( 'NONE', #2525, #1950, #2221, .T. ) ;
#2488 = CARTESIAN_POINT ( 'NONE',  ( 39.99994106995627163, 170.3930736670306203, 44.46863307721299208 ) ) ;
#2489 = CARTESIAN_POINT ( 'NONE',  ( -49.10170924129206327, 284.0633192134476985, 194.1808410861356151 ) ) ;
#2490 = CARTESIAN_POINT ( 'NONE',  ( 41.92150436108323674, 250.7513608834112233, 133.2111417289818860 ) ) ;
#2491 = CIRCLE ( 'NONE', #162, 43.10768710432624573 ) ;
#2492 = EDGE_CURVE ( 'NONE', #1950, #1425, #2091, .T. ) ;
#2493 = CARTESIAN_POINT ( 'NONE',  ( 40.00000000000000000, -111.6164071289371975, 352.2149077139229689 ) ) ;
#2494 = CARTESIAN_POINT ( 'NONE',  ( 41.53625232800614953, 50.28395448054634187, 54.13551159202388163 ) ) ;
#2495 = ORIENTED_EDGE ( 'NONE', *, *, #1886, .T. ) ;
#2496 = DIRECTION ( 'NONE',  ( 1.000000000000000000, 0.000000000000000000, 0.000000000000000000 ) ) ;
#2497 = CARTESIAN_POINT ( 'NONE',  ( -37.05134874996367245, 99.47342582598186311, 91.00356258664024267 ) ) ;
#2498 = CARTESIAN_POINT ( 'NONE',  ( 39.90959649266685005, 173.5006623285636636, 48.10607163060729619 ) ) ;
#2499 = CARTESIAN_POINT ( 'NONE',  ( 50.00000000000000000, 282.6556856985978925, 190.3143138997207586 ) ) ;
#2500 = FACE_OUTER_BOUND ( 'NONE', #1255, .T. ) ;
#2501 = AXIS2_PLACEMENT_3D ( 'NONE', #2661, #1262, #2270 ) ;
#2502 = EDGE_LOOP ( 'NONE', ( #2528, #880, #1557, #261 ) ) ;
#2503 = CARTESIAN_POINT ( 'NONE',  ( -38.90247004224593752, 150.5887742813891350, 32.67836287895887182 ) ) ;
#2504 = CARTESIAN_POINT ( 'NONE',  ( -40.00000000000000000, 285.7238453664027134, 201.4590365452995968 ) ) ;
#2505 = EDGE_CURVE ( 'NONE', #1241, #1340, #1789, .T. ) ;
#2506 = ORIENTED_EDGE ( 'NONE', *, *, #2548, .T. ) ;
#2507 = AXIS2_PLACEMENT_3D ( 'NONE', #1298, #2120, #263 ) ;
#2508 = CARTESIAN_POINT ( 'NONE',  ( -43.51750429166815337, 71.38478140947168527, -12.88749297476891975 ) ) ;
#2509 = PERSON_AND_ORGANIZATION ( #2049, #450 ) ;
#2510 = AXIS2_PLACEMENT_3D ( 'NONE', #1840, #608, #161 ) ;
#2511 = VERTEX_POINT ( 'NONE', #1712 ) ;
#2512 = CARTESIAN_POINT ( 'NONE',  ( -39.22011513524397230, 101.4075259609570594, 95.00749741233394730 ) ) ;
#2513 = LOCAL_TIME ( 19, 31, 57.00000000000000000, #237 ) ;
#2514 = CARTESIAN_POINT ( 'NONE',  ( -49.93917110033965656, 174.5096790723955280, 49.51707351695702641 ) ) ;
#2515 = CARTESIAN_POINT ( 'NONE',  ( 39.12817694651912603, 151.4526691702724861, 32.92392386896661804 ) ) ;
#2516 = CARTESIAN_POINT ( 'NONE',  ( -48.28286988181909578, 282.8202085484666100, 190.7198464601616763 ) ) ;
#2517 = EDGE_LOOP ( 'NONE', ( #2227, #682, #529, #2045 ) ) ;
#2518 = CARTESIAN_POINT ( 'NONE',  ( -36.72851332518465739, 48.49083323089561759, 56.64784462801377884 ) ) ;
#2519 = DIRECTION ( 'NONE',  ( -1.000000000000000000, 0.000000000000000000, 0.000000000000000000 ) ) ;
#2520 = CARTESIAN_POINT ( 'NONE',  ( 38.84956208871846428, 47.01656275020571485, 56.47598871862060577 ) ) ;
#2521 = ORIENTED_EDGE ( 'NONE', *, *, #1626, .F. ) ;
#2522 = EDGE_CURVE ( 'NONE', #1728, #1261, #919, .T. ) ;
#2523 = CARTESIAN_POINT ( 'NONE',  ( -38.17761783240490558, 143.7646765689064523, 31.39614309493227040 ) ) ;
#2524 = CARTESIAN_POINT ( 'NONE',  ( -42.00000000000000000, 250.2047828684220292, 136.0056156363783373 ) ) ;
#2525 = VERTEX_POINT ( 'NONE', #894 ) ;
#2526 = DIRECTION ( 'NONE',  ( -1.000000000000000000, 0.000000000000000000, 0.000000000000000000 ) ) ;
#2527 = CYLINDRICAL_SURFACE ( 'NONE', #1618, 5.000000000000000888 ) ;
#2528 = ORIENTED_EDGE ( 'NONE', *, *, #1398, .F. ) ;
#2529 = CARTESIAN_POINT ( 'NONE',  ( 41.97589860740212231, 73.10270263725095674, -7.758004670244385004 ) ) ;
#2530 = CARTESIAN_POINT ( 'NONE',  ( -40.00000000000000000, 164.3203358699485364, 39.23202619629808652 ) ) ;
#2531 = CARTESIAN_POINT ( 'NONE',  ( 48.00000000000000000, 47.18660300908717886, 61.47905738105305318 ) ) ;
#2532 = DIRECTION ( 'NONE',  ( 0.000000000000000000, 0.000000000000000000, -1.000000000000000000 ) ) ;
#2533 = DIRECTION ( 'NONE',  ( 1.000000000000000000, 0.000000000000000000, 0.000000000000000000 ) ) ;
#2534 = ADVANCED_FACE ( 'NONE', ( #2385 ), #101, .T. ) ;
#2535 = CARTESIAN_POINT ( 'NONE',  ( -50.00000000000000000, 139.1978727920571828, 74.26250630126496333 ) ) ;
#2536 = ORIENTED_EDGE ( 'NONE', *, *, #59, .T. ) ;
#2537 = EDGE_CURVE ( 'NONE', #1957, #740, #74, .T. ) ;
#2538 = ORIENTED_EDGE ( 'NONE', *, *, #1466, .F. ) ;
#2539 = CARTESIAN_POINT ( 'NONE',  ( -39.65779889511032508, 72.35593583167482734, -11.21227055990533827 ) ) ;
#2540 = CARTESIAN_POINT ( 'NONE',  ( -39.79389301805218793, 78.99414767540768878, -7.690954574281475331 ) ) ;
#2541 = VERTEX_POINT ( 'NONE', #2176 ) ;
#2542 = CARTESIAN_POINT ( 'NONE',  ( -41.40578953751684566, 73.71001662868125948, -6.717324603244785308 ) ) ;
#2543 = CARTESIAN_POINT ( 'NONE',  ( 40.32466320937609083, 74.53480994319984632, -9.427254471458477170 ) ) ;
#2544 = CARTESIAN_POINT ( 'NONE',  ( -42.76388378594914030, 47.93194741190138330, 55.09450017259278809 ) ) ;
#2545 = CARTESIAN_POINT ( 'NONE',  ( 41.39718745619138218, 45.65745318289637567, 56.71338085692232767 ) ) ;
#2546 = DIRECTION ( 'NONE',  ( -1.000000000000000000, 0.000000000000000000, 0.000000000000000000 ) ) ;
#2547 = CARTESIAN_POINT ( 'NONE',  ( 40.90587251040412298, 74.38643139596395315, -5.834160122802739323 ) ) ;
#2548 = EDGE_CURVE ( 'NONE', #805, #943, #2592, .T. ) ;
#2549 = CARTESIAN_POINT ( 'NONE',  ( 40.00000000000000000, 139.1978727920571828, 74.26250630126496333 ) ) ;
#2550 = VERTEX_POINT ( 'NONE', #937 ) ;
#2551 = ORIENTED_EDGE ( 'NONE', *, *, #469, .T. ) ;
#2552 = DIRECTION ( 'NONE',  ( 1.000000000000000000, 0.000000000000000000, 0.000000000000000000 ) ) ;
#2553 = AXIS2_PLACEMENT_3D ( 'NONE', #2435, #777, #1622 ) ;
#2554 = EDGE_CURVE ( 'NONE', #1697, #870, #87, .T. ) ;
#2555 = CARTESIAN_POINT ( 'NONE',  ( -35.63038085281720413, 75.81455314865537787, -9.153850444181925283 ) ) ;
#2556 = AXIS2_PLACEMENT_3D ( 'NONE', #1637, #1394, #1210 ) ;
#2557 = ORIENTED_EDGE ( 'NONE', *, *, #1215, .F. ) ;
#2558 = CARTESIAN_POINT ( 'NONE',  ( -42.10605086769302119, 72.98085198838975884, -7.999096512208920373 ) ) ;
#2559 = CARTESIAN_POINT ( 'NONE',  ( -48.00000000000000000, 0.000000000000000000, 72.50000000000000000 ) ) ;
#2560 = CARTESIAN_POINT ( 'NONE',  ( -40.37631014234905535, 49.26587927251917876, 56.59273184336342410 ) ) ;
#2561 = CARTESIAN_POINT ( 'NONE',  ( -40.00000000000000000, 183.6394870355727846, 181.0563078829712822 ) ) ;
#2562 = CARTESIAN_POINT ( 'NONE',  ( -40.00000000000000711, 250.2047828684220292, 136.0056156363783373 ) ) ;
#2563 = CARTESIAN_POINT ( 'NONE',  ( -35.05330252944118996, 51.64210987695489763, 58.22421136868064906 ) ) ;
#2564 = ORIENTED_EDGE ( 'NONE', *, *, #308, .T. ) ;
#2565 = ORIENTED_EDGE ( 'NONE', *, *, #1100, .T. ) ;
#2566 = FACE_OUTER_BOUND ( 'NONE', #2239, .T. ) ;
#2567 = CARTESIAN_POINT ( 'NONE',  ( -40.49992068148703339, 75.09507102945882195, -5.148599749673366865 ) ) ;
#2568 = ORIENTED_EDGE ( 'NONE', *, *, #1794, .T. ) ;
#2569 = CARTESIAN_POINT ( 'NONE',  ( 40.00000000000000000, 245.3599474666636411, 144.0586122824886957 ) ) ;
#2570 = ORIENTED_EDGE ( 'NONE', *, *, #1554, .F. ) ;
#2571 = EDGE_CURVE ( 'NONE', #1237, #2550, #1493, .T. ) ;
#2572 = CARTESIAN_POINT ( 'NONE',  ( 38.95179721514610804, 72.63478230703861982, -10.91669796795659408 ) ) ;
#2573 = CARTESIAN_POINT ( 'NONE',  ( -39.84804993612112867, 50.71745510009693447, 57.50779798264758824 ) ) ;
#2574 = CARTESIAN_POINT ( 'NONE',  ( 40.13063283900606137, 53.84226257302882601, 54.10040494200146810 ) ) ;
#2575 = ADVANCED_FACE ( 'NONE', ( #309 ), #14, .T. ) ;
#2576 = DIRECTION ( 'NONE',  ( 1.000000000000000000, 0.000000000000000000, 0.000000000000000000 ) ) ;
#2577 = CARTESIAN_POINT ( 'NONE',  ( 35.00000000000000000, -111.6164071289371975, 352.2149077139229689 ) ) ;
#2578 =( BOUNDED_SURFACE ( )  B_SPLINE_SURFACE ( 3, 2, ( 
 ( #945, #1748, #1117 ),
 ( #1346, #532, #1933 ),
 ( #1147, #2573, #733 ),
 ( #918, #2601, #2393 ),
 ( #2585, #1537, #2196 ),
 ( #758, #333, #1563 ),
 ( #1587, #505, #1332 ),
 ( #1131, #934, #2146 ),
 ( #2185, #2560, #546 ),
 ( #113, #1575, #2405 ),
 ( #82, #1163, #745 ),
 ( #1775, #902, #136 ),
 ( #1374, #345, #1731 ),
 ( #2544, #1552, #708 ),
 ( #2155, #302, #2365 ),
 ( #518, #2170, #317 ),
 ( #2038, #1599, #408 ),
 ( #1222, #1197, #1234 ),
 ( #2206, #998, #2626 ),
 ( #606, #796, #1811 ) ),
 .UNSPECIFIED., .F., .F., .F. ) 
 B_SPLINE_SURFACE_WITH_KNOTS ( ( 4, 2, 2, 2, 2, 2, 2, 2, 2, 4 ),
 ( 3, 3 ),
 ( 0.000000000000000000, 0.001872014301712738096, 0.002808021452569107144, 0.003744028603425476193, 0.005616042905138214289, 0.007488057206850952385, 0.008424064357707320566, 0.009360071508563690482, 0.01123208581027642858, 0.01497611441370190477 ),
 ( 0.000000000000000000, 1.000000000000000000 ),
 .UNSPECIFIED. ) 
 GEOMETRIC_REPRESENTATION_ITEM ( )  RATIONAL_B_SPLINE_SURFACE ( (
 ( 1.000000000000000000, 0.7416836485275268842, 1.000000000000000000),
 ( 1.000000000000000000, 0.7542589123937498696, 1.000000000000000000),
 ( 1.000000000000000000, 0.7689798961106265596, 1.000000000000000000),
 ( 1.000000000000000000, 0.7923790003386107506, 1.000000000000000000),
 ( 1.000000000000000000, 0.8004028779694352114, 1.000000000000000000),
 ( 1.000000000000000000, 0.8166541343103637107, 1.000000000000000000),
 ( 1.000000000000000000, 0.8249195627126150177, 1.000000000000000000),
 ( 1.000000000000000000, 0.8494043909341331133, 1.000000000000000000),
 ( 1.000000000000000000, 0.8652488626619310175, 1.000000000000000000),
 ( 1.000000000000000000, 0.8950296394436862979, 1.000000000000000000),
 ( 1.000000000000000000, 0.9089756103009875021, 1.000000000000000000),
 ( 1.000000000000000000, 0.9280237870681817824, 1.000000000000000000),
 ( 1.000000000000000000, 0.9340761202503206073, 1.000000000000000000),
 ( 1.000000000000000000, 0.9453772160878185504, 1.000000000000000000),
 ( 1.000000000000000000, 0.9506417137909408677, 1.000000000000000000),
 ( 1.000000000000000000, 0.9652624344846664206, 1.000000000000000000),
 ( 1.000000000000000000, 0.9734461840929833354, 1.000000000000000000),
 ( 1.000000000000000000, 0.9932018180584166744, 1.000000000000000000),
 ( 1.000000000000000000, 0.9999906193603219640, 1.000000000000000000),
 ( 1.000000000000000000, 1.000000000000000000, 1.000000000000000000) ) ) 
 REPRESENTATION_ITEM ( '' )  SURFACE ( )  );
#2579 = CARTESIAN_POINT ( 'NONE',  ( 38.80717147976253045, 72.69649843474536510, -10.85659514863305297 ) ) ;
#2580 = ORIENTED_EDGE ( 'NONE', *, *, #1549, .F. ) ;
#2581 = ORIENTED_EDGE ( 'NONE', *, *, #2522, .T. ) ;
#2582 = DIRECTION ( 'NONE',  ( 0.000000000000000000, 0.000000000000000000, -1.000000000000000000 ) ) ;
#2583 = DIRECTION ( 'NONE',  ( 0.000000000000000000, 0.000000000000000000, 1.000000000000000000 ) ) ;
#2584 = VERTEX_POINT ( 'NONE', #2370 ) ;
#2585 = CARTESIAN_POINT ( 'NONE',  ( -40.83962074269409470, 51.80852337520335738, 53.84655873346757460 ) ) ;
#2586 = DIRECTION ( 'NONE',  ( 0.000000000000000000, 0.000000000000000000, 1.000000000000000000 ) ) ;
#2587 = CARTESIAN_POINT ( 'NONE',  ( -40.19112820944240383, 250.8384988534427578, 133.3415180834086584 ) ) ;
#2588 = EDGE_CURVE ( 'NONE', #2525, #1977, #571, .T. ) ;
#2589 = B_SPLINE_CURVE_WITH_KNOTS ( 'NONE', 3,
 ( #2414, #579, #1410, #2233, #378, #207 ),
 .UNSPECIFIED., .F., .F.,
 ( 4, 2, 4 ),
 ( 0.000000000000000000, 0.001983220868340921685, 0.003966441736681843369 ),
 .UNSPECIFIED. ) ;
#2590 = AXIS2_PLACEMENT_3D ( 'NONE', #1877, #1477, #36 ) ;
#2591 = DIRECTION ( 'NONE',  ( -4.799328095117401413E-16, -0.9061082894879775029, -0.4230458222476282115 ) ) ;
#2592 = CIRCLE ( 'NONE', #1740, 43.10768710432624573 ) ;
#2593 = AXIS2_PLACEMENT_3D ( 'NONE', #2260, #2641, #1032 ) ;
#2594 = VERTEX_POINT ( 'NONE', #1781 ) ;
#2595 = CARTESIAN_POINT ( 'NONE',  ( -36.67319741012197198, 98.92468854247189824, 89.63658543564119441 ) ) ;
#2596 = CARTESIAN_POINT ( 'NONE',  ( 40.10515812065992236, 53.83662951128119545, 54.09602100705256333 ) ) ;
#2597 = ORIENTED_EDGE ( 'NONE', *, *, #1938, .T. ) ;
#2598 = CARTESIAN_POINT ( 'NONE',  ( 40.06307256761645874, 285.5557485119165904, 200.3975230040641407 ) ) ;
#2599 = AXIS2_PLACEMENT_3D ( 'NONE', #1666, #1716, #861 ) ;
#2600 = DIRECTION ( 'NONE',  ( 0.000000000000000000, -0.8577048619170161148, 0.5141423634013367883 ) ) ;
#2601 = CARTESIAN_POINT ( 'NONE',  ( -39.89767613950612457, 50.44179382218300134, 57.25183741401407644 ) ) ;
#2602 = CARTESIAN_POINT ( 'NONE',  ( -41.77370493942977703, 249.6209262936478126, 131.5285125369765353 ) ) ;
#2603 = B_SPLINE_CURVE_WITH_KNOTS ( 'NONE', 3,
 ( #2530, #2297, #1691, #1060, #2115, #222, #1073, #1679, #1087, #641, #2503, #1891, #1919, #2287, #491, #1881, #476, #889, #1467, #653, #1266, #1508, #2088, #272, #68, #1524 ),
 .UNSPECIFIED., .F., .F.,
 ( 4, 2, 2, 2, 2, 2, 2, 2, 2, 2, 2, 2, 4 ),
 ( 1.273811594446465319E-16, 0.005404682372817912021, 0.008107023559226803414, 0.01080936474563569567, 0.01351170593204458793, 0.01621404711845348193, 0.01756521771165792806, 0.01824080300826018061, 0.01891638830486243664, 0.01959197360146468919, 0.02026755889806694175, 0.02094314419466919777, 0.02161872949127145380 ),
 .UNSPECIFIED. ) ;
#2604 = AXIS2_PLACEMENT_3D ( 'NONE', #684, #1259, #893 ) ;
#2605 = CARTESIAN_POINT ( 'NONE',  ( -41.77370588480202684, 249.6209345592013733, 131.5285247884857256 ) ) ;
#2606 = EDGE_CURVE ( 'NONE', #1689, #1435, #2422, .T. ) ;
#2607 = CARTESIAN_POINT ( 'NONE',  ( 0.000000000000000000, 0.000000000000000000, 0.000000000000000000 ) ) ;
#2608 = B_SPLINE_CURVE_WITH_KNOTS ( 'NONE', 3,
 ( #2083, #2099, #230, #847 ),
 .UNSPECIFIED., .F., .F.,
 ( 4, 4 ),
 ( 0.000000000000000000, 0.002035581208344994317 ),
 .UNSPECIFIED. ) ;
#2609 = ORIENTED_EDGE ( 'NONE', *, *, #829, .T. ) ;
#2610 = CARTESIAN_POINT ( 'NONE',  ( 41.59733444350435150, 168.1212377497128330, 42.29827564551160179 ) ) ;
#2611 = CARTESIAN_POINT ( 'NONE',  ( 48.00000000000000000, 282.6556856985978925, 190.3143138997207586 ) ) ;
#2612 = CARTESIAN_POINT ( 'NONE',  ( 42.14247580195765153, 49.08585254720263436, 54.55933092514051452 ) ) ;
#2613 = CARTESIAN_POINT ( 'NONE',  ( 35.81474612649525113, 49.34714774732127296, 56.96192043405329031 ) ) ;
#2614 = CARTESIAN_POINT ( 'NONE',  ( -40.56952180520251972, 170.8506867150518360, 44.98753312360069856 ) ) ;
#2615 = DIRECTION ( 'NONE',  ( -1.000000000000000000, -0.000000000000000000, -0.000000000000000000 ) ) ;
#2616 = CARTESIAN_POINT ( 'NONE',  ( -40.00000000000000711, 251.8735861662640900, 134.9033019092065331 ) ) ;
#2617 = MECHANICAL_CONTEXT ( 'NONE', #1533, 'mechanical' ) ;
#2618 = DIRECTION ( 'NONE',  ( 0.000000000000000000, 0.000000000000000000, 1.000000000000000000 ) ) ;
#2619 = DESIGN_CONTEXT ( 'detailed design', #1348, 'design' ) ;
#2620 = ORIENTED_EDGE ( 'NONE', *, *, #980, .T. ) ;
#2621 = CARTESIAN_POINT ( 'NONE',  ( -40.00000000000000000, 96.94219855043293421, 82.83804336729129147 ) ) ;
#2622 = CARTESIAN_POINT ( 'NONE',  ( 41.86979623872800005, 282.6936656987070364, 190.4070604928980686 ) ) ;
#2623 = CARTESIAN_POINT ( 'NONE',  ( 49.93709345100304375, 285.5560828143984509, 200.3992248637412956 ) ) ;
#2624 = EDGE_CURVE ( 'NONE', #1917, #940, #962, .T. ) ;
#2625 = CARTESIAN_POINT ( 'NONE',  ( -35.00000000000000711, 181.0687752185660599, 176.7677835733862537 ) ) ;
#2626 = CARTESIAN_POINT ( 'NONE',  ( -44.07963728505548318, 44.48299305842277107, 57.25118139142071527 ) ) ;
#2627 = CARTESIAN_POINT ( 'NONE',  ( -35.00000000000000000, 183.6394870355727846, 181.0563078829712822 ) ) ;
#2628 = DIRECTION ( 'NONE',  ( 0.4781157825909864711, -0.8012214111312667697, -0.3597909792952435626 ) ) ;
#2629 = CARTESIAN_POINT ( 'NONE',  ( 48.00000000000000000, -93.35760335989121472, 362.9428076763803119 ) ) ;
#2630 = PERSON_AND_ORGANIZATION_ROLE ( 'creator' ) ;
#2631 = AXIS2_PLACEMENT_3D ( 'NONE', #1718, #692, #1729 ) ;
#2632 = AXIS2_PLACEMENT_3D ( 'NONE', #95, #1145, #1703 ) ;
#2633 = ORIENTED_EDGE ( 'NONE', *, *, #138, .T. ) ;
#2634 = CARTESIAN_POINT ( 'NONE',  ( 41.41417972544953585, 168.3703917554035172, 42.52536457306486994 ) ) ;
#2635 = CARTESIAN_POINT ( 'NONE',  ( 38.01890457111466759, 99.97749676623675441, 92.15314337005452217 ) ) ;
#2636 = EDGE_CURVE ( 'NONE', #1633, #2278, #406, .T. ) ;
#2637 = CARTESIAN_POINT ( 'NONE',  ( 37.45731263296232783, 147.6103770799509505, 31.98326797756043760 ) ) ;
#2638 = CARTESIAN_POINT ( 'NONE',  ( 48.00000000000000000, 0.000000000000000000, 0.000000000000000000 ) ) ;
#2639 = CARTESIAN_POINT ( 'NONE',  ( -40.15706475900029204, 172.4467085627279062, 46.81343837772735839 ) ) ;
#2640 = B_SPLINE_CURVE_WITH_KNOTS ( 'NONE', 3,
 ( #214, #1470, #2508, #1872, #2279, #2263, #1427, #628, #2249, #2092, #17, #645, #226, #1270 ),
 .UNSPECIFIED., .F., .F.,
 ( 4, 2, 2, 2, 2, 2, 4 ),
 ( -2.014284852130350780E-05, 0.002432728140396882809, 0.004885599129315069088, 0.006112034623774156156, 0.007338470118233244091, 0.008564905612692330292, 0.009791341107151418227 ),
 .UNSPECIFIED. ) ;
#2641 = DIRECTION ( 'NONE',  ( -1.000000000000000000, -0.000000000000000000, -0.000000000000000000 ) ) ;
#2642 = CARTESIAN_POINT ( 'NONE',  ( -48.00000000000000000, 0.000000000000000000, 0.000000000000000000 ) ) ;
#2643 = VERTEX_POINT ( 'NONE', #2446 ) ;
#2644 = CIRCLE ( 'NONE', #1662, 341.2789318650891914 ) ;
#2645 = ORIENTED_EDGE ( 'NONE', *, *, #2222, .F. ) ;
#2646 = CARTESIAN_POINT ( 'NONE',  ( 40.00000000000000000, 77.44588355361740639, -2.895707271036274122 ) ) ;
#2647 = CARTESIAN_POINT ( 'NONE',  ( 41.31546566690631295, 283.3801769388788330, 192.1823184026821423 ) ) ;
#2648 = CARTESIAN_POINT ( 'NONE',  ( 48.11016678170305028, 282.6823065112942572, 190.3792630517097848 ) ) ;
#2649 = CARTESIAN_POINT ( 'NONE',  ( 42.95267348592299328, 47.58076454494010932, 55.25625307911609951 ) ) ;
#2650 = CARTESIAN_POINT ( 'NONE',  ( -40.00000000000000000, 250.2047828684220292, 136.0056156363783373 ) ) ;
#2651 = CARTESIAN_POINT ( 'NONE',  ( -41.61459228024171608, 168.1077284297729193, 42.28605927714306034 ) ) ;
#2652 = DIRECTION ( 'NONE',  ( 0.000000000000000000, 0.000000000000000000, -1.000000000000000000 ) ) ;
#2653 = CARTESIAN_POINT ( 'NONE',  ( 49.74644879032236133, 173.3297444371852976, 47.91336454129166356 ) ) ;
#2654 = CARTESIAN_POINT ( 'NONE',  ( 36.67924148563743358, 48.53483671871808980, 56.66238014861121997 ) ) ;
#2655 = AXIS2_PLACEMENT_3D ( 'NONE', #212, #178, #370 ) ;
#2656 = ADVANCED_FACE ( 'NONE', ( #156 ), #558, .T. ) ;
#2657 = EDGE_LOOP ( 'NONE', ( #1982, #1305 ) ) ;
#2658 = EDGE_LOOP ( 'NONE', ( #2506, #1913 ) ) ;
#2659 = CARTESIAN_POINT ( 'NONE',  ( -39.47175115854233240, 140.6594918292716727, 31.17806825674646021 ) ) ;
#2660 = FACE_OUTER_BOUND ( 'NONE', #1714, .T. ) ;
#2661 = CARTESIAN_POINT ( 'NONE',  ( 40.00000000000000000, -93.35760335989121472, 362.9428076763803119 ) ) ;
#2662 = DIRECTION ( 'NONE',  ( 1.000000000000000000, 0.000000000000000000, 0.000000000000000000 ) ) ;
#2663 = CARTESIAN_POINT ( 'NONE',  ( 45.00000000000000000, 0.000000000000000000, 0.000000000000000000 ) ) ;
#2664 = PLANE ( 'NONE',  #47 ) ;
#2665 = CARTESIAN_POINT ( 'NONE',  ( 35.00000000000000000, -93.35760335989121472, 362.9428076763803119 ) ) ;
ENDSEC;
END-ISO-10303-21;
