ISO-10303-21;
HEADER;
FILE_DESCRIPTION (( 'STEP AP203' ),
    '1' );
FILE_NAME ('Link2_Default_sldprt.STEP',
    '2026-05-08T17:32:00',
    ( '' ),
    ( '' ),
    'SwSTEP 2.0',
    'SolidWorks 2024',
    '' );
FILE_SCHEMA (( 'CONFIG_CONTROL_DESIGN' ));
ENDSEC;

DATA;
#1 = CARTESIAN_POINT ( 'NONE',  ( -5.000000000000005329, -23.53851726284230850, -346.3552519128185168 ) ) ;
#2 = CARTESIAN_POINT ( 'NONE',  ( -7.071067811865482611, -2.499999999999976463, -335.8334740202162720 ) ) ;
#3 = FACE_OUTER_BOUND ( 'NONE', #2086, .T. ) ;
#4 = LINE ( 'NONE', #757, #818 ) ;
#5 = DIRECTION ( 'NONE',  ( 0.000000000000000000, -0.3401339700489968698, 0.9403769895200053686 ) ) ;
#6 = CARTESIAN_POINT ( 'NONE',  ( -5.000000000000005329, -23.50391484076517301, -348.9578767150717340 ) ) ;
#7 = CARTESIAN_POINT ( 'NONE',  ( 23.53851726284230850, -8.249045546654079343E-14, -346.3552519128185168 ) ) ;
#8 = CARTESIAN_POINT ( 'NONE',  ( -7.398980530427346380, 1.264510999385720647, -338.1815981954789549 ) ) ;
#9 = CARTESIAN_POINT ( 'NONE',  ( 0.000000000000000000, 15.72797534188301682, -333.4918484924627364 ) ) ;
#10 = CARTESIAN_POINT ( 'NONE',  ( -22.19770640609445422, 3.749836221699786254, -305.6653867411760075 ) ) ;
#11 =( BOUNDED_SURFACE ( )  B_SPLINE_SURFACE ( 3, 3, ( 
 ( #1749, #2859, #1475, #2505, #826, #880, #1444, #311, #1117, #566, #2217, #2552, #3591, #1941, #2809, #3053, #327, #3352, #52, #2521 ),
 ( #296, #3089, #1411, #18, #2794, #1133, #1171, #2249, #550, #804, #3371, #3301, #3323, #1924, #3037, #1390, #585, #2534, #1095, #859 ),
 ( #2265, #3338, #2828, #2773, #1705, #1972, #3107, #532, #1670, #602, #842, #1427, #33, #1150, #277, #1957, #1, #1994, #1655, #2234 ),
 ( #3070, #1722, #1687, #2756, #258, #1372, #2483, #366, #3463, #2631, #2339, #1796, #1486, #1467, #2591, #2847, #2063, #1526, #1230, #3407 ),
 ( #90, #968, #2646, #2082, #2573, #1818, #916, #3446, #3164, #111, #953, #347, #1246, #2926, #935, #674, #3197, #1739, #656, #73 ),
 ( #1209, #127, #2609, #2285, #2358, #3181, #693, #2902, #2028, #1779, #424, #404, #385, #3146, #1189, #2301, #2012, #1542, #145, #639 ),
 ( #1763, #3389, #897, #3125, #2319, #2887, #2870, #620, #3424, #2049, #1503, #3374, #1213, #659, #2873, #1997, #1193, #1507, #2306, #3184 ) ),
 .UNSPECIFIED., .T., .F., .T. ) 
 B_SPLINE_SURFACE_WITH_KNOTS ( ( 4, 3, 4 ),
 ( 4, 2, 2, 2, 2, 2, 2, 2, 2, 4 ),
 ( 0.000000000000000000, 0.5000000000000000000, 1.000000000000000000 ),
 ( 0.000000000000000000, 0.1601717819196981085, 0.3203435638393962170, 0.3703435638394153573, 0.4203435638394345530, 0.4928006183595052825, 0.5652576728795759564, 0.7101717819197173043, 0.8550858909598586521, 1.000000000000000000 ),
 .UNSPECIFIED. ) 
 GEOMETRIC_REPRESENTATION_ITEM ( )  RATIONAL_B_SPLINE_SURFACE ( (
 ( 1.000000000000000000, 1.000000000000000000, 1.000000000000000000, 1.000000000000000000, 1.000000000000000000, 1.000000000000000000, 1.000000000000000000, 1.000000000000000000, 1.000000000000000000, 1.000000000000000000, 1.000000000000000000, 1.000000000000000000, 1.000000000000000000, 1.000000000000000000, 1.000000000000000000, 1.000000000000000000, 1.000000000000000000, 1.000000000000000000, 1.000000000000000000, 1.000000000000000000),
 ( 0.3333333333333333703, 0.3333333333333333703, 0.3333333333333333703, 0.3333333333333333703, 0.3333333333333333703, 0.3333333333333333703, 0.3333333333333333703, 0.3333333333333333703, 0.3333333333333333703, 0.3333333333333333703, 0.3333333333333333703, 0.3333333333333333703, 0.3333333333333333703, 0.3333333333333333703, 0.3333333333333333703, 0.3333333333333333703, 0.3333333333333333703, 0.3333333333333333703, 0.3333333333333333703, 0.3333333333333333703),
 ( 0.3333333333333333703, 0.3333333333333333703, 0.3333333333333333703, 0.3333333333333333703, 0.3333333333333333703, 0.3333333333333333703, 0.3333333333333333703, 0.3333333333333333703, 0.3333333333333333703, 0.3333333333333333703, 0.3333333333333333703, 0.3333333333333333703, 0.3333333333333333703, 0.3333333333333333703, 0.3333333333333333703, 0.3333333333333333703, 0.3333333333333333703, 0.3333333333333333703, 0.3333333333333333703, 0.3333333333333333703),
 ( 1.000000000000000000, 1.000000000000000000, 1.000000000000000000, 1.000000000000000000, 1.000000000000000000, 1.000000000000000000, 1.000000000000000000, 1.000000000000000000, 1.000000000000000000, 1.000000000000000000, 1.000000000000000000, 1.000000000000000000, 1.000000000000000000, 1.000000000000000000, 1.000000000000000000, 1.000000000000000000, 1.000000000000000000, 1.000000000000000000, 1.000000000000000000, 1.000000000000000000),
 ( 0.3333333333333333703, 0.3333333333333333703, 0.3333333333333333703, 0.3333333333333333703, 0.3333333333333333703, 0.3333333333333333703, 0.3333333333333333703, 0.3333333333333333703, 0.3333333333333333703, 0.3333333333333333703, 0.3333333333333333703, 0.3333333333333333703, 0.3333333333333333703, 0.3333333333333333703, 0.3333333333333333703, 0.3333333333333333703, 0.3333333333333333703, 0.3333333333333333703, 0.3333333333333333703, 0.3333333333333333703),
 ( 0.3333333333333333703, 0.3333333333333333703, 0.3333333333333333703, 0.3333333333333333703, 0.3333333333333333703, 0.3333333333333333703, 0.3333333333333333703, 0.3333333333333333703, 0.3333333333333333703, 0.3333333333333333703, 0.3333333333333333703, 0.3333333333333333703, 0.3333333333333333703, 0.3333333333333333703, 0.3333333333333333703, 0.3333333333333333703, 0.3333333333333333703, 0.3333333333333333703, 0.3333333333333333703, 0.3333333333333333703),
 ( 1.000000000000000000, 1.000000000000000000, 1.000000000000000000, 1.000000000000000000, 1.000000000000000000, 1.000000000000000000, 1.000000000000000000, 1.000000000000000000, 1.000000000000000000, 1.000000000000000000, 1.000000000000000000, 1.000000000000000000, 1.000000000000000000, 1.000000000000000000, 1.000000000000000000, 1.000000000000000000, 1.000000000000000000, 1.000000000000000000, 1.000000000000000000, 1.000000000000000000) ) ) 
 REPRESENTATION_ITEM ( '' )  SURFACE ( )  );
#12 = CARTESIAN_POINT ( 'NONE',  ( -16.63131480189344202, 5.000000000000180300, -338.4971743906191932 ) ) ;
#13 = CARTESIAN_POINT ( 'NONE',  ( -22.49980197127906223, -0.1090142317251922011, -305.8345732893702689 ) ) ;
#14 = FACE_OUTER_BOUND ( 'NONE', #841, .T. ) ;
#15 = PERSON ( 'UNSPECIFIED', 'UNSPECIFIED', 'UNSPECIFIED', ('UNSPECIFIED'), ('UNSPECIFIED'), ('UNSPECIFIED') ) ;
#16 = EDGE_LOOP ( 'NONE', ( #57, #1028, #824, #3201, #1545, #2826, #310, #1315 ) ) ;
#17 = ADVANCED_FACE ( 'NONE', ( #2190 ), #780, .T. ) ;
#18 = CARTESIAN_POINT ( 'NONE',  ( -5.000000000000005329, -19.14206404499947212, -333.6278838779330158 ) ) ;
#19 = CARTESIAN_POINT ( 'NONE',  ( 13.06500074398185696, -11.69719608267466704, -304.4613710363208838 ) ) ;
#20 = CARTESIAN_POINT ( 'NONE',  ( 40.00000000000000000, 0.000000000000000000, 0.000000000000000000 ) ) ;
#21 = CARTESIAN_POINT ( 'NONE',  ( 17.50000000000000355, 0.000000000000000000, -330.0000000000000000 ) ) ;
#22 = CARTESIAN_POINT ( 'NONE',  ( 23.38237633774817681, -8.194529234095298734E-14, -345.0117091510177261 ) ) ;
#23 = EDGE_CURVE ( 'NONE', #994, #797, #2039, .T. ) ;
#24 = CARTESIAN_POINT ( 'NONE',  ( -3.061616997868386592E-16, -23.53851726284230850, -346.3552519128185168 ) ) ;
#25 = LINE ( 'NONE', #3436, #2165 ) ;
#26 = CARTESIAN_POINT ( 'NONE',  ( 7.316156624929180730, 1.654601767974083204, -337.8810893577500565 ) ) ;
#27 = CARTESIAN_POINT ( 'NONE',  ( -18.65238951158536196, 1.956795714133506067E-13, -338.6063043901583001 ) ) ;
#28 = DIRECTION ( 'NONE',  ( 0.3401339700489968698, -1.187571409132701896E-15, 0.9403769895200053686 ) ) ;
#29 = CARTESIAN_POINT ( 'NONE',  ( -28.54861166975242881, 2.990308346836484971E-13, -346.0525470957490484 ) ) ;
#30 = CARTESIAN_POINT ( 'NONE',  ( 40.00000000000000000, -50.05156991562089530, -248.0774406985227358 ) ) ;
#31 = CARTESIAN_POINT ( 'NONE',  ( -5.000000000000005329, 16.80894403190034936, -333.4978844596955128 ) ) ;
#32 = ORIENTED_EDGE ( 'NONE', *, *, #2417, .F. ) ;
#33 = CARTESIAN_POINT ( 'NONE',  ( -5.000000000000005329, -21.76568028555520939, -340.1474355323161376 ) ) ;
#34 = CARTESIAN_POINT ( 'NONE',  ( -7.115810872248590435, -2.370572924306055818, -335.1893338626035188 ) ) ;
#35 = DIRECTION ( 'NONE',  ( -1.000000000000000000, -0.000000000000000000, -0.000000000000000000 ) ) ;
#36 = ORIENTED_EDGE ( 'NONE', *, *, #2879, .F. ) ;
#37 = CARTESIAN_POINT ( 'NONE',  ( -3.061616997868386592E-16, -21.54248251245784829, -339.7937097858272182 ) ) ;
#38 = CARTESIAN_POINT ( 'NONE',  ( 22.41613585559580102, -7.857168172882340931E-14, -341.4191863349707887 ) ) ;
#39 = FACE_OUTER_BOUND ( 'NONE', #1559, .T. ) ;
#40 = DIRECTION ( 'NONE',  ( -0.000000000000000000, -0.000000000000000000, 1.000000000000000000 ) ) ;
#41 = FACE_BOUND ( 'NONE', #2462, .T. ) ;
#42 = AXIS2_PLACEMENT_3D ( 'NONE', #278, #3182, #1210 ) ;
#43 = CARTESIAN_POINT ( 'NONE',  ( 5.000000000000005329, 23.31181146317005926, -350.2139333800129748 ) ) ;
#44 = DIRECTION ( 'NONE',  ( -1.000000000000000000, 0.000000000000000000, 0.000000000000000000 ) ) ;
#45 = AXIS2_PLACEMENT_3D ( 'NONE', #821, #2479, #3104 ) ;
#46 = CARTESIAN_POINT ( 'NONE',  ( -21.54248251245784829, 2.259516887536135756E-13, -339.7937097858272182 ) ) ;
#47 = CARTESIAN_POINT ( 'NONE',  ( -22.50000000000000355, 2.964131987457346630E-15, -305.8339162968049436 ) ) ;
#48 = AXIS2_PLACEMENT_3D ( 'NONE', #1882, #1055, #2989 ) ;
#49 = CARTESIAN_POINT ( 'NONE',  ( -5.000000000000005329, 21.88892678961155980, -334.0963682416404481 ) ) ;
#50 = ORIENTED_EDGE ( 'NONE', *, *, #3281, .F. ) ;
#51 = CIRCLE ( 'NONE', #3030, 395.0841691450921189 ) ;
#52 = CARTESIAN_POINT ( 'NONE',  ( 0.000000000000000000, -28.23531764672898348, -351.3018813774303908 ) ) ;
#53 = CARTESIAN_POINT ( 'NONE',  ( -7.500000000001334044, 4.034058286185506710E-13, -333.4999999999960210 ) ) ;
#54 = CYLINDRICAL_SURFACE ( 'NONE', #574, 50.00000000000000000 ) ;
#55 = CARTESIAN_POINT ( 'NONE',  ( 16.63131480189349176, -5.837408697103823803E-14, -338.4971743906191364 ) ) ;
#56 = CARTESIAN_POINT ( 'NONE',  ( 0.000000000000000000, 28.54861166975242881, -346.0525470957490484 ) ) ;
#57 = ORIENTED_EDGE ( 'NONE', *, *, #510, .T. ) ;
#58 = CARTESIAN_POINT ( 'NONE',  ( -3.061616997868386592E-16, -20.79747242897318316, -339.0045997728646512 ) ) ;
#59 = CARTESIAN_POINT ( 'NONE',  ( 22.94058104297341316, -8.040277228072378572E-14, -351.2916259697265673 ) ) ;
#60 = CARTESIAN_POINT ( 'NONE',  ( 5.000000000000005329, -28.35094872480814487, -344.3384610673687689 ) ) ;
#61 = CARTESIAN_POINT ( 'NONE',  ( 27.12167573721353619, -9.469482471462222858E-14, -339.6567022317279907 ) ) ;
#62 = B_SPLINE_CURVE_WITH_KNOTS ( 'NONE', 3,
 ( #1782, #95, #3130, #902, #114, #3393, #677, #3110, #1766, #605, #1471, #2907, #3428, #938, #369, #3167, #56, #2031, #1742, #956 ),
 .UNSPECIFIED., .F., .F.,
 ( 4, 2, 2, 2, 2, 2, 2, 2, 2, 4 ),
 ( 0.000000000000000000, 0.1601717819196981085, 0.3203435638393962170, 0.3703435638394153573, 0.4203435638394345530, 0.4928006183595052825, 0.5652576728795759564, 0.7101717819197173043, 0.8550858909598586521, 1.000000000000000000 ),
 .UNSPECIFIED. ) ;
#63 = EDGE_CURVE ( 'NONE', #2983, #1064, #2245, .T. ) ;
#64 = LINE ( 'NONE', #82, #995 ) ;
#65 = CARTESIAN_POINT ( 'NONE',  ( 0.000000000000000000, 27.64246599057346288, -352.9922958199715026 ) ) ;
#66 = CARTESIAN_POINT ( 'NONE',  ( 7.316631925672904657, -1.652573735379779363, -334.1170118024020326 ) ) ;
#67 = ADVANCED_FACE ( 'NONE', ( #2822 ), #2167, .T. ) ;
#68 = CARTESIAN_POINT ( 'NONE',  ( -28.23531764672898348, 2.957492539783373721E-13, -351.3018813774303908 ) ) ;
#69 = CARTESIAN_POINT ( 'NONE',  ( -16.80894403189934749, 5.000000000000181188, -333.4978844596955128 ) ) ;
#70 = CARTESIAN_POINT ( 'NONE',  ( 0.000000000000000000, 0.000000000000000000, -340.0000000000000000 ) ) ;
#71 = EDGE_CURVE ( 'NONE', #2846, #2578, #381, .T. ) ;
#72 = VERTEX_POINT ( 'NONE', #2564 ) ;
#73 = CARTESIAN_POINT ( 'NONE',  ( 5.000000000000005329, -22.94058104297341671, -351.2916259697266241 ) ) ;
#74 = CARTESIAN_POINT ( 'NONE',  ( 27.64246599057346643, -9.651315412777839935E-14, -352.9922958199715595 ) ) ;
#75 = CARTESIAN_POINT ( 'NONE',  ( 0.000000000000000000, -14.88014288590487588, -381.0456148739538662 ) ) ;
#76 = CARTESIAN_POINT ( 'NONE',  ( 22.41613585559580102, -7.857168172882340931E-14, -341.4191863349707887 ) ) ;
#77 = ORIENTED_EDGE ( 'NONE', *, *, #1137, .F. ) ;
#78 = CARTESIAN_POINT ( 'NONE',  ( 15.72797534188301682, -5.491393240398750419E-14, -333.4918484924627364 ) ) ;
#79 = CARTESIAN_POINT ( 'NONE',  ( 15.00000000000000888, 2.499999999999949374, -336.0000000000000000 ) ) ;
#80 = CARTESIAN_POINT ( 'NONE',  ( 0.000000000000000000, -24.95112436346223461, -336.0136030578399868 ) ) ;
#81 = CARTESIAN_POINT ( 'NONE',  ( 7.473417424687253785, -0.6510960034056447743, -338.4192746007644246 ) ) ;
#82 = CARTESIAN_POINT ( 'NONE',  ( -40.00000000000000000, -41.25000000000000000, -28.25663638864329030 ) ) ;
#83 = CARTESIAN_POINT ( 'NONE',  ( 5.000000000000005329, 20.37346398396783442, -333.7390229158967259 ) ) ;
#84 = CARTESIAN_POINT ( 'NONE',  ( 0.000000000000000000, -28.54861166975242881, -346.0525470957490484 ) ) ;
#85 = CARTESIAN_POINT ( 'NONE',  ( -9.281897363892342767, 14.84665784286956480, -303.3474704206022921 ) ) ;
#86 = CARTESIAN_POINT ( 'NONE',  ( -22.41613585559580102, 2.351027217864223395E-13, -341.4191863349707887 ) ) ;
#87 = CARTESIAN_POINT ( 'NONE',  ( -26.14080198592629500, 5.000000000000278888, -337.7142433841773936 ) ) ;
#88 = FACE_OUTER_BOUND ( 'NONE', #3196, .T. ) ;
#89 = ORIENTED_EDGE ( 'NONE', *, *, #2806, .T. ) ;
#90 = CARTESIAN_POINT ( 'NONE',  ( 5.000000000000005329, -14.99999999999999822, -338.5000000000000568 ) ) ;
#91 = EDGE_CURVE ( 'NONE', #2962, #2010, #2303, .T. ) ;
#92 = DIRECTION ( 'NONE',  ( 0.000000000000000000, 0.000000000000000000, 1.000000000000000000 ) ) ;
#93 = DIRECTION ( 'NONE',  ( 0.000000000000000000, -0.01090383320741931950, -0.9999405514436270348 ) ) ;
#94 = CARTESIAN_POINT ( 'NONE',  ( 22.41613585557912813, -5.000000000000084377, -341.4191863349708456 ) ) ;
#95 = CARTESIAN_POINT ( 'NONE',  ( 0.000000000000000000, 15.72797534188301682, -333.4918484924627364 ) ) ;
#96 = EDGE_LOOP ( 'NONE', ( #3444, #1267, #272, #3271 ) ) ;
#97 = CARTESIAN_POINT ( 'NONE',  ( -15.00000000000002487, -2.499999999999845013, -336.0000000000000000 ) ) ;
#98 = DIRECTION ( 'NONE',  ( 0.000000000000000000, 0.000000000000000000, 1.000000000000000000 ) ) ;
#99 = CARTESIAN_POINT ( 'NONE',  ( 14.85583796414910829, -5.186888102470397784E-14, -380.9937646771664390 ) ) ;
#100 = DIRECTION ( 'NONE',  ( 0.000000000000000000, 0.3401339700489858231, -0.9403769895200092543 ) ) ;
#101 = CARTESIAN_POINT ( 'NONE',  ( 20.96851650091081964, -5.000000000000079048, -339.1156999729153654 ) ) ;
#102 = DIRECTION ( 'NONE',  ( 1.000000000000000000, -0.000000000000000000, -3.007417864768909959E-16 ) ) ;
#103 = CARTESIAN_POINT ( 'NONE',  ( -28.54861166977359233, -4.999999999999706901, -346.0525470957490484 ) ) ;
#104 = CARTESIAN_POINT ( 'NONE',  ( -21.88892678961249416, 5.000000000000234479, -334.0963682416404481 ) ) ;
#105 = CARTESIAN_POINT ( 'NONE',  ( 23.10099649808227440, -8.065669818173262100E-14, -334.5516039357306681 ) ) ;
#106 = AXIS2_PLACEMENT_3D ( 'NONE', #1823, #429, #2346 ) ;
#107 = CARTESIAN_POINT ( 'NONE',  ( -28.49011611213813566, 2.984181262418246681E-13, -349.5327445574392300 ) ) ;
#108 = VERTEX_POINT ( 'NONE', #2860 ) ;
#109 = ADVANCED_BREP_SHAPE_REPRESENTATION ( 'Link2_Default_sldprt', ( #1637, #2838, #3265 ), #2509 ) ;
#110 = ADVANCED_FACE ( 'NONE', ( #2329 ), #907, .T. ) ;
#111 = CARTESIAN_POINT ( 'NONE',  ( 5.000000000000005329, -20.96851650090802721, -339.1156999729153654 ) ) ;
#112 = CARTESIAN_POINT ( 'NONE',  ( -0.6511258667006443179, -7.473415489843397097, -333.5807313037132644 ) ) ;
#113 = DIRECTION ( 'NONE',  ( 1.000000000000000000, -0.000000000000000000, -3.007417864768909959E-16 ) ) ;
#114 = CARTESIAN_POINT ( 'NONE',  ( 0.000000000000000000, 20.37346398396783442, -333.7390229158967259 ) ) ;
#115 = CIRCLE ( 'NONE', #2445, 395.0841691450910389 ) ;
#116 = ORIENTED_EDGE ( 'NONE', *, *, #3455, .T. ) ;
#117 = AXIS2_PLACEMENT_3D ( 'NONE', #1178, #2291, #3058 ) ;
#118 = FACE_OUTER_BOUND ( 'NONE', #728, .T. ) ;
#119 = CARTESIAN_POINT ( 'NONE',  ( 0.000000000000000000, -28.49011611213813566, -349.5327445574392300 ) ) ;
#120 = CARTESIAN_POINT ( 'NONE',  ( 2.806100745400637452E-15, -7.500000000000000000, -333.5000000000000000 ) ) ;
#121 = CARTESIAN_POINT ( 'NONE',  ( -21.19591013348451014, -7.557701723115627601, -305.2827876729670038 ) ) ;
#122 = CARTESIAN_POINT ( 'NONE',  ( 40.00000000000000000, 0.000000000000000000, 0.000000000000000000 ) ) ;
#123 = CARTESIAN_POINT ( 'NONE',  ( 21.14486282628767100, -5.000000000000079936, -339.2759833987219054 ) ) ;
#124 = CARTESIAN_POINT ( 'NONE',  ( -20.65287768296374438, 2.166335727701777961E-13, -338.9495670264251430 ) ) ;
#125 = DIRECTION ( 'NONE',  ( 1.000000000000000000, 0.000000000000000000, 0.000000000000000000 ) ) ;
#126 = ORIENTED_EDGE ( 'NONE', *, *, #1071, .F. ) ;
#127 = CARTESIAN_POINT ( 'NONE',  ( 5.000000000000005329, -15.72797534188301860, -333.4918484924627364 ) ) ;
#128 = LINE ( 'NONE', #1264, #2325 ) ;
#129 = DIRECTION ( 'NONE',  ( 0.9403769895200064788, -3.283308710386717695E-15, -0.3401339700489933726 ) ) ;
#130 =( LENGTH_UNIT ( ) NAMED_UNIT ( * ) SI_UNIT ( .MILLI., .METRE. ) );
#131 = ORIENTED_EDGE ( 'NONE', *, *, #2192, .F. ) ;
#132 = EDGE_CURVE ( 'NONE', #801, #1485, #1142, .T. ) ;
#133 = EDGE_LOOP ( 'NONE', ( #1604, #144, #1720, #332, #1093 ) ) ;
#134 = CARTESIAN_POINT ( 'NONE',  ( 2.419001142806580074, 7.099267053858230980, -335.3479224215938643 ) ) ;
#135 = DIRECTION ( 'NONE',  ( 0.000000000000000000, 0.000000000000000000, -1.000000000000000000 ) ) ;
#136 = CARTESIAN_POINT ( 'NONE',  ( 0.000000000000000000, -25.29152351677343802, -352.1419608948490350 ) ) ;
#137 = EDGE_CURVE ( 'NONE', #3152, #673, #25, .T. ) ;
#138 = CARTESIAN_POINT ( 'NONE',  ( 20.65287768296282422, -5.000000000000077272, -338.9495670264251430 ) ) ;
#139 = CARTESIAN_POINT ( 'NONE',  ( 0.000000000000000000, -16.80894403190034936, -333.4978844596955128 ) ) ;
#140 = CARTESIAN_POINT ( 'NONE',  ( -2.307635241626726064, 17.38561319863311994, -302.4096187328913743 ) ) ;
#141 = CARTESIAN_POINT ( 'NONE',  ( 16.80894403190034936, -5.868811441304814968E-14, -333.4978844596955128 ) ) ;
#142 = CARTESIAN_POINT ( 'NONE',  ( -22.94058104297336342, 5.000000000000245137, -351.2916259697266241 ) ) ;
#143 = DIRECTION ( 'NONE',  ( -1.000000000000000000, -0.000000000000000000, 1.431777657695698783E-16 ) ) ;
#144 = ORIENTED_EDGE ( 'NONE', *, *, #1967, .F. ) ;
#145 = CARTESIAN_POINT ( 'NONE',  ( 5.000000000000005329, -28.23531764672898348, -351.3018813774303908 ) ) ;
#146 = CARTESIAN_POINT ( 'NONE',  ( -7.500000000000000888, -0.1647411249347683904, -338.5000000000000000 ) ) ;
#147 = CARTESIAN_POINT ( 'NONE',  ( 0.000000000000000000, 23.10099649808227440, -334.5516039357306681 ) ) ;
#148 = APPLICATION_PROTOCOL_DEFINITION ( 'international standard', 'config_control_design', 1994, #2223 ) ;
#149 = EDGE_LOOP ( 'NONE', ( #2814, #2431, #1922, #2900 ) ) ;
#150 = ORIENTED_EDGE ( 'NONE', *, *, #361, .T. ) ;
#151 = DIRECTION ( 'NONE',  ( 0.000000000000000000, 0.000000000000000000, 1.000000000000000000 ) ) ;
#152 = CARTESIAN_POINT ( 'NONE',  ( 5.000000000000005329, 28.49011611213813921, -349.5327445574391731 ) ) ;
#153 = CARTESIAN_POINT ( 'NONE',  ( 1.257596839782952891, -7.395087190279807210, -338.1667620545750879 ) ) ;
#154 = FACE_BOUND ( 'NONE', #221, .T. ) ;
#155 = EDGE_CURVE ( 'NONE', #2158, #3086, #1159, .T. ) ;
#156 = DIRECTION ( 'NONE',  ( 1.151629670207500049E-16, 1.000000000000000000, 0.000000000000000000 ) ) ;
#157 = CARTESIAN_POINT ( 'NONE',  ( 7.778926802855950839, 15.68639944794384178, -303.0552669174338689 ) ) ;
#158 = CARTESIAN_POINT ( 'NONE',  ( 28.49011611213813566, -9.947270874752517075E-14, -349.5327445574392300 ) ) ;
#159 = CARTESIAN_POINT ( 'NONE',  ( -21.54248251245784829, 2.259516887536135756E-13, -339.7937097858272182 ) ) ;
#160 = CARTESIAN_POINT ( 'NONE',  ( 22.50000000000000355, 2.358597211267599108E-16, -305.8339162968049436 ) ) ;
#161 = ORIENTED_EDGE ( 'NONE', *, *, #137, .F. ) ;
#162 = CARTESIAN_POINT ( 'NONE',  ( 25.77854879289000323, 4.999999999999914735, -337.1129459021298089 ) ) ;
#163 = CARTESIAN_POINT ( 'NONE',  ( -40.00000000000000000, -0.3271344438929733589, -309.1064706347661968 ) ) ;
#164 = CIRCLE ( 'NONE', #2615, 395.0841691450921189 ) ;
#165 = CARTESIAN_POINT ( 'NONE',  ( 5.000000000000005329, 15.72797534188301860, -333.4918484924627364 ) ) ;
#166 = PERSON_AND_ORGANIZATION_ROLE ( 'creator' ) ;
#167 = ORIENTED_EDGE ( 'NONE', *, *, #2392, .T. ) ;
#168 = CIRCLE ( 'NONE', #3312, 50.77142783045179897 ) ;
#169 = PLANE ( 'NONE',  #805 ) ;
#170 = CARTESIAN_POINT ( 'NONE',  ( 5.000000000000005329, 22.27970408794294954, -334.2073279480806605 ) ) ;
#171 = CONICAL_SURFACE ( 'NONE', #2213, 2.499999999999986677, 0.04471155042434143273 ) ;
#172 = CIRCLE ( 'NONE', #2216, 47.49999999999998579 ) ;
#173 = CARTESIAN_POINT ( 'NONE',  ( 0.1639419682043153359, -7.500000000000000888, -338.5000000000000568 ) ) ;
#174 = DIRECTION ( 'NONE',  ( 0.000000000000000000, 0.000000000000000000, 1.000000000000000000 ) ) ;
#175 = CARTESIAN_POINT ( 'NONE',  ( 0.000000000000000000, -28.35094872480814487, -344.3384610673687689 ) ) ;
#176 = CARTESIAN_POINT ( 'NONE',  ( 0.5722181890914266322, 17.49306226086294203, -302.3656097874618922 ) ) ;
#177 = ADVANCED_FACE ( 'NONE', ( #925 ), #2878, .F. ) ;
#178 = CARTESIAN_POINT ( 'NONE',  ( 15.00000000000000000, -5.237222008264700033E-14, -333.5000000000000000 ) ) ;
#179 = CARTESIAN_POINT ( 'NONE',  ( -23.53851726286347201, -4.999999999999759304, -346.3552519128185168 ) ) ;
#180 = CARTESIAN_POINT ( 'NONE',  ( -23.31181146317005926, 2.444844257937730616E-13, -350.2139333800129180 ) ) ;
#181 = CARTESIAN_POINT ( 'NONE',  ( 21.14486282628767100, 4.999999999999930722, -339.2759833987219054 ) ) ;
#182 = CARTESIAN_POINT ( 'NONE',  ( 22.46319183859798230, 1.489420314952983881, -305.8061872336134002 ) ) ;
#183 = VERTEX_POINT ( 'NONE', #3380 ) ;
#184 = LINE ( 'NONE', #2942, #1104 ) ;
#185 = FACE_OUTER_BOUND ( 'NONE', #2740, .T. ) ;
#186 = EDGE_CURVE ( 'NONE', #787, #1384, #3606, .T. ) ;
#187 = CARTESIAN_POINT ( 'NONE',  ( 3.061616997868386592E-16, 15.00000000000000000, -338.5000000000000000 ) ) ;
#188 = CALENDAR_DATE ( 2026, 8, 5 ) ;
#189 = ORIENTED_EDGE ( 'NONE', *, *, #2537, .T. ) ;
#190 = CARTESIAN_POINT ( 'NONE',  ( 1.653531354036670287, 7.316401268784489709, -337.8820430432541002 ) ) ;
#191 = CARTESIAN_POINT ( 'NONE',  ( -5.000000000000005329, 23.53851726284230850, -346.3552519128185168 ) ) ;
#192 = PLANE ( 'NONE',  #1643 ) ;
#193 = CARTESIAN_POINT ( 'NONE',  ( -7.457777334983340722, 0.8093707009719083301, -333.6289090151419146 ) ) ;
#194 = CARTESIAN_POINT ( 'NONE',  ( -5.000000000000005329, -15.64014409436185638, -338.4918484924057793 ) ) ;
#195 = CARTESIAN_POINT ( 'NONE',  ( 4.568765902763413322, 16.93197072255358648, -302.5892202933615636 ) ) ;
#196 = CARTESIAN_POINT ( 'NONE',  ( 14.99999999999998224, -5.000000000000057732, -333.5000000000000000 ) ) ;
#197 = CARTESIAN_POINT ( 'NONE',  ( -23.50391484074411608, -4.999999999999759304, -348.9578767150717340 ) ) ;
#198 = CARTESIAN_POINT ( 'NONE',  ( -0.7281619326829366079, 22.50051748554787778, -299.9901542282924538 ) ) ;
#199 = ORIENTED_EDGE ( 'NONE', *, *, #2238, .T. ) ;
#200 = CARTESIAN_POINT ( 'NONE',  ( 27.63585913147470308, -9.649008644023728094E-14, -341.1395218688211344 ) ) ;
#201 = CARTESIAN_POINT ( 'NONE',  ( -7.399302311443048730, -1.261952445518826682, -338.1826309061416396 ) ) ;
#202 = CC_DESIGN_DATE_AND_TIME_ASSIGNMENT ( #1889, #3200, ( #993 ) ) ;
#203 = CARTESIAN_POINT ( 'NONE',  ( -5.000000000000005329, 21.14486282628767100, -339.2759833987219054 ) ) ;
#204 = CLOSED_SHELL ( 'NONE', ( #1790, #1205, #740, #979, #297, #2368, #2208, #1927, #2459, #208, #177, #672, #1252, #1838, #110, #1187, #2606, #314, #764, #1359, #3077, #2506, #2397, #1594, #2827 ) ) ;
#205 = ORIENTED_EDGE ( 'NONE', *, *, #2106, .T. ) ;
#206 = ORIENTED_EDGE ( 'NONE', *, *, #990, .T. ) ;
#207 = CARTESIAN_POINT ( 'NONE',  ( -23.52621183349084433, 2.464239887709248972E-13, -334.7882220044681389 ) ) ;
#208 = ADVANCED_FACE ( 'NONE', ( #867 ), #888, .T. ) ;
#209 = CARTESIAN_POINT ( 'NONE',  ( 2.419308275464937097, 7.099162835088962176, -336.6512135770999521 ) ) ;
#210 = CARTESIAN_POINT ( 'NONE',  ( 3.061616997868386592E-16, 20.79747242897318316, -339.0045997728646512 ) ) ;
#211 = CARTESIAN_POINT ( 'NONE',  ( -2.483777346925207574, 7.076865148321870969, -336.3286690387963063 ) ) ;
#212 = CARTESIAN_POINT ( 'NONE',  ( 7.925729659851104003, -21.07065488640301254, -301.0673873801926561 ) ) ;
#213 = CARTESIAN_POINT ( 'NONE',  ( -5.000000000000005329, -28.35094872480814487, -344.3384610673687689 ) ) ;
#214 = CARTESIAN_POINT ( 'NONE',  ( 15.72797534188303459, 4.999999999999951150, -333.4918484924627364 ) ) ;
#215 = CARTESIAN_POINT ( 'NONE',  ( -15.72797534188306834, -4.999999999999840128, -333.4918484924627364 ) ) ;
#216 = CARTESIAN_POINT ( 'NONE',  ( -22.27970408794294954, 2.333675131739868763E-13, -334.2073279480806036 ) ) ;
#217 = ORIENTED_EDGE ( 'NONE', *, *, #361, .F. ) ;
#218 = CARTESIAN_POINT ( 'NONE',  ( -7.071067811865483499, -2.499999999999976907, -336.0000000000000000 ) ) ;
#219 = CARTESIAN_POINT ( 'NONE',  ( 5.000000000000005329, 20.82815769973551667, -339.0188788894475920 ) ) ;
#220 = VERTEX_POINT ( 'NONE', #592 ) ;
#221 = EDGE_LOOP ( 'NONE', ( #422, #858 ) ) ;
#222 = EDGE_CURVE ( 'NONE', #619, #751, #335, .T. ) ;
#223 = AXIS2_PLACEMENT_3D ( 'NONE', #3558, #511, #2980 ) ;
#224 = DIRECTION ( 'NONE',  ( -1.000000000000000000, -0.000000000000000000, -0.000000000000000000 ) ) ;
#225 = CIRCLE ( 'NONE', #3145, 47.49999999999998579 ) ;
#226 = CARTESIAN_POINT ( 'NONE',  ( 0.000000000000000000, 23.52621183349084433, -334.7882220044681389 ) ) ;
#227 = AXIS2_PLACEMENT_3D ( 'NONE', #861, #2850, #552 ) ;
#228 = CARTESIAN_POINT ( 'NONE',  ( 7.457758223775481810, 0.8092406193298188333, -333.6289884238201466 ) ) ;
#229 = CARTESIAN_POINT ( 'NONE',  ( -7.418452971677770513, 1.113588441385884975, -333.7556572959374535 ) ) ;
#230 = AXIS2_PLACEMENT_3D ( 'NONE', #583, #1442, #1092 ) ;
#231 = CARTESIAN_POINT ( 'NONE',  ( 0.000000000000000000, -27.64246599057346288, -352.9922958199715026 ) ) ;
#232 = CIRCLE ( 'NONE', #2272, 50.00000000000000000 ) ;
#233 = CARTESIAN_POINT ( 'NONE',  ( 23.10099649808140043, 4.999999999999925393, -334.5516039357306681 ) ) ;
#234 = AXIS2_PLACEMENT_3D ( 'NONE', #593, #1697, #3116 ) ;
#235 = CARTESIAN_POINT ( 'NONE',  ( -18.65238951158541880, -4.999999999999810818, -338.6063043901583001 ) ) ;
#236 = LOCAL_TIME ( 19, 32, 0.000000000000000000, #1318 ) ;
#237 = CARTESIAN_POINT ( 'NONE',  ( 0.7597986099076816657, 22.49947139356914505, -299.9907274859623385 ) ) ;
#238 = ORIENTED_EDGE ( 'NONE', *, *, #1743, .F. ) ;
#239 = CARTESIAN_POINT ( 'NONE',  ( -40.00000000000000000, -41.90426888778603143, -168.2566363886432725 ) ) ;
#240 = CARTESIAN_POINT ( 'NONE',  ( 5.000000000000005329, 23.31181146317005926, -350.2139333800129748 ) ) ;
#241 = VERTEX_POINT ( 'NONE', #1532 ) ;
#242 = ORIENTED_EDGE ( 'NONE', *, *, #1484, .T. ) ;
#243 = CARTESIAN_POINT ( 'NONE',  ( -13.03267378745153415, -11.69262243531391299, -304.4574065377435090 ) ) ;
#244 = CARTESIAN_POINT ( 'NONE',  ( -5.000000000000005329, 23.31181146317005926, -350.2139333800129748 ) ) ;
#245 = DIRECTION ( 'NONE',  ( 1.000000000000000000, 0.000000000000000000, -0.000000000000000000 ) ) ;
#246 = CARTESIAN_POINT ( 'NONE',  ( -14.73509779064758263, -17.01892407008012142, -302.8082943280247150 ) ) ;
#247 = CARTESIAN_POINT ( 'NONE',  ( -3.061616997868386592E-16, -23.38237633774817681, -345.0117091510177261 ) ) ;
#248 = B_SPLINE_CURVE_WITH_KNOTS ( 'NONE', 3,
 ( #2367, #2895, #1271, #722, #2637, #1512, #121, #683, #2384, #449, #1293, #415, #1533, #811, #1376, #504, #246, #3041, #1309, #2727, #3530, #1912, #3276, #1644, #1659, #2456, #3290, #3595, #2150, #1609, #792, #775, #3021, #2470, #1068, #2171, #3566, #1102, #212, #1859, #3328, #3580, #2693, #520, #1624, #2760, #1358, #2185, #2710, #487, #1083, #2988, #263, #1591, #1344, #2745, #2199, #2221, #1897, #2967 ),
 .UNSPECIFIED., .F., .F.,
 ( 4, 2, 2, 2, 2, 2, 2, 2, 2, 2, 2, 2, 2, 2, 2, 2, 2, 2, 2, 2, 2, 2, 2, 2, 2, 2, 2, 2, 2, 4 ),
 ( 1.084202172485504434E-18, 0.004420089289810454590, 0.006630133934715679717, 0.007735156257168292714, 0.008840178579620905711, 0.01326026786943131086, 0.01547031251433653165, 0.01768035715924174897, 0.01989040180414698017, 0.02099542412659957322, 0.02210044644905216626, 0.02652053573886261478, 0.02873058038376782516, 0.03094062502867303555, 0.03536071431848344243, 0.03646573664093605283, 0.03757075896338865628, 0.03978080360829385625, 0.04199084825319906317, 0.04420089289810426314, 0.04862098218791467696, 0.05083102683281985612, 0.05304107147772503528, 0.05746116076753542828, 0.05967120541244064907, 0.06188125005734586986, 0.06630133934715630450, 0.06740636166960890796, 0.06851138399206151142, 0.07072142863696673221 ),
 .UNSPECIFIED. ) ;
#249 = CARTESIAN_POINT ( 'NONE',  ( 20.65287768296467874, 4.999999999999933387, -338.9495670264251430 ) ) ;
#250 = EDGE_CURVE ( 'NONE', #1466, #655, #1518, .T. ) ;
#251 = CARTESIAN_POINT ( 'NONE',  ( -28.35094872480814487, 2.969604252336800092E-13, -344.3384610673687689 ) ) ;
#252 = CARTESIAN_POINT ( 'NONE',  ( -7.315762613733468811, 21.32819727339086668, -300.6162058564959807 ) ) ;
#253 = CARTESIAN_POINT ( 'NONE',  ( -22.27970408794294954, 2.333675131739868763E-13, -334.2073279480806036 ) ) ;
#254 = CARTESIAN_POINT ( 'NONE',  ( -22.49762171998673566, -0.3271344438929744691, -305.8350428043144120 ) ) ;
#255 = CARTESIAN_POINT ( 'NONE',  ( 5.000000000000005329, 21.54248251245784829, -339.7937097858272182 ) ) ;
#256 = EDGE_LOOP ( 'NONE', ( #2345, #782, #584, #3557 ) ) ;
#257 = ORIENTED_EDGE ( 'NONE', *, *, #946, .F. ) ;
#258 = CARTESIAN_POINT ( 'NONE',  ( -3.061616997868386592E-16, -19.70304487559264572, -338.7229328805124737 ) ) ;
#259 = DIRECTION ( 'NONE',  ( -0.3401339700489968698, 3.562714227398105491E-15, 0.9403769895200053686 ) ) ;
#260 = CARTESIAN_POINT ( 'NONE',  ( -5.000000000000005329, 28.49011611213813921, -349.5327445574391731 ) ) ;
#261 = CARTESIAN_POINT ( 'NONE',  ( -27.63585913147470308, 2.894702593211407938E-13, -341.1395218688211344 ) ) ;
#262 = DIRECTION ( 'NONE',  ( 0.000000000000000000, 0.000000000000000000, 1.000000000000000000 ) ) ;
#263 = CARTESIAN_POINT ( 'NONE',  ( 21.68506853923383204, -6.182012707757134073, -305.4954136371808886 ) ) ;
#264 = CARTESIAN_POINT ( 'NONE',  ( 5.000000000000005329, -19.14206404499947212, -333.6278838779330158 ) ) ;
#265 = CARTESIAN_POINT ( 'NONE',  ( 23.50391484076522630, 4.999999999999922728, -348.9578767150717340 ) ) ;
#266 = EDGE_CURVE ( 'NONE', #2874, #1654, #2333, .T. ) ;
#267 = ADVANCED_FACE ( 'NONE', ( #2383 ), #192, .T. ) ;
#268 = CARTESIAN_POINT ( 'NONE',  ( -7.071067811865464847, 2.500000000000026645, -336.0000000000000000 ) ) ;
#269 = CARTESIAN_POINT ( 'NONE',  ( -20.82815769973551667, 2.184695334930927727E-13, -339.0188788894475920 ) ) ;
#270 = CARTESIAN_POINT ( 'NONE',  ( -22.50000000000000355, 2.964131987457346630E-15, -305.8339162968049436 ) ) ;
#271 = EDGE_CURVE ( 'NONE', #514, #2578, #3225, .T. ) ;
#272 = ORIENTED_EDGE ( 'NONE', *, *, #1601, .T. ) ;
#273 = CARTESIAN_POINT ( 'NONE',  ( -15.72797534188301682, 1.647417972118866115E-13, -333.4918484924627364 ) ) ;
#274 = CARTESIAN_POINT ( 'NONE',  ( 0.000000000000000000, 27.12167573721353619, -339.6567022317279907 ) ) ;
#275 = ORIENTED_EDGE ( 'NONE', *, *, #1156, .F. ) ;
#276 = ORIENTED_EDGE ( 'NONE', *, *, #2349, .T. ) ;
#277 = CARTESIAN_POINT ( 'NONE',  ( -5.000000000000005329, -22.82280726805832316, -342.5446931419174916 ) ) ;
#278 = CARTESIAN_POINT ( 'NONE',  ( -15.00000000000000000, 1.571166602479409884E-13, -336.0000000000000000 ) ) ;
#279 = CARTESIAN_POINT ( 'NONE',  ( -40.00000000000000000, -50.05156991562089530, -248.0774406985227358 ) ) ;
#280 = DIRECTION ( 'NONE',  ( 1.000000000000000000, -0.000000000000000000, -1.431777657695698783E-16 ) ) ;
#281 = CARTESIAN_POINT ( 'NONE',  ( 40.00000000000000000, 436.3341691450922326, -168.2566363886433010 ) ) ;
#282 = AXIS2_PLACEMENT_3D ( 'NONE', #2070, #151, #2617 ) ;
#283 = CARTESIAN_POINT ( 'NONE',  ( -5.000000000000005329, -21.54248251245784829, -339.7937097858272182 ) ) ;
#284 = CARTESIAN_POINT ( 'NONE',  ( 28.54861166975248921, 4.999999999999906741, -346.0525470957490484 ) ) ;
#285 = B_SPLINE_CURVE_WITH_KNOTS ( 'NONE', 3,
 ( #160, #1578, #182, #2410, #492, #3503, #3232, #1613, #1329, #2977, #2442, #1349, #3556, #2176, #3294, #2682, #1021, #3280, #475, #1902, #3012, #2698, #508, #1006, #2139, #2122, #3248, #744, #1628, #2733, #237, #198, #2461, #2425, #2189, #3535, #1037, #1935, #252, #837, #3047, #577, #2279, #3348, #2259, #2821, #2516, #1145, #544, #854, #1364, #1127, #306, #2243, #1966, #10, #3080, #891, #1699, #270 ),
 .UNSPECIFIED., .F., .F.,
 ( 4, 2, 2, 2, 2, 2, 2, 2, 2, 2, 2, 2, 2, 2, 2, 2, 2, 2, 2, 2, 2, 2, 2, 2, 2, 2, 2, 2, 2, 4 ),
 ( 0.07104853301588828773, 0.07327972739275676051, 0.07439532458119099689, 0.07551092176962523328, 0.07997331052336220658, 0.08220450490023067935, 0.08443569927709916600, 0.08666689365396765266, 0.08889808803083612543, 0.09336047678457314036, 0.09559167116144162701, 0.09782286553831009979, 0.1022852542920471008, 0.1034008514804813650, 0.1045164486689156152, 0.1067476430457841297, 0.1089788374226526302, 0.1100944346110868943, 0.1112100317995211585, 0.1156724205532581595, 0.1167880177416924237, 0.1179036149301266601, 0.1201348093069951883, 0.1245971980607322172, 0.1290595868144692460, 0.1312907811913377465, 0.1335219755682062193, 0.1379843643219431648, 0.1402155586988116376, 0.1424467530756800826 ),
 .UNSPECIFIED. ) ;
#286 = AXIS2_PLACEMENT_3D ( 'NONE', #568, #1152, #1393 ) ;
#287 = CARTESIAN_POINT ( 'NONE',  ( -7.499999999999999112, 0.1647104790388785323, -338.5000000000000000 ) ) ;
#288 = CARTESIAN_POINT ( 'NONE',  ( -21.76568028555520939, 2.282895613323720417E-13, -340.1474355323161376 ) ) ;
#289 = CARTESIAN_POINT ( 'NONE',  ( 3.061616997868386592E-16, 21.76568028555520939, -340.1474355323161376 ) ) ;
#290 = AXIS2_PLACEMENT_3D ( 'NONE', #2102, #2026, #2714 ) ;
#291 = CARTESIAN_POINT ( 'NONE',  ( -22.27970408794290691, 5.000000000000238032, -334.2073279480806605 ) ) ;
#292 = CIRCLE ( 'NONE', #3554, 47.49999999999998579 ) ;
#293 = DIRECTION ( 'NONE',  ( 0.000000000000000000, 0.000000000000000000, -1.000000000000000000 ) ) ;
#294 = DIRECTION ( 'NONE',  ( -0.000000000000000000, -0.01090383320741931950, -0.9999405514436270348 ) ) ;
#295 = ORIENTED_EDGE ( 'NONE', *, *, #1426, .T. ) ;
#296 = CARTESIAN_POINT ( 'NONE',  ( -5.000000000000005329, -14.99999999999999822, -333.5000000000000000 ) ) ;
#297 = ADVANCED_FACE ( 'NONE', ( #960 ), #1566, .T. ) ;
#298 = FACE_OUTER_BOUND ( 'NONE', #96, .T. ) ;
#299 = CARTESIAN_POINT ( 'NONE',  ( 0.000000000000000000, 28.49011611213813566, -349.5327445574392300 ) ) ;
#300 = CARTESIAN_POINT ( 'NONE',  ( 23.52621183349084433, -8.214132959029918616E-14, -334.7882220044681389 ) ) ;
#301 = CARTESIAN_POINT ( 'NONE',  ( 17.50000000000000355, 2.227506032191849735E-16, -305.8339162968049436 ) ) ;
#302 = CARTESIAN_POINT ( 'NONE',  ( -3.061616997868386592E-16, -20.82815769973551667, -339.0188788894475920 ) ) ;
#303 = CARTESIAN_POINT ( 'NONE',  ( 23.52621183349084433, -8.214132959029918616E-14, -334.7882220044681389 ) ) ;
#304 = CARTESIAN_POINT ( 'NONE',  ( -7.500000000000222933, 5.703670244381105293E-14, -338.5000000000006821 ) ) ;
#305 = CARTESIAN_POINT ( 'NONE',  ( -21.14486282628767100, 2.217868436109069876E-13, -339.2759833987219054 ) ) ;
#306 = CARTESIAN_POINT ( 'NONE',  ( -20.46538414286915497, 9.378877830461163967, -304.8379943895207589 ) ) ;
#307 = CARTESIAN_POINT ( 'NONE',  ( -22.94058104297336342, 5.000000000000245137, -351.2916259697266241 ) ) ;
#308 = FACE_OUTER_BOUND ( 'NONE', #3510, .T. ) ;
#309 = CARTESIAN_POINT ( 'NONE',  ( 0.000000000000000000, -15.00000000000000000, -336.0000000000000000 ) ) ;
#310 = ORIENTED_EDGE ( 'NONE', *, *, #2103, .T. ) ;
#311 = CARTESIAN_POINT ( 'NONE',  ( 0.000000000000000000, -23.10099649808227440, -334.5516039357306681 ) ) ;
#312 = CARTESIAN_POINT ( 'NONE',  ( 10.10787570643257816, -14.29667711549816111, -303.7355567710424680 ) ) ;
#313 = LINE ( 'NONE', #1413, #1045 ) ;
#314 = ADVANCED_FACE ( 'NONE', ( #3242 ), #1825, .F. ) ;
#315 = ORIENTED_EDGE ( 'NONE', *, *, #2256, .T. ) ;
#316 = CARTESIAN_POINT ( 'NONE',  ( -3.061616997868386592E-16, -21.14486282628767100, -339.2759833987219054 ) ) ;
#317 = CARTESIAN_POINT ( 'NONE',  ( 19.70304487559264572, -6.909897520131613415E-14, -338.7229328805124737 ) ) ;
#318 = CARTESIAN_POINT ( 'NONE',  ( -3.061616997868386592E-16, -21.76568028555520939, -340.1474355323161376 ) ) ;
#319 = CARTESIAN_POINT ( 'NONE',  ( 7.071067811865488828, -2.499999999999963585, -336.1647519594046685 ) ) ;
#320 = CARTESIAN_POINT ( 'NONE',  ( 0.000000000000000000, 0.000000000000000000, -325.0000000000000000 ) ) ;
#321 = DIRECTION ( 'NONE',  ( -1.000000000000000000, 0.000000000000000000, 0.000000000000000000 ) ) ;
#322 = CARTESIAN_POINT ( 'NONE',  ( 3.061616997868386592E-16, 22.41613585559580102, -341.4191863349707887 ) ) ;
#323 = CARTESIAN_POINT ( 'NONE',  ( -19.70304487558940920, 5.000000000000211386, -338.7229328805124737 ) ) ;
#324 = DIRECTION ( 'NONE',  ( -1.000000000000000000, -0.000000000000000000, 1.431777657695698783E-16 ) ) ;
#325 = DIRECTION ( 'NONE',  ( 1.000000000000000000, 0.000000000000000000, 0.000000000000000000 ) ) ;
#326 = ORIENTED_EDGE ( 'NONE', *, *, #920, .F. ) ;
#327 = CARTESIAN_POINT ( 'NONE',  ( 0.000000000000000000, -28.54861166975242881, -346.0525470957490484 ) ) ;
#328 = CARTESIAN_POINT ( 'NONE',  ( -1.147027911396671263, -17.49935383044061155, -302.6223421328626841 ) ) ;
#329 = CARTESIAN_POINT ( 'NONE',  ( -29.99999999999998934, -0.3271344438929675302, -210.8350428043144120 ) ) ;
#330 = CARTESIAN_POINT ( 'NONE',  ( 20.82815769973746356, 4.999999999999931610, -339.0188788894475920 ) ) ;
#331 = DIRECTION ( 'NONE',  ( -1.000000000000000000, -0.000000000000000000, 1.431777657695698783E-16 ) ) ;
#332 = ORIENTED_EDGE ( 'NONE', *, *, #3151, .T. ) ;
#333 = CARTESIAN_POINT ( 'NONE',  ( -3.061616997868386592E-16, -15.64014409436185638, -338.4918484924057793 ) ) ;
#334 = CARTESIAN_POINT ( 'NONE',  ( 0.000000000000000000, -19.14206404499947567, -333.6278838779329590 ) ) ;
#335 = LINE ( 'NONE', #2837, #934 ) ;
#336 = CARTESIAN_POINT ( 'NONE',  ( 7.500000000000000000, -2.069764443905614765E-15, -338.5000000000000000 ) ) ;
#337 = AXIS2_PLACEMENT_3D ( 'NONE', #2160, #2665, #3537 ) ;
#338 = EDGE_CURVE ( 'NONE', #643, #1801, #1274, .T. ) ;
#339 = CARTESIAN_POINT ( 'NONE',  ( 5.000000000000005329, 21.14486282628767100, -339.2759833987219054 ) ) ;
#340 = CARTESIAN_POINT ( 'NONE',  ( 0.000000000000000000, -28.23531764672898348, -351.3018813774303908 ) ) ;
#341 = VECTOR ( 'NONE', #581, 1000.000000000000000 ) ;
#342 = CARTESIAN_POINT ( 'NONE',  ( -16.80894403189934749, 5.000000000000181188, -333.4978844596955128 ) ) ;
#343 = CARTESIAN_POINT ( 'NONE',  ( -20.96851650090797392, 5.000000000000224709, -339.1156999729153654 ) ) ;
#344 = AXIS2_PLACEMENT_3D ( 'NONE', #3417, #102, #3474 ) ;
#345 = CARTESIAN_POINT ( 'NONE',  ( 0.000000000000000000, 20.37346398396783442, -333.7390229158967259 ) ) ;
#346 = ORIENTED_EDGE ( 'NONE', *, *, #2392, .F. ) ;
#347 = CARTESIAN_POINT ( 'NONE',  ( 5.000000000000005329, -21.54248251245784829, -339.7937097858272182 ) ) ;
#348 = CARTESIAN_POINT ( 'NONE',  ( 0.000000000000000000, 27.64246599057346643, -352.9922958199715595 ) ) ;
#349 = CARTESIAN_POINT ( 'NONE',  ( -14.85583796414910829, 1.556066430741119398E-13, -380.9937646771664390 ) ) ;
#350 = CARTESIAN_POINT ( 'NONE',  ( 18.65238951158536196, -6.543063160430583483E-14, -338.6063043901583001 ) ) ;
#351 = CARTESIAN_POINT ( 'NONE',  ( 4.958815624046996351E-18, -14.80398776736175570, -381.0180695989224091 ) ) ;
#352 = VECTOR ( 'NONE', #1696, 1000.000000000000227 ) ;
#353 = ORIENTED_EDGE ( 'NONE', *, *, #1640, .F. ) ;
#354 = CARTESIAN_POINT ( 'NONE',  ( 16.80894403189938302, -5.000000000000063949, -333.4978844596955128 ) ) ;
#355 = DIRECTION ( 'NONE',  ( -1.000000000000000000, 3.491481338843133355E-15, 0.000000000000000000 ) ) ;
#356 = CARTESIAN_POINT ( 'NONE',  ( 0.000000000000000000, 0.000000000000000000, -325.0000000000000000 ) ) ;
#357 = CARTESIAN_POINT ( 'NONE',  ( -40.00000000000000000, 42.09656721128924062, -194.1064706347662252 ) ) ;
#358 = FACE_OUTER_BOUND ( 'NONE', #133, .T. ) ;
#359 = CARTESIAN_POINT ( 'NONE',  ( 0.000000000000000000, 20.37346398396783442, -333.7390229158967259 ) ) ;
#360 = CARTESIAN_POINT ( 'NONE',  ( 7.500000000000000000, -0.1639296198060743170, -333.4999999999999432 ) ) ;
#361 = EDGE_CURVE ( 'NONE', #3355, #2449, #1367, .T. ) ;
#362 = CARTESIAN_POINT ( 'NONE',  ( -23.52621183349078748, 5.000000000000251354, -334.7882220044681389 ) ) ;
#363 = CARTESIAN_POINT ( 'NONE',  ( -23.52621183349084433, 2.464239887709248972E-13, -334.7882220044681389 ) ) ;
#364 = CARTESIAN_POINT ( 'NONE',  ( -14.80398776736175570, 1.550585822749927090E-13, -381.0180695989224091 ) ) ;
#365 = ORIENTED_EDGE ( 'NONE', *, *, #2131, .T. ) ;
#366 = CARTESIAN_POINT ( 'NONE',  ( -3.061616997868386592E-16, -20.79747242897318316, -339.0045997728646512 ) ) ;
#367 = CARTESIAN_POINT ( 'NONE',  ( -7.494578205652152825, -0.3279037129092602365, -338.4838743368065366 ) ) ;
#368 = CARTESIAN_POINT ( 'NONE',  ( 0.000000000000000000, 28.54861166975242881, -346.0525470957490484 ) ) ;
#369 = CARTESIAN_POINT ( 'NONE',  ( 0.000000000000000000, 27.63585913147470308, -341.1395218688211344 ) ) ;
#370 = B_SPLINE_CURVE_WITH_KNOTS ( 'NONE', 3,
 ( #1734, #3139, #139, #2841, #2313, #395, #3458, #3401, #3439, #962, #684, #3159, #1221, #2896, #2023, #1773, #84, #1808, #340, #2864 ),
 .UNSPECIFIED., .F., .F.,
 ( 4, 2, 2, 2, 2, 2, 2, 2, 2, 4 ),
 ( 0.000000000000000000, 0.1601717819196981085, 0.3203435638393962170, 0.3703435638394153573, 0.4203435638394345530, 0.4928006183595052825, 0.5652576728795759564, 0.7101717819197173043, 0.8550858909598586521, 1.000000000000000000 ),
 .UNSPECIFIED. ) ;
#371 = VERTEX_POINT ( 'NONE', #1674 ) ;
#372 = DIRECTION ( 'NONE',  ( -0.9403769895200064788, 9.849926131159689629E-15, -0.3401339700489933726 ) ) ;
#373 = CARTESIAN_POINT ( 'NONE',  ( 1.257596839782952891, 7.395087190279807210, -333.8332379454248553 ) ) ;
#374 = CARTESIAN_POINT ( 'NONE',  ( 0.000000000000000000, 14.84206532663331579, -381.0318422364381377 ) ) ;
#375 = CARTESIAN_POINT ( 'NONE',  ( -40.00000000000000000, 0.000000000000000000, 0.000000000000000000 ) ) ;
#376 = DIRECTION ( 'NONE',  ( -3.469446951953611822E-15, -1.000000000000000000, 0.000000000000000000 ) ) ;
#377 = CARTESIAN_POINT ( 'NONE',  ( 16.63131480189253253, -5.000000000000063949, -338.4971743906191932 ) ) ;
#378 = DIRECTION ( 'NONE',  ( 0.000000000000000000, 0.000000000000000000, -1.000000000000000000 ) ) ;
#379 = EDGE_CURVE ( 'NONE', #1063, #1853, #1759, .T. ) ;
#380 = CARTESIAN_POINT ( 'NONE',  ( -28.35094872480820172, -4.999999999999707789, -344.3384610673687689 ) ) ;
#381 = B_SPLINE_CURVE_WITH_KNOTS ( 'NONE', 3,
 ( #1198, #319, #2020, #1457, #2275, #2056, #3398, #1435, #2818, #2040, #3136, #1750, #81, #1218, #1771, #2542 ),
 .UNSPECIFIED., .F., .F.,
 ( 4, 2, 2, 2, 2, 2, 2, 4 ),
 ( 0.01180804084791889363, 0.01230000843352415177, 0.01279197601912940817, 0.01377591119033992444, 0.01426787877594523982, 0.01475984636155055520, 0.01525181394715587058, 0.01574378153276118769 ),
 .UNSPECIFIED. ) ;
#382 = CARTESIAN_POINT ( 'NONE',  ( -24.95112436346223461, 2.613491552945799471E-13, -336.0136030578399868 ) ) ;
#383 = LINE ( 'NONE', #2868, #1397 ) ;
#384 = ORIENTED_EDGE ( 'NONE', *, *, #556, .T. ) ;
#385 = CARTESIAN_POINT ( 'NONE',  ( 5.000000000000005329, -26.14080198592635185, -337.7142433841773936 ) ) ;
#386 = CARTESIAN_POINT ( 'NONE',  ( -2.499918148647007232, -7.071096750684853660, -335.8343549599979383 ) ) ;
#387 = CARTESIAN_POINT ( 'NONE',  ( 0.000000000000000000, 15.72797534188301682, -333.4918484924627364 ) ) ;
#388 = DIRECTION ( 'NONE',  ( 1.000000000000000000, 0.000000000000000000, -0.000000000000000000 ) ) ;
#389 = ORIENTED_EDGE ( 'NONE', *, *, #1857, .F. ) ;
#390 = ORIENTED_EDGE ( 'NONE', *, *, #3108, .T. ) ;
#391 = CARTESIAN_POINT ( 'NONE',  ( 1.111372488573631578, 7.418758718853501577, -333.7546622430775187 ) ) ;
#392 = CARTESIAN_POINT ( 'NONE',  ( 0.000000000000000000, -27.64246599057346288, -352.9922958199715026 ) ) ;
#393 = CARTESIAN_POINT ( 'NONE',  ( 1.525876912960557164, -7.344426425237653433, -334.0130100321192685 ) ) ;
#394 = FACE_BOUND ( 'NONE', #2416, .T. ) ;
#395 = CARTESIAN_POINT ( 'NONE',  ( 0.000000000000000000, -21.88892678961155980, -334.0963682416403913 ) ) ;
#396 = CARTESIAN_POINT ( 'NONE',  ( 17.35797933282422889, 2.298601848833929484, -305.7658967812627679 ) ) ;
#397 = CARTESIAN_POINT ( 'NONE',  ( -27.64246599057351261, -4.999999999999714895, -352.9922958199715595 ) ) ;
#398 = AXIS2_PLACEMENT_3D ( 'NONE', #2133, #1238, #376 ) ;
#399 = CARTESIAN_POINT ( 'NONE',  ( -19.70304487559264572, 2.066846022044879188E-13, -338.7229328805124737 ) ) ;
#400 = EDGE_CURVE ( 'NONE', #1669, #1079, #1342, .T. ) ;
#401 = CYLINDRICAL_SURFACE ( 'NONE', #1340, 7.500000000000000000 ) ;
#402 = CIRCLE ( 'NONE', #3362, 2.500000000000002220 ) ;
#403 = ORIENTED_EDGE ( 'NONE', *, *, #1721, .F. ) ;
#404 = CARTESIAN_POINT ( 'NONE',  ( 5.000000000000005329, -25.77854879289000323, -337.1129459021298089 ) ) ;
#405 = DIRECTION ( 'NONE',  ( 1.000000000000000000, -3.606644305863883730E-15, 0.000000000000000000 ) ) ;
#406 = DIRECTION ( 'NONE',  ( 0.000000000000000000, 0.000000000000000000, 1.000000000000000000 ) ) ;
#407 = DIRECTION ( 'NONE',  ( 1.000000000000000000, 0.000000000000000000, -1.431777657695698783E-16 ) ) ;
#408 = CIRCLE ( 'NONE', #1580, 50.00000000000000000 ) ;
#409 = ORIENTED_EDGE ( 'NONE', *, *, #1029, .F. ) ;
#410 = EDGE_CURVE ( 'NONE', #1410, #3540, #3040, .T. ) ;
#411 = CARTESIAN_POINT ( 'NONE',  ( 1.652675295458612581, 7.316609038782377006, -334.1170997660987609 ) ) ;
#412 = CC_DESIGN_APPROVAL ( #892, ( #3375 ) ) ;
#413 =( BOUNDED_SURFACE ( )  B_SPLINE_SURFACE ( 3, 3, ( 
 ( #3342, #78, #3377, #3133, #3073, #2290, #2815, #569, #300, #1978, #3112, #1692, #864, #885, #1195, #1999, #624, #607, #2855, #1452 ),
 ( #3411, #2579, #354, #1473, #2308, #922, #2034, #1768, #2875, #630, #836, #2115, #3174, #2950, #2656, #1239, #650, #2350, #1255, #947 ),
 ( #1807, #2915, #377, #2094, #450, #1496, #138, #416, #2602, #101, #3438, #1534, #2812, #94, #456, #901, #3129, #3392, #2594, #1447 ),
 ( #2851, #2100, #55, #350, #2939, #2322, #3478, #1470, #3150, #983, #709, #1020, #2576, #76, #437, #1212, #3502, #1005, #2121, #3231 ),
 ( #2138, #1192, #1725, #2305, #2831, #726, #2955, #1577, #330, #2681, #181, #2556, #1174, #2288, #2395, #816, #3506, #1950, #1362, #3063 ),
 ( #3250, #2474, #1301, #1008, #459, #2125, #2490, #559, #1933, #2685, #2141, #162, #1679, #1560, #3234, #3045, #729, #2782, #3583, #1263 ),
 ( #542, #3600, #1849, #2376, #478, #2225, #988, #1871, #1086, #2979, #1599, #746, #2701, #3482, #200, #2958, #2105, #1380, #3313, #1581 ) ),
 .UNSPECIFIED., .T., .F., .F. ) 
 B_SPLINE_SURFACE_WITH_KNOTS ( ( 4, 3, 4 ),
 ( 4, 2, 2, 2, 2, 2, 2, 2, 2, 4 ),
 ( 0.000000000000000000, 0.5000000000000000000, 1.000000000000000000 ),
 ( 0.000000000000000000, 0.1601717819196981085, 0.3203435638393962170, 0.3703435638394153573, 0.4203435638394345530, 0.4928006183595052825, 0.5652576728795759564, 0.7101717819197173043, 0.8550858909598586521, 1.000000000000000000 ),
 .UNSPECIFIED. ) 
 GEOMETRIC_REPRESENTATION_ITEM ( )  RATIONAL_B_SPLINE_SURFACE ( (
 ( 1.000000000000000000, 1.000000000000000000, 1.000000000000000000, 1.000000000000000000, 1.000000000000000000, 1.000000000000000000, 1.000000000000000000, 1.000000000000000000, 1.000000000000000000, 1.000000000000000000, 1.000000000000000000, 1.000000000000000000, 1.000000000000000000, 1.000000000000000000, 1.000000000000000000, 1.000000000000000000, 1.000000000000000000, 1.000000000000000000, 1.000000000000000000, 1.000000000000000000),
 ( 0.3333333333333333703, 0.3333333333333333703, 0.3333333333333333703, 0.3333333333333333703, 0.3333333333333333703, 0.3333333333333333703, 0.3333333333333333703, 0.3333333333333333703, 0.3333333333333333703, 0.3333333333333333703, 0.3333333333333333703, 0.3333333333333333703, 0.3333333333333333703, 0.3333333333333333703, 0.3333333333333333703, 0.3333333333333333703, 0.3333333333333333703, 0.3333333333333333703, 0.3333333333333333703, 0.3333333333333333703),
 ( 0.3333333333333333703, 0.3333333333333333703, 0.3333333333333333703, 0.3333333333333333703, 0.3333333333333333703, 0.3333333333333333703, 0.3333333333333333703, 0.3333333333333333703, 0.3333333333333333703, 0.3333333333333333703, 0.3333333333333333703, 0.3333333333333333703, 0.3333333333333333703, 0.3333333333333333703, 0.3333333333333333703, 0.3333333333333333703, 0.3333333333333333703, 0.3333333333333333703, 0.3333333333333333703, 0.3333333333333333703),
 ( 1.000000000000000000, 1.000000000000000000, 1.000000000000000000, 1.000000000000000000, 1.000000000000000000, 1.000000000000000000, 1.000000000000000000, 1.000000000000000000, 1.000000000000000000, 1.000000000000000000, 1.000000000000000000, 1.000000000000000000, 1.000000000000000000, 1.000000000000000000, 1.000000000000000000, 1.000000000000000000, 1.000000000000000000, 1.000000000000000000, 1.000000000000000000, 1.000000000000000000),
 ( 0.3333333333333333703, 0.3333333333333333703, 0.3333333333333333703, 0.3333333333333333703, 0.3333333333333333703, 0.3333333333333333703, 0.3333333333333333703, 0.3333333333333333703, 0.3333333333333333703, 0.3333333333333333703, 0.3333333333333333703, 0.3333333333333333703, 0.3333333333333333703, 0.3333333333333333703, 0.3333333333333333703, 0.3333333333333333703, 0.3333333333333333703, 0.3333333333333333703, 0.3333333333333333703, 0.3333333333333333703),
 ( 0.3333333333333333703, 0.3333333333333333703, 0.3333333333333333703, 0.3333333333333333703, 0.3333333333333333703, 0.3333333333333333703, 0.3333333333333333703, 0.3333333333333333703, 0.3333333333333333703, 0.3333333333333333703, 0.3333333333333333703, 0.3333333333333333703, 0.3333333333333333703, 0.3333333333333333703, 0.3333333333333333703, 0.3333333333333333703, 0.3333333333333333703, 0.3333333333333333703, 0.3333333333333333703, 0.3333333333333333703),
 ( 1.000000000000000000, 1.000000000000000000, 1.000000000000000000, 1.000000000000000000, 1.000000000000000000, 1.000000000000000000, 1.000000000000000000, 1.000000000000000000, 1.000000000000000000, 1.000000000000000000, 1.000000000000000000, 1.000000000000000000, 1.000000000000000000, 1.000000000000000000, 1.000000000000000000, 1.000000000000000000, 1.000000000000000000, 1.000000000000000000, 1.000000000000000000, 1.000000000000000000) ) ) 
 REPRESENTATION_ITEM ( '' )  SURFACE ( )  );
#414 = CARTESIAN_POINT ( 'NONE',  ( 2.182711166354511345, -7.176566920414334305, -334.7382311113615287 ) ) ;
#415 = CARTESIAN_POINT ( 'NONE',  ( -18.14658001930008169, -13.32205760810417772, -304.0271165246294913 ) ) ;
#416 = CARTESIAN_POINT ( 'NONE',  ( 20.79747242897407489, -5.000000000000077272, -339.0045997728645943 ) ) ;
#417 = CARTESIAN_POINT ( 'NONE',  ( 7.176857854442888929, -2.181823253538786034, -334.7359270052741635 ) ) ;
#418 = CARTESIAN_POINT ( 'NONE',  ( 15.64014409436185638, -5.491343294209275337E-14, -338.4918484924057793 ) ) ;
#419 = CARTESIAN_POINT ( 'NONE',  ( -15.64014409436190967, -4.999999999999841904, -338.4918484924057793 ) ) ;
#420 = CARTESIAN_POINT ( 'NONE',  ( -23.10099649808227440, 2.419700945452174646E-13, -334.5516039357306681 ) ) ;
#421 = DIRECTION ( 'NONE',  ( -0.000000000000000000, -0.000000000000000000, 1.000000000000000000 ) ) ;
#422 = ORIENTED_EDGE ( 'NONE', *, *, #3365, .F. ) ;
#423 = PRODUCT ( 'Link2_Default_sldprt', 'Link2_Default_sldprt', '', ( #992 ) ) ;
#424 = CARTESIAN_POINT ( 'NONE',  ( 5.000000000000005329, -24.95112436346223461, -336.0136030578399868 ) ) ;
#425 = CARTESIAN_POINT ( 'NONE',  ( -0.6534300675355178001, -7.473241494764446102, -338.4187349991840392 ) ) ;
#426 = CARTESIAN_POINT ( 'NONE',  ( 0.000000000000000000, 24.48787753505513010, -335.5118404682566506 ) ) ;
#427 = ORIENTED_EDGE ( 'NONE', *, *, #3126, .T. ) ;
#428 = EDGE_CURVE ( 'NONE', #1064, #2983, #2135, .T. ) ;
#429 = DIRECTION ( 'NONE',  ( 0.000000000000000000, 0.000000000000000000, 1.000000000000000000 ) ) ;
#430 = CARTESIAN_POINT ( 'NONE',  ( 0.000000000000000000, 25.77854879289000678, -337.1129459021298089 ) ) ;
#431 = CARTESIAN_POINT ( 'NONE',  ( 7.180770162311541860, 2.166880267986788233, -334.7426508834393530 ) ) ;
#432 = PLANE ( 'NONE',  #2042 ) ;
#433 = CARTESIAN_POINT ( 'NONE',  ( 0.000000000000000000, -24.95112436346223461, -336.0136030578399868 ) ) ;
#434 = CARTESIAN_POINT ( 'NONE',  ( 19.14206404500040648, -5.000000000000071942, -333.6278838779330158 ) ) ;
#435 = CARTESIAN_POINT ( 'NONE',  ( -20.65287768296380122, -4.999999999999790390, -338.9495670264251430 ) ) ;
#436 = CARTESIAN_POINT ( 'NONE',  ( -27.12167573721353619, 2.840844741443399644E-13, -339.6567022317279907 ) ) ;
#437 = CARTESIAN_POINT ( 'NONE',  ( 22.82280726805832316, -7.999156737611395794E-14, -342.5446931419174916 ) ) ;
#438 = CARTESIAN_POINT ( 'NONE',  ( 17.50000000000000355, 2.227506032191849735E-16, -305.8339162968049436 ) ) ;
#439 = ORIENTED_EDGE ( 'NONE', *, *, #3062, .F. ) ;
#440 = FACE_OUTER_BOUND ( 'NONE', #1832, .T. ) ;
#441 = DIRECTION ( 'NONE',  ( -1.000000000000000000, 3.491481338843133355E-15, -0.000000000000000000 ) ) ;
#442 = CARTESIAN_POINT ( 'NONE',  ( 0.000000000000000000, 16.80894403190034936, -333.4978844596955128 ) ) ;
#443 = COORDINATED_UNIVERSAL_TIME_OFFSET ( 1, 0, .AHEAD. ) ;
#444 = ORIENTED_EDGE ( 'NONE', *, *, #1572, .F. ) ;
#445 = CARTESIAN_POINT ( 'NONE',  ( 0.3290356692485337242, 7.494540983248024091, -333.5162352877506464 ) ) ;
#446 = CARTESIAN_POINT ( 'NONE',  ( 5.000000000000005329, 15.72797534188301860, -333.4918484924627364 ) ) ;
#447 = CC_DESIGN_PERSON_AND_ORGANIZATION_ASSIGNMENT ( #481, #166, ( #3375 ) ) ;
#448 = CARTESIAN_POINT ( 'NONE',  ( 1.527515467502570612, -7.344083391398342542, -337.9857250839728522 ) ) ;
#449 = CARTESIAN_POINT ( 'NONE',  ( -20.07660135883368824, -10.26215735297154552, -304.8044170398771939 ) ) ;
#450 = CARTESIAN_POINT ( 'NONE',  ( 19.70304487559263507, -5.000000000000073719, -338.7229328805124737 ) ) ;
#451 = CARTESIAN_POINT ( 'NONE',  ( -40.00000000000000000, -0.3271344438929733589, -309.1064706347661968 ) ) ;
#452 = CARTESIAN_POINT ( 'NONE',  ( 24.95112436346223461, -8.711638509814330823E-14, -336.0136030578399868 ) ) ;
#453 = CARTESIAN_POINT ( 'NONE',  ( -15.00000000000005151, -4.999999999999848121, -338.5000000000000568 ) ) ;
#454 = EDGE_CURVE ( 'NONE', #797, #108, #1449, .T. ) ;
#455 = CARTESIAN_POINT ( 'NONE',  ( -20.37346398397106029, -4.999999999999792166, -333.7390229158967259 ) ) ;
#456 = CARTESIAN_POINT ( 'NONE',  ( 22.82280726807841731, -5.000000000000085265, -342.5446931419174916 ) ) ;
#457 = CARTESIAN_POINT ( 'NONE',  ( -28.23531764672898348, 2.957492539783373721E-13, -351.3018813774303908 ) ) ;
#458 = ORIENTED_EDGE ( 'NONE', *, *, #132, .T. ) ;
#459 = CARTESIAN_POINT ( 'NONE',  ( 20.37346398396784863, 4.999999999999935163, -333.7390229158967259 ) ) ;
#460 = CARTESIAN_POINT ( 'NONE',  ( 17.50000000000000355, 0.000000000000000000, -330.0000000000000000 ) ) ;
#461 = CARTESIAN_POINT ( 'NONE',  ( -5.000000000000005329, 20.79747242897318316, -339.0045997728645943 ) ) ;
#462 = DATE_AND_TIME ( #2961, #1524 ) ;
#463 = ORIENTED_EDGE ( 'NONE', *, *, #1386, .F. ) ;
#464 = CIRCLE ( 'NONE', #691, 7.500000000000000000 ) ;
#465 = B_SPLINE_CURVE_WITH_KNOTS ( 'NONE', 3,
 ( #2783, #1663, #3570, #27, #853, #2765, #1109, #1698, #269, #3347, #305, #1363, #288, #1420, #3363, #2491, #1986, #3601, #2242, #1951 ),
 .UNSPECIFIED., .F., .F.,
 ( 4, 2, 2, 2, 2, 2, 2, 2, 2, 4 ),
 ( 0.000000000000000000, 0.1601717819196981085, 0.3203435638393962170, 0.3703435638394153573, 0.4203435638394345530, 0.4928006183595052825, 0.5652576728795759564, 0.7101717819197173043, 0.8550858909598586521, 1.000000000000000000 ),
 .UNSPECIFIED. ) ;
#466 = CARTESIAN_POINT ( 'NONE',  ( -3.958433127661665996, -17.05601098967215634, -302.7918620286506552 ) ) ;
#467 = CARTESIAN_POINT ( 'NONE',  ( -5.000000000000005329, 16.80894403190034936, -333.4978844596955128 ) ) ;
#468 = AXIS2_PLACEMENT_3D ( 'NONE', #1761, #932, #3215 ) ;
#469 = CARTESIAN_POINT ( 'NONE',  ( 1.112743330889166993, -7.418559296685272919, -333.7553160458041361 ) ) ;
#470 = CARTESIAN_POINT ( 'NONE',  ( -7.395057667434894455, 1.257745834047437006, -333.8333446788709580 ) ) ;
#471 = CARTESIAN_POINT ( 'NONE',  ( -5.000000000000005329, -14.99999999999999822, -338.5000000000000568 ) ) ;
#472 = CARTESIAN_POINT ( 'NONE',  ( 16.59284291809889922, 5.677631805249192531, -305.4660545962893252 ) ) ;
#473 = CARTESIAN_POINT ( 'NONE',  ( 20.82815769973354136, -5.000000000000079048, -339.0188788894475920 ) ) ;
#474 = CARTESIAN_POINT ( 'NONE',  ( -22.94058104297341671, 2.405959935410675405E-13, -351.2916259697266241 ) ) ;
#475 = CARTESIAN_POINT ( 'NONE',  ( 13.74978702139523890, 17.86887734441641129, -302.2205047627967929 ) ) ;
#476 = EDGE_CURVE ( 'NONE', #3249, #3048, #1880, .T. ) ;
#477 = ORIENTED_EDGE ( 'NONE', *, *, #2238, .F. ) ;
#478 = CARTESIAN_POINT ( 'NONE',  ( 20.37346398396783442, -7.113356930763307496E-14, -333.7390229158967259 ) ) ;
#479 = DIRECTION ( 'NONE',  ( 1.000000000000000000, 0.000000000000000000, 0.000000000000000000 ) ) ;
#480 = CARTESIAN_POINT ( 'NONE',  ( -5.000000000000005329, 16.63131480189348821, -338.4971743906191932 ) ) ;
#481 = PERSON_AND_ORGANIZATION ( #15, #2917 ) ;
#482 = EDGE_LOOP ( 'NONE', ( #1214, #427, #3322, #1890 ) ) ;
#483 = ORIENTED_EDGE ( 'NONE', *, *, #3302, .F. ) ;
#484 = LINE ( 'NONE', #2147, #515 ) ;
#485 = CARTESIAN_POINT ( 'NONE',  ( -5.000000000000005329, 22.82280726805832316, -342.5446931419174916 ) ) ;
#486 = CARTESIAN_POINT ( 'NONE',  ( -1.112876179484657113, 7.418539850766497246, -338.2446201456687618 ) ) ;
#487 = CARTESIAN_POINT ( 'NONE',  ( 20.05647976373835562, -10.22338680209238149, -304.7973042116342981 ) ) ;
#488 = CARTESIAN_POINT ( 'NONE',  ( -5.000000000000005329, -14.99999999999999822, -333.5000000000000000 ) ) ;
#489 = UNCERTAINTY_MEASURE_WITH_UNIT (LENGTH_MEASURE( 1.000000000000000082E-05 ), #130, 'distance_accuracy_value', 'NONE');
#490 = CARTESIAN_POINT ( 'NONE',  ( 28.23531764670864064, -5.000000000000103029, -351.3018813774304476 ) ) ;
#491 = CARTESIAN_POINT ( 'NONE',  ( -23.53851726284230850, 2.468590430004999204E-13, -346.3552519128185168 ) ) ;
#492 = CARTESIAN_POINT ( 'NONE',  ( 22.30432728602393411, 2.984615458046191439, -305.7209157607495058 ) ) ;
#493 = EDGE_CURVE ( 'NONE', #371, #1064, #4, .T. ) ;
#494 = VERTEX_POINT ( 'NONE', #3153 ) ;
#495 = EDGE_CURVE ( 'NONE', #751, #1044, #2866, .T. ) ;
#496 = CARTESIAN_POINT ( 'NONE',  ( -40.00000000000000000, 41.25000000000000000, -168.2566363886433010 ) ) ;
#497 = CARTESIAN_POINT ( 'NONE',  ( -5.000000000000005329, 20.82815769973551667, -339.0188788894475920 ) ) ;
#498 = PERSON_AND_ORGANIZATION_ROLE ( 'design_supplier' ) ;
#499 = ORIENTED_EDGE ( 'NONE', *, *, #1575, .T. ) ;
#500 = ORIENTED_EDGE ( 'NONE', *, *, #1454, .T. ) ;
#501 = CARTESIAN_POINT ( 'NONE',  ( 22.94058104297341671, -8.009661061376022580E-14, -351.2916259697266241 ) ) ;
#502 = CARTESIAN_POINT ( 'NONE',  ( 3.061616997868386592E-16, 21.76568028555520939, -340.1474355323161376 ) ) ;
#503 = CARTESIAN_POINT ( 'NONE',  ( -1.882202008548183647, 7.260946368618517610, -334.3465818735722337 ) ) ;
#504 = CARTESIAN_POINT ( 'NONE',  ( -15.26922595773941893, -16.54127938218731231, -302.9851819922106984 ) ) ;
#505 = CARTESIAN_POINT ( 'NONE',  ( 0.000000000000000000, -25.29152351677343802, -352.1419608948490350 ) ) ;
#506 = CARTESIAN_POINT ( 'NONE',  ( 21.88892678961157401, 4.999999999999930722, -334.0963682416404481 ) ) ;
#507 = CARTESIAN_POINT ( 'NONE',  ( -28.35094872480820172, -4.999999999999707789, -344.3384610673687689 ) ) ;
#508 = CARTESIAN_POINT ( 'NONE',  ( 9.359417364701466013, 20.47405235377846111, -301.0393748883176954 ) ) ;
#509 = ORIENTED_EDGE ( 'NONE', *, *, #91, .F. ) ;
#510 = EDGE_CURVE ( 'NONE', #3249, #2357, #225, .T. ) ;
#511 = DIRECTION ( 'NONE',  ( 1.000000000000000000, -0.000000000000000000, -1.431777657695698783E-16 ) ) ;
#512 = CARTESIAN_POINT ( 'NONE',  ( 5.000000000000005329, 23.50391484076517301, -348.9578767150717340 ) ) ;
#513 = ORIENTED_EDGE ( 'NONE', *, *, #831, .F. ) ;
#514 = VERTEX_POINT ( 'NONE', #2524 ) ;
#515 = VECTOR ( 'NONE', #2433, 1000.000000000000000 ) ;
#516 = CARTESIAN_POINT ( 'NONE',  ( -14.10289968459036025, -10.37667706375690102, -304.7622037271380577 ) ) ;
#517 = CARTESIAN_POINT ( 'NONE',  ( -5.000000000000005329, 20.79747242897318316, -339.0045997728645943 ) ) ;
#518 = EDGE_CURVE ( 'NONE', #3111, #3086, #791, .T. ) ;
#519 = CARTESIAN_POINT ( 'NONE',  ( -2.419117876890835905, 7.099228052002465539, -336.6519524092058759 ) ) ;
#520 = CARTESIAN_POINT ( 'NONE',  ( 14.74697012527987461, -17.00891407316468928, -302.8121006632975991 ) ) ;
#521 = TOROIDAL_SURFACE ( 'NONE', #3493, -0.04049180243233817256, 1.168479031451811201 ) ;
#522 = CARTESIAN_POINT ( 'NONE',  ( 5.000000000000005329, -14.99999999999999822, -338.5000000000000568 ) ) ;
#523 = CARTESIAN_POINT ( 'NONE',  ( 22.27970408794294954, -7.778917105800198260E-14, -334.2073279480806036 ) ) ;
#524 = AXIS2_PLACEMENT_3D ( 'NONE', #555, #5, #1122 ) ;
#525 = CARTESIAN_POINT ( 'NONE',  ( 40.00000000000000000, 0.000000000000000000, 50.00000000000000000 ) ) ;
#526 = DIRECTION ( 'NONE',  ( -0.9403769895200053686, 3.283308710386585166E-15, 0.3401339700489965368 ) ) ;
#527 = ORIENTED_EDGE ( 'NONE', *, *, #3608, .T. ) ;
#528 = DIRECTION ( 'NONE',  ( -1.000000000000000000, 0.000000000000000000, 0.000000000000000000 ) ) ;
#529 = CARTESIAN_POINT ( 'NONE',  ( 3.061616997868386592E-16, 15.64014409436185638, -338.4918484924057793 ) ) ;
#530 = VERTEX_POINT ( 'NONE', #21 ) ;
#531 = EDGE_LOOP ( 'NONE', ( #3033, #1320, #131, #3093, #1586, #2886 ) ) ;
#532 = CARTESIAN_POINT ( 'NONE',  ( -5.000000000000005329, -20.79747242897318316, -339.0045997728645943 ) ) ;
#533 = CARTESIAN_POINT ( 'NONE',  ( -7.175017632265498158, -15.97138630748575672, -303.1854477711444247 ) ) ;
#534 = CARTESIAN_POINT ( 'NONE',  ( -5.000000000000005329, 22.27970408794294954, -334.2073279480806605 ) ) ;
#535 = EDGE_CURVE ( 'NONE', #2663, #3321, #1139, .T. ) ;
#536 = CARTESIAN_POINT ( 'NONE',  ( -1.997312209682546635, 7.232990705424215072, -337.5380170457696067 ) ) ;
#537 = CARTESIAN_POINT ( 'NONE',  ( -7.180546106756779956, 2.167627488422578352, -334.7439005769501250 ) ) ;
#538 = ADVANCED_FACE ( 'NONE', ( #1121 ), #413, .T. ) ;
#539 = CARTESIAN_POINT ( 'NONE',  ( 5.000000000000005329, -23.50391484076517301, -348.9578767150717340 ) ) ;
#540 = APPLICATION_CONTEXT ( 'configuration controlled 3d designs of mechanical parts and assemblies' ) ;
#541 = CARTESIAN_POINT ( 'NONE',  ( 21.76568028555520939, -7.630062824390303234E-14, -340.1474355323161376 ) ) ;
#542 = CARTESIAN_POINT ( 'NONE',  ( 15.00000000000000000, -5.237222008264700033E-14, -333.5000000000000000 ) ) ;
#543 = CARTESIAN_POINT ( 'NONE',  ( 0.000000000000000000, 0.000000000000000000, -340.0000000000000000 ) ) ;
#544 = CARTESIAN_POINT ( 'NONE',  ( -17.85445194776827904, 13.76847529992322272, -303.7126307738917035 ) ) ;
#545 = VERTEX_POINT ( 'NONE', #2764 ) ;
#546 = CARTESIAN_POINT ( 'NONE',  ( 0.000000000000000000, 0.000000000000000000, -325.0000000000000000 ) ) ;
#547 = CARTESIAN_POINT ( 'NONE',  ( -40.00000000000000000, -41.90426888778601722, -168.2566363886433010 ) ) ;
#548 = ORIENTED_EDGE ( 'NONE', *, *, #428, .F. ) ;
#549 = EDGE_LOOP ( 'NONE', ( #458, #275, #2206, #2362 ) ) ;
#550 = CARTESIAN_POINT ( 'NONE',  ( -5.000000000000005329, -23.52621183349084788, -334.7882220044681389 ) ) ;
#551 = CARTESIAN_POINT ( 'NONE',  ( -7.232818767252311432, -1.986265143424968072, -334.4731314770784820 ) ) ;
#552 = DIRECTION ( 'NONE',  ( 0.000000000000000000, 0.000000000000000000, 1.000000000000000000 ) ) ;
#553 = ORIENTED_EDGE ( 'NONE', *, *, #3035, .T. ) ;
#554 = CARTESIAN_POINT ( 'NONE',  ( -30.00000000000000000, -0.3271344438929733589, -305.8350428043144120 ) ) ;
#555 = CARTESIAN_POINT ( 'NONE',  ( 0.000000000000000000, -25.29152351677342025, -352.1419608948490918 ) ) ;
#556 = EDGE_CURVE ( 'NONE', #3450, #2538, #184, .T. ) ;
#557 = CARTESIAN_POINT ( 'NONE',  ( 5.000000000000005329, -24.48787753505513010, -335.5118404682566506 ) ) ;
#558 = CARTESIAN_POINT ( 'NONE',  ( 24.95112436346223461, 4.999999999999918288, -336.0136030578399868 ) ) ;
#559 = CARTESIAN_POINT ( 'NONE',  ( 23.10099649808140043, 4.999999999999925393, -334.5516039357306681 ) ) ;
#560 = CARTESIAN_POINT ( 'NONE',  ( 3.061616997868386592E-16, 23.38237633774817681, -345.0117091510177261 ) ) ;
#561 = ADVANCED_FACE ( 'NONE', ( #440 ), #3262, .T. ) ;
#562 = CARTESIAN_POINT ( 'NONE',  ( -15.64014409436180486, 5.000000000000169642, -338.4918484924057793 ) ) ;
#563 = DIRECTION ( 'NONE',  ( 0.000000000000000000, -0.3401339700489858231, -0.9403769895200092543 ) ) ;
#564 = CARTESIAN_POINT ( 'NONE',  ( -5.000000000000005329, 19.14206404499947212, -333.6278838779330158 ) ) ;
#565 = ORIENTED_EDGE ( 'NONE', *, *, #1636, .F. ) ;
#566 = CARTESIAN_POINT ( 'NONE',  ( 0.000000000000000000, -24.48787753505513010, -335.5118404682566506 ) ) ;
#567 = CARTESIAN_POINT ( 'NONE',  ( 16.85575813054497374, -4.840475940606798311, -305.6332887660526012 ) ) ;
#568 = CARTESIAN_POINT ( 'NONE',  ( 0.000000000000000000, 0.000000000000000000, -325.0000000000000000 ) ) ;
#569 = CARTESIAN_POINT ( 'NONE',  ( 23.10099649808227440, -8.065669818173262100E-14, -334.5516039357306681 ) ) ;
#570 = DIRECTION ( 'NONE',  ( -1.000000000000000000, 3.491481338843133355E-15, -0.000000000000000000 ) ) ;
#571 = AXIS2_PLACEMENT_3D ( 'NONE', #2574, #2927, #2340 ) ;
#572 = CARTESIAN_POINT ( 'NONE',  ( -3.061616997868386592E-16, -20.65287768296374438, -338.9495670264251430 ) ) ;
#573 = CARTESIAN_POINT ( 'NONE',  ( 28.23531764672898348, -9.858308465934990729E-14, -351.3018813774303908 ) ) ;
#574 = AXIS2_PLACEMENT_3D ( 'NONE', #20, #2251, #1173 ) ;
#575 = CARTESIAN_POINT ( 'NONE',  ( -7.500000000000222933, 5.703670244381105293E-14, -338.5000000000006821 ) ) ;
#576 = CARTESIAN_POINT ( 'NONE',  ( -28.49011611213813566, 2.984181262418246681E-13, -349.5327445574392300 ) ) ;
#577 = CARTESIAN_POINT ( 'NONE',  ( -10.01259501099468352, 20.15275597995761814, -301.1935896257886611 ) ) ;
#578 = TOROIDAL_SURFACE ( 'NONE', #931, -0.04049180243233817256, 1.168479031451811201 ) ;
#579 = CARTESIAN_POINT ( 'NONE',  ( -20.79747242897314408, 5.000000000000222045, -339.0045997728645943 ) ) ;
#580 = AXIS2_PLACEMENT_3D ( 'NONE', #3114, #906, #610 ) ;
#581 = DIRECTION ( 'NONE',  ( -0.000000000000000000, 1.000000000000000000, -0.000000000000000000 ) ) ;
#582 = EDGE_CURVE ( 'NONE', #711, #673, #1327, .T. ) ;
#583 = CARTESIAN_POINT ( 'NONE',  ( 0.000000000000000000, -14.85583796414910829, -380.9937646771664390 ) ) ;
#584 = ORIENTED_EDGE ( 'NONE', *, *, #1865, .T. ) ;
#585 = CARTESIAN_POINT ( 'NONE',  ( -5.000000000000005329, -28.54861166975242881, -346.0525470957490484 ) ) ;
#586 = CARTESIAN_POINT ( 'NONE',  ( 15.03426563821721196, -8.974635005662571885, -305.0439885094466490 ) ) ;
#587 = DIRECTION ( 'NONE',  ( -0.3401339700489968698, 3.562714227398105491E-15, 0.9403769895200053686 ) ) ;
#588 = EDGE_LOOP ( 'NONE', ( #2015, #3144 ) ) ;
#589 = CARTESIAN_POINT ( 'NONE',  ( -3.061616997868386592E-16, -20.96851650090802721, -339.1156999729153654 ) ) ;
#590 = DIRECTION ( 'NONE',  ( 0.000000000000000000, 0.000000000000000000, -1.000000000000000000 ) ) ;
#591 = CARTESIAN_POINT ( 'NONE',  ( -3.061616997868386592E-16, -18.65238951158536196, -338.6063043901583001 ) ) ;
#592 = CARTESIAN_POINT ( 'NONE',  ( 30.00000000000000711, 49.39730102783496335, -248.0774406985227358 ) ) ;
#593 = CARTESIAN_POINT ( 'NONE',  ( 0.000000000000000000, 0.000000000000000000, -330.0000000000000000 ) ) ;
#594 = PLANE ( 'NONE',  #1515 ) ;
#595 = CARTESIAN_POINT ( 'NONE',  ( 3.061616997868386592E-16, 20.79747242897318316, -339.0045997728646512 ) ) ;
#596 = DIRECTION ( 'NONE',  ( -1.000000000000000000, 0.000000000000000000, 0.000000000000000000 ) ) ;
#597 = CARTESIAN_POINT ( 'NONE',  ( -14.99999999999994849, 5.000000000000162537, -333.5000000000000000 ) ) ;
#598 = DIRECTION ( 'NONE',  ( -3.469446951953611822E-15, -1.000000000000000000, 0.000000000000000000 ) ) ;
#599 = EDGE_CURVE ( 'NONE', #371, #530, #2503, .T. ) ;
#600 = CARTESIAN_POINT ( 'NONE',  ( -5.000000000000005329, 27.12167573721353619, -339.6567022317279907 ) ) ;
#601 = ORIENTED_EDGE ( 'NONE', *, *, #1365, .F. ) ;
#602 = CARTESIAN_POINT ( 'NONE',  ( -5.000000000000005329, -20.96851650090802721, -339.1156999729153654 ) ) ;
#603 = CARTESIAN_POINT ( 'NONE',  ( -7.156538018184366301, -2.244625570857192720, -334.8871425866588538 ) ) ;
#604 = DIRECTION ( 'NONE',  ( 0.000000000000000000, 0.000000000000000000, -1.000000000000000000 ) ) ;
#605 = CARTESIAN_POINT ( 'NONE',  ( 0.000000000000000000, 24.48787753505513010, -335.5118404682566506 ) ) ;
#606 = ORIENTED_EDGE ( 'NONE', *, *, #3131, .F. ) ;
#607 = CARTESIAN_POINT ( 'NONE',  ( 28.49011611213813566, -9.947270874752517075E-14, -349.5327445574392300 ) ) ;
#608 = CARTESIAN_POINT ( 'NONE',  ( 15.00000000000000000, -5.267838178243383820E-14, -338.5000000000000000 ) ) ;
#609 = VECTOR ( 'NONE', #262, 1000.000000000000000 ) ;
#610 = DIRECTION ( 'NONE',  ( 0.000000000000000000, 0.000000000000000000, -1.000000000000000000 ) ) ;
#611 = DIRECTION ( 'NONE',  ( 0.000000000000000000, 0.000000000000000000, -1.000000000000000000 ) ) ;
#612 = CARTESIAN_POINT ( 'NONE',  ( 7.457599417329957348, 0.8108326319413458050, -338.3705230342180243 ) ) ;
#613 = CARTESIAN_POINT ( 'NONE',  ( 5.000000000000005329, 24.48787753505513010, -335.5118404682566506 ) ) ;
#614 = DIRECTION ( 'NONE',  ( 0.000000000000000000, 0.000000000000000000, 1.000000000000000000 ) ) ;
#615 = CARTESIAN_POINT ( 'NONE',  ( -28.23531764672893019, 5.000000000000301092, -351.3018813774914406 ) ) ;
#616 = CARTESIAN_POINT ( 'NONE',  ( -23.31181146317000596, 5.000000000000248690, -350.2139333800129748 ) ) ;
#617 = CARTESIAN_POINT ( 'NONE',  ( -5.000000000000005329, 25.77854879289000323, -337.1129459021298089 ) ) ;
#618 = CARTESIAN_POINT ( 'NONE',  ( -28.54861166975242881, 2.990308346836484971E-13, -346.0525470957490484 ) ) ;
#619 = VERTEX_POINT ( 'NONE', #2277 ) ;
#620 = CARTESIAN_POINT ( 'NONE',  ( 0.000000000000000000, -23.10099649808227440, -334.5516039357306681 ) ) ;
#621 = CARTESIAN_POINT ( 'NONE',  ( 27.64246599057342024, -9.681931586547989918E-14, -352.9922958199716163 ) ) ;
#622 = CARTESIAN_POINT ( 'NONE',  ( 30.00000000000000000, -0.3271344438929733589, -305.8350428043144120 ) ) ;
#623 = EDGE_LOOP ( 'NONE', ( #477, #553, #1300, #2194, #1502 ) ) ;
#624 = CARTESIAN_POINT ( 'NONE',  ( 28.54861166975242881, -9.967694489429986979E-14, -346.0525470957490484 ) ) ;
#625 = LINE ( 'NONE', #79, #3431 ) ;
#626 = DIRECTION ( 'NONE',  ( 0.3401339700489968698, -1.187571409132701896E-15, 0.9403769895200053686 ) ) ;
#627 = CYLINDRICAL_SURFACE ( 'NONE', #2390, 22.50000000000000355 ) ;
#628 = VECTOR ( 'NONE', #3235, 1000.000000000000000 ) ;
#629 = CARTESIAN_POINT ( 'NONE',  ( 3.061616997868386592E-16, 20.53366848166273684, -338.9121152687107497 ) ) ;
#630 = CARTESIAN_POINT ( 'NONE',  ( 24.48787753505510167, -5.000000000000091482, -335.5118404682566506 ) ) ;
#631 = FACE_OUTER_BOUND ( 'NONE', #952, .T. ) ;
#632 = AXIS2_PLACEMENT_3D ( 'NONE', #1798, #970, #129 ) ;
#633 = CARTESIAN_POINT ( 'NONE',  ( -21.14486282628767100, 2.217868436109069876E-13, -339.2759833987219054 ) ) ;
#634 = CARTESIAN_POINT ( 'NONE',  ( -27.12167573721353619, 2.840844741443399644E-13, -339.6567022317279907 ) ) ;
#635 = AXIS2_PLACEMENT_3D ( 'NONE', #3571, #2994, #1885 ) ;
#636 = VECTOR ( 'NONE', #941, 1000.000000000000000 ) ;
#637 = CARTESIAN_POINT ( 'NONE',  ( 23.52621183349084433, -8.214132959029918616E-14, -334.7882220044681389 ) ) ;
#638 = ORIENTED_EDGE ( 'NONE', *, *, #2344, .F. ) ;
#639 = CARTESIAN_POINT ( 'NONE',  ( 5.000000000000005329, -27.64246599057346643, -352.9922958199715026 ) ) ;
#640 = CARTESIAN_POINT ( 'NONE',  ( 2.806100745400637452E-15, -7.500000000000000000, -333.5000000000000000 ) ) ;
#641 = CARTESIAN_POINT ( 'NONE',  ( 5.000000000000005329, 23.10099649808227440, -334.5516039357306681 ) ) ;
#642 = CARTESIAN_POINT ( 'NONE',  ( 40.00000000000000000, 41.25000000000000000, -28.25663638864329030 ) ) ;
#643 = VERTEX_POINT ( 'NONE', #2528 ) ;
#644 = CARTESIAN_POINT ( 'NONE',  ( -3.061616997868386592E-16, -23.31181146317005926, -350.2139333800129180 ) ) ;
#645 = DIRECTION ( 'NONE',  ( 1.000000000000000000, 0.000000000000000000, 0.000000000000000000 ) ) ;
#646 = ADVANCED_FACE ( 'NONE', ( #1985 ), #1125, .T. ) ;
#647 = CARTESIAN_POINT ( 'NONE',  ( 0.000000000000000000, -25.77854879289000678, -337.1129459021298089 ) ) ;
#648 = DIRECTION ( 'NONE',  ( 1.000000000000000000, 0.000000000000000000, 0.000000000000000000 ) ) ;
#649 = DIRECTION ( 'NONE',  ( -1.000000000000000000, 0.000000000000000000, 3.007417864768909959E-16 ) ) ;
#650 = CARTESIAN_POINT ( 'NONE',  ( 28.54861166975242881, -5.000000000000103917, -346.0525470957490484 ) ) ;
#651 = DIRECTION ( 'NONE',  ( 0.000000000000000000, 0.000000000000000000, 1.000000000000000000 ) ) ;
#652 = CARTESIAN_POINT ( 'NONE',  ( -25.77854879289006007, -4.999999999999735323, -337.1129459021298089 ) ) ;
#653 = CARTESIAN_POINT ( 'NONE',  ( -20.65287768296370174, 5.000000000000220268, -338.9495670264251430 ) ) ;
#654 = DIRECTION ( 'NONE',  ( 0.000000000000000000, 0.000000000000000000, -1.000000000000000000 ) ) ;
#655 = VERTEX_POINT ( 'NONE', #1199 ) ;
#656 = CARTESIAN_POINT ( 'NONE',  ( 5.000000000000005329, -23.31181146317005926, -350.2139333800129748 ) ) ;
#657 = CARTESIAN_POINT ( 'NONE',  ( -1.256047432962906107, -7.395359662475304852, -333.8322995803829372 ) ) ;
#658 = CARTESIAN_POINT ( 'NONE',  ( 5.000000000000005329, 16.80894403190034936, -333.4978844596955128 ) ) ;
#659 = CARTESIAN_POINT ( 'NONE',  ( 0.000000000000000000, -27.12167573721353619, -339.6567022317279907 ) ) ;
#660 = ORIENTED_EDGE ( 'NONE', *, *, #338, .T. ) ;
#661 = PLANE ( 'NONE',  #2550 ) ;
#662 = LINE ( 'NONE', #1730, #1757 ) ;
#663 = CARTESIAN_POINT ( 'NONE',  ( 2.500019605910095422, -7.071060880129541815, -336.1644397902193191 ) ) ;
#664 = PRODUCT_DEFINITION ( 'UNKNOWN', '', #3375, #3549 ) ;
#665 = CARTESIAN_POINT ( 'NONE',  ( 3.061616997868385606E-16, 15.00000000000000000, -333.5000000000000000 ) ) ;
#666 = LINE ( 'NONE', #1201, #1980 ) ;
#667 = CARTESIAN_POINT ( 'NONE',  ( 15.68659314362294133, 7.778989352091903342, -305.1410998926349407 ) ) ;
#668 = CARTESIAN_POINT ( 'NONE',  ( -17.50000000000000355, 2.344143960054132761E-15, -305.8339162968049436 ) ) ;
#669 = CARTESIAN_POINT ( 'NONE',  ( -22.82280726805838000, -4.999999999999766409, -342.5446931419174916 ) ) ;
#670 = CARTESIAN_POINT ( 'NONE',  ( -24.48787753505513010, 2.564969023245435686E-13, -335.5118404682566506 ) ) ;
#671 = DIRECTION ( 'NONE',  ( 0.000000000000000000, 0.9403769895200053686, 0.3401339700489969253 ) ) ;
#672 = ADVANCED_FACE ( 'NONE', ( #889 ), #2583, .T. ) ;
#673 = VERTEX_POINT ( 'NONE', #304 ) ;
#674 = CARTESIAN_POINT ( 'NONE',  ( 5.000000000000005329, -23.38237633774817681, -345.0117091510177261 ) ) ;
#675 = DIRECTION ( 'NONE',  ( 0.000000000000000000, 0.2977623364123745953, 0.9546400321661792088 ) ) ;
#676 = DIRECTION ( 'NONE',  ( -1.000000000000000000, -0.000000000000000000, 1.431777657695698783E-16 ) ) ;
#677 = CARTESIAN_POINT ( 'NONE',  ( 0.000000000000000000, 22.27970408794294954, -334.2073279480806036 ) ) ;
#678 = ORIENTED_EDGE ( 'NONE', *, *, #990, .F. ) ;
#679 = ORIENTED_EDGE ( 'NONE', *, *, #2699, .F. ) ;
#680 = CARTESIAN_POINT ( 'NONE',  ( -20.37346398396783442, 2.134007079229897861E-13, -333.7390229158967259 ) ) ;
#681 = CARTESIAN_POINT ( 'NONE',  ( -25.29152351677342025, 2.649146471691799244E-13, -352.1419608948490918 ) ) ;
#682 = CARTESIAN_POINT ( 'NONE',  ( 0.3290356692485337242, -7.494540983248024091, -338.4837647122493536 ) ) ;
#683 = CARTESIAN_POINT ( 'NONE',  ( -20.93738091171112359, -8.246911075078381614, -305.1714494720295079 ) ) ;
#684 = CARTESIAN_POINT ( 'NONE',  ( 0.000000000000000000, -24.95112436346223461, -336.0136030578399868 ) ) ;
#685 = CARTESIAN_POINT ( 'NONE',  ( 7.257863778593098836, 15.93440293047803458, -302.9653926163579740 ) ) ;
#686 = CARTESIAN_POINT ( 'NONE',  ( 23.31181146314971997, -5.000000000000087041, -350.2139333800129748 ) ) ;
#687 = CARTESIAN_POINT ( 'NONE',  ( -21.88892678961060767, -4.999999999999776179, -334.0963682416404481 ) ) ;
#688 = AXIS2_PLACEMENT_3D ( 'NONE', #1631, #1332, #1873 ) ;
#689 = CARTESIAN_POINT ( 'NONE',  ( -25.77854879289000678, 2.700159661584654460E-13, -337.1129459021298089 ) ) ;
#690 = CARTESIAN_POINT ( 'NONE',  ( 15.72797534188301682, -5.491393240398750419E-14, -333.4918484924627364 ) ) ;
#691 = AXIS2_PLACEMENT_3D ( 'NONE', #543, #1144, #321 ) ;
#692 = ORIENTED_EDGE ( 'NONE', *, *, #3567, .F. ) ;
#693 = CARTESIAN_POINT ( 'NONE',  ( 5.000000000000005329, -22.27970408794294954, -334.2073279480806605 ) ) ;
#694 = EDGE_CURVE ( 'NONE', #2578, #643, #3457, .T. ) ;
#695 = CARTESIAN_POINT ( 'NONE',  ( -2.483777346925207574, -7.076865148321870969, -335.6713309612037506 ) ) ;
#696 = CARTESIAN_POINT ( 'NONE',  ( 0.000000000000000000, 28.35094872480814487, -344.3384610673687689 ) ) ;
#697 = DATE_AND_TIME ( #1249, #3433 ) ;
#698 = APPROVAL_PERSON_ORGANIZATION ( #1603, #3358, #1042 ) ;
#699 = ORIENTED_EDGE ( 'NONE', *, *, #2072, .T. ) ;
#700 = CONICAL_SURFACE ( 'NONE', #2101, 2.499999999999986677, 0.04471155042434143273 ) ;
#701 = DIRECTION ( 'NONE',  ( 0.000000000000000000, -1.000000000000000000, 0.000000000000000000 ) ) ;
#702 = APPROVAL_PERSON_ORGANIZATION ( #2719, #892, #3486 ) ;
#703 = CARTESIAN_POINT ( 'NONE',  ( 5.000000000000005329, 19.70304487559264928, -338.7229328805124737 ) ) ;
#704 = CARTESIAN_POINT ( 'NONE',  ( 0.8104981276365311738, -7.457634513970999635, -333.6293678986902478 ) ) ;
#705 = LINE ( 'NONE', #3496, #1398 ) ;
#706 = CARTESIAN_POINT ( 'NONE',  ( -5.000000000000005329, -27.64246599057346643, -352.9922958199715026 ) ) ;
#707 = CARTESIAN_POINT ( 'NONE',  ( 20.96851650091081964, -5.000000000000079048, -339.1156999729153654 ) ) ;
#708 = CARTESIAN_POINT ( 'NONE',  ( -28.54861166977359233, -4.999999999999706901, -346.0525470957490484 ) ) ;
#709 = CARTESIAN_POINT ( 'NONE',  ( 21.14486282628767100, -7.413305567014325325E-14, -339.2759833987219054 ) ) ;
#710 = CARTESIAN_POINT ( 'NONE',  ( 30.00000000000000711, -0.3271344438929733589, -258.3350428043144120 ) ) ;
#711 = VERTEX_POINT ( 'NONE', #3157 ) ;
#712 = EDGE_CURVE ( 'NONE', #2663, #1305, #64, .T. ) ;
#713 = DIRECTION ( 'NONE',  ( -0.9403769895200053686, 3.283308710386585166E-15, 0.3401339700489965368 ) ) ;
#714 = CARTESIAN_POINT ( 'NONE',  ( -2.167293075250906309, -7.180645425743598764, -337.2566439983738746 ) ) ;
#715 = CARTESIAN_POINT ( 'NONE',  ( 0.000000000000000000, 28.49011611213813566, -349.5327445574392300 ) ) ;
#716 = PERSON_AND_ORGANIZATION ( #15, #2917 ) ;
#717 = EDGE_LOOP ( 'NONE', ( #2608, #1388, #444 ) ) ;
#718 = CARTESIAN_POINT ( 'NONE',  ( 30.00000000000000711, -59.99999999999999289, -260.6429828396383073 ) ) ;
#719 = CARTESIAN_POINT ( 'NONE',  ( 5.000000000000005329, 16.63131480189348821, -338.4971743906191932 ) ) ;
#720 = EDGE_CURVE ( 'NONE', #1598, #2307, #2504, .T. ) ;
#721 = CARTESIAN_POINT ( 'NONE',  ( 0.1664231518548633937, -7.500000000000001776, -333.5000000000000000 ) ) ;
#722 = CARTESIAN_POINT ( 'NONE',  ( -21.84435603479228050, -5.441812098279116938, -305.5643765771614540 ) ) ;
#723 = CARTESIAN_POINT ( 'NONE',  ( -5.000000000000005329, -16.80894403190034936, -333.4978844596955128 ) ) ;
#724 = CARTESIAN_POINT ( 'NONE',  ( 25.77854879289000678, -9.000532205287182700E-14, -337.1129459021298089 ) ) ;
#725 = CARTESIAN_POINT ( 'NONE',  ( -21.54248251245790158, -4.999999999999779732, -339.7937097858272182 ) ) ;
#726 = CARTESIAN_POINT ( 'NONE',  ( 20.53366848166275105, 4.999999999999933387, -338.9121152687107497 ) ) ;
#727 = CARTESIAN_POINT ( 'NONE',  ( -25.77854879289000678, 2.700159661584654460E-13, -337.1129459021298089 ) ) ;
#728 = EDGE_LOOP ( 'NONE', ( #2027, #1115, #3572, #390, #1668, #463, #1936, #2289 ) ) ;
#729 = CARTESIAN_POINT ( 'NONE',  ( 28.54861166975248921, 4.999999999999906741, -346.0525470957490484 ) ) ;
#730 = DIRECTION ( 'NONE',  ( -0.000000000000000000, 1.000000000000000000, -0.000000000000000000 ) ) ;
#731 = CARTESIAN_POINT ( 'NONE',  ( 3.061616997868386592E-16, 20.53366848166273684, -338.9121152687107497 ) ) ;
#732 = PERSON_AND_ORGANIZATION ( #15, #2917 ) ;
#733 = ORIENTED_EDGE ( 'NONE', *, *, #694, .F. ) ;
#734 = EDGE_LOOP ( 'NONE', ( #1508, #1472, #3300, #3132 ) ) ;
#735 = CARTESIAN_POINT ( 'NONE',  ( -19.14206404499947567, 2.005024782001256808E-13, -333.6278838779329590 ) ) ;
#736 = FACE_OUTER_BOUND ( 'NONE', #1038, .T. ) ;
#737 = CARTESIAN_POINT ( 'NONE',  ( 0.000000000000000000, 23.10099649808227440, -334.5516039357306681 ) ) ;
#738 = CARTESIAN_POINT ( 'NONE',  ( 7.156588125926863775, 2.244476784350218690, -334.8866949690003025 ) ) ;
#739 = CARTESIAN_POINT ( 'NONE',  ( 0.000000000000000000, 0.000000000000000000, -340.0000000000000000 ) ) ;
#740 = ADVANCED_FACE ( 'NONE', ( #3399 ), #627, .T. ) ;
#741 = CARTESIAN_POINT ( 'NONE',  ( 0.000000000000000000, -28.23531764672898348, -351.3018813774303908 ) ) ;
#742 = CARTESIAN_POINT ( 'NONE',  ( 22.27970408794202584, -5.000000000000081712, -334.2073279480806605 ) ) ;
#743 = CARTESIAN_POINT ( 'NONE',  ( -15.00000000000000000, 1.571166602479409884E-13, -333.5000000000000000 ) ) ;
#744 = CARTESIAN_POINT ( 'NONE',  ( 2.998117059649971772, 22.30252679986624642, -300.0980950092076682 ) ) ;
#745 = ORIENTED_EDGE ( 'NONE', *, *, #3126, .F. ) ;
#746 = CARTESIAN_POINT ( 'NONE',  ( 25.77854879289000678, -9.000532205287182700E-14, -337.1129459021298089 ) ) ;
#747 = CARTESIAN_POINT ( 'NONE',  ( 30.00000000000001421, -0.3271344438929675302, -210.8350428043144120 ) ) ;
#748 = AXIS2_PLACEMENT_3D ( 'NONE', #1969, #563, #2824 ) ;
#749 = CARTESIAN_POINT ( 'NONE',  ( 5.000000000000005329, 18.65238951158535841, -338.6063043901583001 ) ) ;
#750 = EDGE_LOOP ( 'NONE', ( #2104, #2559, #2444, #217, #606, #409, #2228, #2650, #1993 ) ) ;
#751 = VERTEX_POINT ( 'NONE', #1753 ) ;
#752 = CIRCLE ( 'NONE', #2672, 17.50000000000000355 ) ;
#753 = DIRECTION ( 'NONE',  ( -1.000000000000000000, 1.047444401652940007E-14, 0.000000000000000000 ) ) ;
#754 = CARTESIAN_POINT ( 'NONE',  ( -5.000000000000005329, 16.63131480189348821, -338.4971743906191932 ) ) ;
#755 = CIRCLE ( 'NONE', #2330, 1.127285428411933355 ) ;
#756 = CONICAL_SURFACE ( 'NONE', #3604, 2.499999999999986677, 0.04471155042434143273 ) ;
#757 = CARTESIAN_POINT ( 'NONE',  ( -17.50000000000000355, 2.143131898507868643E-15, -330.0000000000000000 ) ) ;
#758 = CARTESIAN_POINT ( 'NONE',  ( -7.473263131806143100, 0.6529196377245306548, -333.5812002397093465 ) ) ;
#759 = EDGE_CURVE ( 'NONE', #1319, #241, #2437, .T. ) ;
#760 = CARTESIAN_POINT ( 'NONE',  ( 0.000000000000000000, -28.49011611213813566, -349.5327445574392300 ) ) ;
#761 = CARTESIAN_POINT ( 'NONE',  ( 15.72797534188300439, -5.000000000000060396, -333.4918484924627364 ) ) ;
#762 = CARTESIAN_POINT ( 'NONE',  ( -24.95112436346228790, -4.999999999999743316, -336.0136030578399868 ) ) ;
#763 = CARTESIAN_POINT ( 'NONE',  ( -27.64246599057346643, 2.895394626007218501E-13, -352.9922958199715595 ) ) ;
#764 = ADVANCED_FACE ( 'NONE', ( #41, #358 ), #1478, .F. ) ;
#765 = CARTESIAN_POINT ( 'NONE',  ( -16.80894403190034936, 1.760643432391578786E-13, -333.4978844596955128 ) ) ;
#766 = CYLINDRICAL_SURFACE ( 'NONE', #223, 47.49999999999998579 ) ;
#767 = CARTESIAN_POINT ( 'NONE',  ( 3.061616997868386592E-16, 18.65238951158536196, -338.6063043901583001 ) ) ;
#768 = CALENDAR_DATE ( 2026, 8, 5 ) ;
#769 = ORIENTED_EDGE ( 'NONE', *, *, #476, .T. ) ;
#770 = ORIENTED_EDGE ( 'NONE', *, *, #250, .F. ) ;
#771 = CARTESIAN_POINT ( 'NONE',  ( -24.95112436346223461, 2.613491552945799471E-13, -336.0136030578399868 ) ) ;
#772 = LINE ( 'NONE', #501, #1391 ) ;
#773 = CARTESIAN_POINT ( 'NONE',  ( 0.000000000000000000, 20.37346398396783442, -333.7390229158967259 ) ) ;
#774 = DIRECTION ( 'NONE',  ( 0.000000000000000000, 0.000000000000000000, 1.000000000000000000 ) ) ;
#775 = CARTESIAN_POINT ( 'NONE',  ( 1.462566477631145556, -22.45548836522796421, -300.3658216196932358 ) ) ;
#776 = CARTESIAN_POINT ( 'NONE',  ( -5.000000000000005329, -20.53366848166273684, -338.9121152687107497 ) ) ;
#777 = CARTESIAN_POINT ( 'NONE',  ( 22.94058104297341671, -8.040277231354678600E-14, -351.2916259697266241 ) ) ;
#778 = CARTESIAN_POINT ( 'NONE',  ( -19.14206404499857683, -4.999999999999805489, -333.6278838779330158 ) ) ;
#779 = CARTESIAN_POINT ( 'NONE',  ( -23.52621183349084433, 2.464239887709248972E-13, -334.7882220044681389 ) ) ;
#780 =( BOUNDED_SURFACE ( )  B_SPLINE_SURFACE ( 3, 3, ( 
 ( #3536, #3296, #765, #2495, #2768, #1331, #253, #1366, #3586, #1886, #1090, #1060, #820, #2995, #1111, #1185, #29, #1758, #68, #2786 ),
 ( #597, #2865, #342, #3385, #1128, #1683, #291, #3082, #362, #1405, #1440, #2547, #2842, #2315, #876, #1953, #911, #3366, #615, #3066 ),
 ( #1422, #562, #12, #2804, #323, #3419, #1203, #579, #2024, #1717, #893, #2260, #2569, #1701, #2007, #2823, #1146, #2517, #1166, #307 ),
 ( #3402, #3119, #1735, #1463, #2587, #3140, #2531, #1481, #2297, #1989, #633, #46, #2244, #86, #3349, #2280, #855, #1968, #3103, #1811 ),
 ( #453, #419, #2045, #2119, #3160, #1276, #435, #3500, #1556, #3177, #2921, #1573, #2372, #2642, #669, #1498, #179, #1538, #2098, #2077 ),
 ( #2354, #1792, #3229, #2677, #2659, #687, #1259, #1003, #2389, #1296, #2408, #652, #2897, #1775, #2882, #380, #103, #1223, #2335, #397 ),
 ( #1517, #2627, #1289, #735, #680, #3036, #2214, #2984, #207, #1046, #771, #1892, #3286, #3305, #261, #1501, #618, #107, #3443, #1017 ) ),
 .UNSPECIFIED., .T., .F., .F. ) 
 B_SPLINE_SURFACE_WITH_KNOTS ( ( 4, 3, 4 ),
 ( 4, 2, 2, 2, 2, 2, 2, 2, 2, 4 ),
 ( 0.000000000000000000, 0.5000000000000000000, 1.000000000000000000 ),
 ( 0.000000000000000000, 0.1601717819196981085, 0.3203435638393962170, 0.3703435638394153573, 0.4203435638394345530, 0.4928006183595052825, 0.5652576728795759564, 0.7101717819197173043, 0.8550858909598586521, 1.000000000000000000 ),
 .UNSPECIFIED. ) 
 GEOMETRIC_REPRESENTATION_ITEM ( )  RATIONAL_B_SPLINE_SURFACE ( (
 ( 1.000000000000000000, 1.000000000000000000, 1.000000000000000000, 1.000000000000000000, 1.000000000000000000, 1.000000000000000000, 1.000000000000000000, 1.000000000000000000, 1.000000000000000000, 1.000000000000000000, 1.000000000000000000, 1.000000000000000000, 1.000000000000000000, 1.000000000000000000, 1.000000000000000000, 1.000000000000000000, 1.000000000000000000, 1.000000000000000000, 1.000000000000000000, 1.000000000000000000),
 ( 0.3333333333333333703, 0.3333333333333333703, 0.3333333333333333703, 0.3333333333333333703, 0.3333333333333333703, 0.3333333333333333703, 0.3333333333333333703, 0.3333333333333333703, 0.3333333333333333703, 0.3333333333333333703, 0.3333333333333333703, 0.3333333333333333703, 0.3333333333333333703, 0.3333333333333333703, 0.3333333333333333703, 0.3333333333333333703, 0.3333333333333333703, 0.3333333333333333703, 0.3333333333333333703, 0.3333333333333333703),
 ( 0.3333333333333333703, 0.3333333333333333703, 0.3333333333333333703, 0.3333333333333333703, 0.3333333333333333703, 0.3333333333333333703, 0.3333333333333333703, 0.3333333333333333703, 0.3333333333333333703, 0.3333333333333333703, 0.3333333333333333703, 0.3333333333333333703, 0.3333333333333333703, 0.3333333333333333703, 0.3333333333333333703, 0.3333333333333333703, 0.3333333333333333703, 0.3333333333333333703, 0.3333333333333333703, 0.3333333333333333703),
 ( 1.000000000000000000, 1.000000000000000000, 1.000000000000000000, 1.000000000000000000, 1.000000000000000000, 1.000000000000000000, 1.000000000000000000, 1.000000000000000000, 1.000000000000000000, 1.000000000000000000, 1.000000000000000000, 1.000000000000000000, 1.000000000000000000, 1.000000000000000000, 1.000000000000000000, 1.000000000000000000, 1.000000000000000000, 1.000000000000000000, 1.000000000000000000, 1.000000000000000000),
 ( 0.3333333333333333703, 0.3333333333333333703, 0.3333333333333333703, 0.3333333333333333703, 0.3333333333333333703, 0.3333333333333333703, 0.3333333333333333703, 0.3333333333333333703, 0.3333333333333333703, 0.3333333333333333703, 0.3333333333333333703, 0.3333333333333333703, 0.3333333333333333703, 0.3333333333333333703, 0.3333333333333333703, 0.3333333333333333703, 0.3333333333333333703, 0.3333333333333333703, 0.3333333333333333703, 0.3333333333333333703),
 ( 0.3333333333333333703, 0.3333333333333333703, 0.3333333333333333703, 0.3333333333333333703, 0.3333333333333333703, 0.3333333333333333703, 0.3333333333333333703, 0.3333333333333333703, 0.3333333333333333703, 0.3333333333333333703, 0.3333333333333333703, 0.3333333333333333703, 0.3333333333333333703, 0.3333333333333333703, 0.3333333333333333703, 0.3333333333333333703, 0.3333333333333333703, 0.3333333333333333703, 0.3333333333333333703, 0.3333333333333333703),
 ( 1.000000000000000000, 1.000000000000000000, 1.000000000000000000, 1.000000000000000000, 1.000000000000000000, 1.000000000000000000, 1.000000000000000000, 1.000000000000000000, 1.000000000000000000, 1.000000000000000000, 1.000000000000000000, 1.000000000000000000, 1.000000000000000000, 1.000000000000000000, 1.000000000000000000, 1.000000000000000000, 1.000000000000000000, 1.000000000000000000, 1.000000000000000000, 1.000000000000000000) ) ) 
 REPRESENTATION_ITEM ( '' )  SURFACE ( )  );
#781 = ADVANCED_FACE ( 'NONE', ( #852 ), #2880, .T. ) ;
#782 = ORIENTED_EDGE ( 'NONE', *, *, #2080, .F. ) ;
#783 = CARTESIAN_POINT ( 'NONE',  ( -7.180418544657888980, -2.168049495262399429, -337.2553777020954158 ) ) ;
#784 = ADVANCED_FACE ( 'NONE', ( #1254 ), #3473, .T. ) ;
#785 = CARTESIAN_POINT ( 'NONE',  ( 5.000000000000005329, 28.23531764672898348, -351.3018813774303908 ) ) ;
#786 = VERTEX_POINT ( 'NONE', #3243 ) ;
#787 = VERTEX_POINT ( 'NONE', #3189 ) ;
#788 = CARTESIAN_POINT ( 'NONE',  ( -16.28083898756717574, -6.442447298423616076, -305.4426683764813788 ) ) ;
#789 = CARTESIAN_POINT ( 'NONE',  ( -5.000000000000005329, 23.38237633774817681, -345.0117091510177261 ) ) ;
#790 = CARTESIAN_POINT ( 'NONE',  ( -1.654177602938479152, 7.316252395172114120, -337.8814580999700183 ) ) ;
#791 = B_SPLINE_CURVE_WITH_KNOTS ( 'NONE', 3,
 ( #1746, #333, #1431, #2834, #1491, #3094, #2539, #58, #3356, #589, #316, #37, #2797, #2016, #1177, #1960, #2560, #2270, #644, #2597 ),
 .UNSPECIFIED., .F., .F.,
 ( 4, 2, 2, 2, 2, 2, 2, 2, 2, 4 ),
 ( 0.000000000000000000, 0.1601717819196981085, 0.3203435638393962170, 0.3703435638394153573, 0.4203435638394345530, 0.4928006183595052825, 0.5652576728795759564, 0.7101717819197173043, 0.8550858909598586521, 1.000000000000000000 ),
 .UNSPECIFIED. ) ;
#792 = CARTESIAN_POINT ( 'NONE',  ( 0.7203170308398634258, -22.49153622582194600, -300.3468233990997760 ) ) ;
#793 = CARTESIAN_POINT ( 'NONE',  ( 5.000000000000005329, -15.72797534188301860, -333.4918484924627364 ) ) ;
#794 = CARTESIAN_POINT ( 'NONE',  ( 19.70304487559265993, 4.999999999999936051, -338.7229328805124737 ) ) ;
#795 = DIRECTION ( 'NONE',  ( 0.000000000000000000, 0.000000000000000000, -1.000000000000000000 ) ) ;
#796 = CARTESIAN_POINT ( 'NONE',  ( -15.72797534188301682, 1.647417972118866115E-13, -333.4918484924627364 ) ) ;
#797 = VERTEX_POINT ( 'NONE', #3514 ) ;
#798 = DIRECTION ( 'NONE',  ( -1.000000000000000000, -0.000000000000000000, -0.000000000000000000 ) ) ;
#799 = ADVANCED_FACE ( 'NONE', ( #2934 ), #2678, .T. ) ;
#800 = CARTESIAN_POINT ( 'NONE',  ( 5.000000000000005329, 27.64246599057346643, -352.9922958199715026 ) ) ;
#801 = VERTEX_POINT ( 'NONE', #1495 ) ;
#802 = ORIENTED_EDGE ( 'NONE', *, *, #1822, .F. ) ;
#803 = ADVANCED_FACE ( 'NONE', ( #154, #1826 ), #432, .T. ) ;
#805 = AXIS2_PLACEMENT_3D ( 'NONE', #2088, #2930, #1268 ) ;
#804 = CARTESIAN_POINT ( 'NONE',  ( -5.000000000000005329, -24.48787753505513010, -335.5118404682566506 ) ) ;
#806 = CARTESIAN_POINT ( 'NONE',  ( -17.49694210585435528, -0.3271344438929733589, -305.8350428043144120 ) ) ;
#807 = CARTESIAN_POINT ( 'NONE',  ( -5.000000000000005329, 27.12167573721353619, -339.6567022317279907 ) ) ;
#808 = AXIS2_PLACEMENT_3D ( 'NONE', #3465, #2611, #93 ) ;
#809 = ORIENTED_EDGE ( 'NONE', *, *, #1433, .F. ) ;
#810 = CARTESIAN_POINT ( 'NONE',  ( -0.3299208099836808961, 7.494468375892823886, -338.4835414589371680 ) ) ;
#811 = CARTESIAN_POINT ( 'NONE',  ( -16.77771963117465504, -15.00928699802465793, -303.5126892687428608 ) ) ;
#812 = CIRCLE ( 'NONE', #1160, 7.500000000000000000 ) ;
#813 = VECTOR ( 'NONE', #2404, 1000.000000000000000 ) ;
#814 = CARTESIAN_POINT ( 'NONE',  ( -5.000000000000005329, -21.14486282628767100, -339.2759833987219054 ) ) ;
#815 = CARTESIAN_POINT ( 'NONE',  ( 15.64014409436187414, 4.999999999999949374, -338.4918484924057793 ) ) ;
#816 = CARTESIAN_POINT ( 'NONE',  ( 23.38237633776832425, 4.999999999999923617, -345.0117091510177261 ) ) ;
#817 = DIRECTION ( 'NONE',  ( 0.000000000000000000, -0.3401339700489968698, 0.9403769895200053686 ) ) ;
#818 = VECTOR ( 'NONE', #2987, 1000.000000000000000 ) ;
#819 = CARTESIAN_POINT ( 'NONE',  ( 3.061616997868386592E-16, 20.53366848166273684, -338.9121152687107497 ) ) ;
#820 = CARTESIAN_POINT ( 'NONE',  ( -26.14080198592635185, 2.738103669485490906E-13, -337.7142433841773936 ) ) ;
#821 = CARTESIAN_POINT ( 'NONE',  ( 15.00000000000000000, -5.237222008264700033E-14, -336.0000000000000000 ) ) ;
#822 = CARTESIAN_POINT ( 'NONE',  ( -5.000000000000005329, 24.95112436346223461, -336.0136030578399868 ) ) ;
#823 = ORIENTED_EDGE ( 'NONE', *, *, #1841, .T. ) ;
#824 = ORIENTED_EDGE ( 'NONE', *, *, #3528, .T. ) ;
#825 = EDGE_CURVE ( 'NONE', #2087, #2846, #1843, .T. ) ;
#826 = CARTESIAN_POINT ( 'NONE',  ( 0.000000000000000000, -20.37346398396783442, -333.7390229158967259 ) ) ;
#827 = DIRECTION ( 'NONE',  ( 0.000000000000000000, -0.3401339700489968698, 0.9403769895200053686 ) ) ;
#828 = CARTESIAN_POINT ( 'NONE',  ( -5.000000000000005329, 15.64014409436185638, -338.4918484924057793 ) ) ;
#829 = CARTESIAN_POINT ( 'NONE',  ( -17.50000000000000355, 2.344143960054132761E-15, -305.8339162968049436 ) ) ;
#830 = DIRECTION ( 'NONE',  ( 0.000000000000000000, 0.000000000000000000, -1.000000000000000000 ) ) ;
#831 = EDGE_CURVE ( 'NONE', #1928, #1853, #2623, .T. ) ;
#832 = CARTESIAN_POINT ( 'NONE',  ( 5.000000000000005329, -24.95112436346223461, -336.0136030578399868 ) ) ;
#833 = CARTESIAN_POINT ( 'NONE',  ( 23.31181146319045183, 4.999999999999923617, -350.2139333800129748 ) ) ;
#834 = CARTESIAN_POINT ( 'NONE',  ( -7.156256150659543458, 2.245516153855756869, -337.1109988959114503 ) ) ;
#835 = DIRECTION ( 'NONE',  ( -1.000000000000000000, 0.000000000000000000, -0.000000000000000000 ) ) ;
#836 = CARTESIAN_POINT ( 'NONE',  ( 24.95112436346223461, -5.000000000000092371, -336.0136030578399868 ) ) ;
#837 = CARTESIAN_POINT ( 'NONE',  ( -9.011857325148136866, 20.61968904707943295, -300.9672559117753394 ) ) ;
#838 = ORIENTED_EDGE ( 'NONE', *, *, #3295, .T. ) ;
#839 = CARTESIAN_POINT ( 'NONE',  ( 15.00000000000000000, -5.237222008264700033E-14, -336.0000000000000000 ) ) ;
#840 = CARTESIAN_POINT ( 'NONE',  ( -5.000000000000005329, 23.10099649808227440, -334.5516039357306681 ) ) ;
#841 = EDGE_LOOP ( 'NONE', ( #1614, #3525, #1007, #36 ) ) ;
#842 = CARTESIAN_POINT ( 'NONE',  ( -5.000000000000005329, -21.14486282628767100, -339.2759833987219054 ) ) ;
#843 = CARTESIAN_POINT ( 'NONE',  ( 2.274332332132566581, -17.36111681529018114, -302.6757356231451013 ) ) ;
#844 = CARTESIAN_POINT ( 'NONE',  ( 0.000000000000000000, 24.95112436346223461, -336.0136030578399868 ) ) ;
#845 = CARTESIAN_POINT ( 'NONE',  ( -30.00000000000000355, -0.3271344438929733589, -258.3350428043144120 ) ) ;
#846 = B_SPLINE_CURVE_WITH_KNOTS ( 'NONE', 3,
 ( #1987, #2750, #3100, #2227, #1088, #819, #2492, #595, #2005, #3383, #3333, #1716, #289, #322, #1438, #560, #1682, #2784, #1404, #1163 ),
 .UNSPECIFIED., .F., .F.,
 ( 4, 2, 2, 2, 2, 2, 2, 2, 2, 4 ),
 ( 0.000000000000000000, 0.1601717819196981085, 0.3203435638393962170, 0.3703435638394153573, 0.4203435638394345530, 0.4928006183595052825, 0.5652576728795759564, 0.7101717819197173043, 0.8550858909598586521, 1.000000000000000000 ),
 .UNSPECIFIED. ) ;
#847 = DIRECTION ( 'NONE',  ( 1.000000000000000000, 0.000000000000000000, 0.000000000000000000 ) ) ;
#848 = APPROVAL ( #2399, 'UNSPECIFIED' ) ;
#849 = CARTESIAN_POINT ( 'NONE',  ( -3.061616997868386592E-16, -21.14486282628767100, -339.2759833987219054 ) ) ;
#850 = CARTESIAN_POINT ( 'NONE',  ( 22.27970408794388391, 4.999999999999928946, -334.2073279480806605 ) ) ;
#851 = ADVANCED_FACE ( 'NONE', ( #394, #1567 ), #2914, .T. ) ;
#852 = FACE_OUTER_BOUND ( 'NONE', #1977, .T. ) ;
#853 = CARTESIAN_POINT ( 'NONE',  ( -19.70304487559264572, 2.066846022044879188E-13, -338.7229328805124737 ) ) ;
#854 = CARTESIAN_POINT ( 'NONE',  ( -19.06909851640273601, 11.96432502825243560, -304.2214291301222602 ) ) ;
#855 = CARTESIAN_POINT ( 'NONE',  ( -23.53851726284230850, 2.468590430004999204E-13, -346.3552519128185168 ) ) ;
#856 = CARTESIAN_POINT ( 'NONE',  ( -22.49900938053617239, -0.2180590379620553076, -305.8349488598375387 ) ) ;
#857 = CARTESIAN_POINT ( 'NONE',  ( 0.000000000000000000, 15.72797534188301682, -333.4918484924627364 ) ) ;
#858 = ORIENTED_EDGE ( 'NONE', *, *, #2477, .F. ) ;
#859 = CARTESIAN_POINT ( 'NONE',  ( -5.000000000000005329, -27.64246599057346643, -352.9922958199715026 ) ) ;
#860 = CARTESIAN_POINT ( 'NONE',  ( 4.514162579006545606, -16.94593487885835970, -302.8335959775425863 ) ) ;
#861 = CARTESIAN_POINT ( 'NONE',  ( 15.00000000000000000, -5.237222008264700033E-14, -336.0000000000000000 ) ) ;
#862 = ORIENTED_EDGE ( 'NONE', *, *, #2746, .T. ) ;
#863 = AXIS2_PLACEMENT_3D ( 'NONE', #1219, #2073, #2331 ) ;
#864 = CARTESIAN_POINT ( 'NONE',  ( 26.14080198592635185, -9.127012231626220238E-14, -337.7142433841773936 ) ) ;
#865 = DIRECTION ( 'NONE',  ( 3.491481338843133355E-15, 1.000000000000000000, 0.000000000000000000 ) ) ;
#866 = CARTESIAN_POINT ( 'NONE',  ( 5.000000000000005329, -21.14486282628767100, -339.2759833987219054 ) ) ;
#867 = FACE_OUTER_BOUND ( 'NONE', #3317, .T. ) ;
#868 = EDGE_CURVE ( 'NONE', #3086, #2776, #2446, .T. ) ;
#869 = CIRCLE ( 'NONE', #2911, 7.500000000000000000 ) ;
#870 = DIRECTION ( 'NONE',  ( 0.000000000000000000, 0.000000000000000000, -1.000000000000000000 ) ) ;
#871 = DIRECTION ( 'NONE',  ( 0.000000000000000000, 0.000000000000000000, 1.000000000000000000 ) ) ;
#872 = CARTESIAN_POINT ( 'NONE',  ( 25.29152351677342025, -8.830488238972664987E-14, -352.1419608948490918 ) ) ;
#873 = CIRCLE ( 'NONE', #230, 1.127285428411933355 ) ;
#874 = VECTOR ( 'NONE', #1453, 1000.000000000000000 ) ;
#875 = CARTESIAN_POINT ( 'NONE',  ( -16.90833251082358046, 4.548680522154927353, -305.5873912915794790 ) ) ;
#876 = CARTESIAN_POINT ( 'NONE',  ( -27.63585913147464979, 5.000000000000295763, -341.1395218688211344 ) ) ;
#877 = DIRECTION ( 'NONE',  ( 0.000000000000000000, 0.000000000000000000, 1.000000000000000000 ) ) ;
#878 = CARTESIAN_POINT ( 'NONE',  ( 0.000000000000000000, 25.77854879289000678, -337.1129459021298089 ) ) ;
#879 = ORIENTED_EDGE ( 'NONE', *, *, #3042, .F. ) ;
#880 = CARTESIAN_POINT ( 'NONE',  ( 0.000000000000000000, -21.88892678961155980, -334.0963682416403913 ) ) ;
#881 = CARTESIAN_POINT ( 'NONE',  ( 13.78360818636181406, -10.84071031167624355, -304.6665190448877638 ) ) ;
#882 = CARTESIAN_POINT ( 'NONE',  ( -40.00000000000000000, 0.000000000000000000, 50.00000000000000000 ) ) ;
#883 = CARTESIAN_POINT ( 'NONE',  ( 7.500000000000000000, 0.000000000000000000, -330.0000000000000000 ) ) ;
#884 = ORIENTED_EDGE ( 'NONE', *, *, #3263, .T. ) ;
#885 = CARTESIAN_POINT ( 'NONE',  ( 27.12167573721353619, -9.469482471462222858E-14, -339.6567022317279907 ) ) ;
#886 = CARTESIAN_POINT ( 'NONE',  ( -30.00000000000000355, -0.3271344438929733589, -258.3350428043144120 ) ) ;
#887 = CYLINDRICAL_SURFACE ( 'NONE', #580, 2.500000000000002220 ) ;
#888 = PLANE ( 'NONE',  #2451 ) ;
#889 = FACE_OUTER_BOUND ( 'NONE', #3056, .T. ) ;
#890 = CARTESIAN_POINT ( 'NONE',  ( 0.000000000000000000, 28.49011611213813566, -349.5327445574392300 ) ) ;
#891 = CARTESIAN_POINT ( 'NONE',  ( -22.46186765358547888, 1.511057769619684965, -305.8054101374248717 ) ) ;
#892 = APPROVAL ( #3270, 'UNSPECIFIED' ) ;
#893 = CARTESIAN_POINT ( 'NONE',  ( -21.14486282628761415, 5.000000000000227374, -339.2759833987219054 ) ) ;
#894 = CARTESIAN_POINT ( 'NONE',  ( -26.14080198592635185, 2.738103669485490906E-13, -337.7142433841773936 ) ) ;
#895 = CARTESIAN_POINT ( 'NONE',  ( 0.000000000000000000, 28.23531764672898348, -351.3018813774303908 ) ) ;
#896 = ORIENTED_EDGE ( 'NONE', *, *, #186, .F. ) ;
#897 = CARTESIAN_POINT ( 'NONE',  ( 0.000000000000000000, -16.80894403190034936, -333.4978844596955128 ) ) ;
#898 = EDGE_CURVE ( 'NONE', #1094, #2613, #3088, .T. ) ;
#899 = CARTESIAN_POINT ( 'NONE',  ( 1.129194921834880683, -17.47300441995129106, -302.6325905676733896 ) ) ;
#900 = DIRECTION ( 'NONE',  ( -1.000000000000000000, 0.000000000000000000, 0.000000000000000000 ) ) ;
#901 = CARTESIAN_POINT ( 'NONE',  ( 23.38237633772796897, -5.000000000000087041, -345.0117091510177261 ) ) ;
#902 = CARTESIAN_POINT ( 'NONE',  ( 0.000000000000000000, 19.14206404499947567, -333.6278838779329590 ) ) ;
#903 = ORIENTED_EDGE ( 'NONE', *, *, #1575, .F. ) ;
#904 = DIRECTION ( 'NONE',  ( 2.921639538487254754E-16, 0.000000000000000000, 1.000000000000000000 ) ) ;
#905 = CARTESIAN_POINT ( 'NONE',  ( 15.64014409436185638, -5.491343294209275337E-14, -338.4918484924057793 ) ) ;
#906 = DIRECTION ( 'NONE',  ( -0.000000000000000000, -1.000000000000000000, -0.000000000000000000 ) ) ;
#907 = CYLINDRICAL_SURFACE ( 'NONE', #3246, 50.77142783045179897 ) ;
#908 = CARTESIAN_POINT ( 'NONE',  ( 7.076811717974781146, 2.483928682732080340, -336.3275453600077185 ) ) ;
#909 = CARTESIAN_POINT ( 'NONE',  ( 5.000000000000005329, 20.82815769973551667, -339.0188788894475920 ) ) ;
#910 = CARTESIAN_POINT ( 'NONE',  ( -15.91591124164889948, 1.668483739218653527E-13, -381.3771927453105945 ) ) ;
#911 = CARTESIAN_POINT ( 'NONE',  ( -28.54861166973126174, 5.000000000000303757, -346.0525470957490484 ) ) ;
#912 = CARTESIAN_POINT ( 'NONE',  ( -15.64014409436185638, 1.641279754266497743E-13, -338.4918484924057793 ) ) ;
#913 = CARTESIAN_POINT ( 'NONE',  ( 28.54861166975242881, -9.967694489429986979E-14, -346.0525470957490484 ) ) ;
#914 = ORIENTED_EDGE ( 'NONE', *, *, #2858, .T. ) ;
#915 = ADVANCED_FACE ( 'NONE', ( #2671 ), #700, .T. ) ;
#916 = CARTESIAN_POINT ( 'NONE',  ( 5.000000000000005329, -20.65287768296374438, -338.9495670264251430 ) ) ;
#917 = DIRECTION ( 'NONE',  ( 1.000000000000000000, 0.000000000000000000, -0.000000000000000000 ) ) ;
#918 = CARTESIAN_POINT ( 'NONE',  ( 0.000000000000000000, 27.63585913147470308, -341.1395218688211344 ) ) ;
#919 = CARTESIAN_POINT ( 'NONE',  ( 29.99999999999996447, -50.05156991562089530, -248.0774406985227358 ) ) ;
#920 = EDGE_CURVE ( 'NONE', #72, #994, #1551, .T. ) ;
#921 = ORIENTED_EDGE ( 'NONE', *, *, #495, .T. ) ;
#922 = CARTESIAN_POINT ( 'NONE',  ( 21.88892678961153493, -5.000000000000080824, -334.0963682416404481 ) ) ;
#923 = CARTESIAN_POINT ( 'NONE',  ( 1.998907662368416105, 7.232619303666526278, -334.4634571761574193 ) ) ;
#924 = CARTESIAN_POINT ( 'NONE',  ( 0.000000000000000000, -20.37346398396783442, -333.7390229158967259 ) ) ;
#925 = FACE_OUTER_BOUND ( 'NONE', #750, .T. ) ;
#926 = CARTESIAN_POINT ( 'NONE',  ( 22.49841430168256196, -0.2726271808769553662, -305.8350428043144689 ) ) ;
#927 = VECTOR ( 'NONE', #2787, 1000.000000000000000 ) ;
#928 = DIRECTION ( 'NONE',  ( 1.000000000000000000, 0.000000000000000000, 0.000000000000000000 ) ) ;
#929 = AXIS2_PLACEMENT_3D ( 'NONE', #1368, #1702, #1091 ) ;
#930 = CARTESIAN_POINT ( 'NONE',  ( -21.14486282628761415, 5.000000000000227374, -339.2759833987219054 ) ) ;
#931 = AXIS2_PLACEMENT_3D ( 'NONE', #1794, #1500, #671 ) ;
#932 = DIRECTION ( 'NONE',  ( -0.3401339700489968698, 3.562714227398105491E-15, 0.9403769895200053686 ) ) ;
#933 = ORIENTED_EDGE ( 'NONE', *, *, #2968, .T. ) ;
#934 = VECTOR ( 'NONE', #2692, 1000.000000000000227 ) ;
#935 = CARTESIAN_POINT ( 'NONE',  ( 5.000000000000005329, -22.82280726805832316, -342.5446931419174916 ) ) ;
#936 = DIRECTION ( 'NONE',  ( 0.000000000000000000, 1.000000000000000000, 0.000000000000000000 ) ) ;
#937 = CARTESIAN_POINT ( 'NONE',  ( 0.000000000000000000, 23.52621183349084433, -334.7882220044681389 ) ) ;
#938 = CARTESIAN_POINT ( 'NONE',  ( 0.000000000000000000, 27.12167573721353619, -339.6567022317279907 ) ) ;
#939 = EDGE_CURVE ( 'NONE', #1817, #655, #705, .T. ) ;
#940 = ORIENTED_EDGE ( 'NONE', *, *, #3504, .F. ) ;
#941 = DIRECTION ( 'NONE',  ( -0.000000000000000000, 1.000000000000000000, -0.000000000000000000 ) ) ;
#942 = B_SPLINE_CURVE_WITH_KNOTS ( 'NONE', 3,
 ( #3195, #690, #1816, #1483, #2356, #2644, #1831, #105, #637, #3461, #1522, #3405, #2899, #2337, #2923, #3142, #913, #2607, #1206, #951 ),
 .UNSPECIFIED., .F., .F.,
 ( 4, 2, 2, 2, 2, 2, 2, 2, 2, 4 ),
 ( 0.000000000000000000, 0.1601717819196981085, 0.3203435638393962170, 0.3703435638394153573, 0.4203435638394345530, 0.4928006183595052825, 0.5652576728795759564, 0.7101717819197173043, 0.8550858909598586521, 1.000000000000000000 ),
 .UNSPECIFIED. ) ;
#943 = CARTESIAN_POINT ( 'NONE',  ( 0.000000000000000000, -28.54861166975242881, -346.0525470957490484 ) ) ;
#944 = CARTESIAN_POINT ( 'NONE',  ( 28.54861166975242881, -9.967694489429986979E-14, -346.0525470957490484 ) ) ;
#945 = DIRECTION ( 'NONE',  ( -3.469446951953611822E-15, -1.000000000000000000, 0.000000000000000000 ) ) ;
#946 = EDGE_CURVE ( 'NONE', #3048, #1598, #248, .T. ) ;
#947 = CARTESIAN_POINT ( 'NONE',  ( 27.64246599057346643, -5.000000000000101252, -352.9922958199715595 ) ) ;
#948 = CARTESIAN_POINT ( 'NONE',  ( -40.00000000000000000, 49.39730102783496335, -248.0774406985227358 ) ) ;
#949 = CARTESIAN_POINT ( 'NONE',  ( -16.57238883507448080, 5.651383112858653135, -305.4605702493063291 ) ) ;
#950 = CARTESIAN_POINT ( 'NONE',  ( -18.65238951158531577, 5.000000000000200728, -338.6063043901583001 ) ) ;
#951 = CARTESIAN_POINT ( 'NONE',  ( 27.64246599057346643, -9.651315412777839935E-14, -352.9922958199715595 ) ) ;
#952 = EDGE_LOOP ( 'NONE', ( #1425, #1245, #2248, #1353 ) ) ;
#953 = CARTESIAN_POINT ( 'NONE',  ( 5.000000000000005329, -21.14486282628767100, -339.2759833987219054 ) ) ;
#954 = CARTESIAN_POINT ( 'NONE',  ( -2.182932671744306941, -7.176494429067424186, -334.7388019029747284 ) ) ;
#955 = CARTESIAN_POINT ( 'NONE',  ( 14.85583796414910829, -5.186888102470397784E-14, -380.9937646771664390 ) ) ;
#956 = CARTESIAN_POINT ( 'NONE',  ( 0.000000000000000000, 27.64246599057346643, -352.9922958199715595 ) ) ;
#957 = ORIENTED_EDGE ( 'NONE', *, *, #2493, .F. ) ;
#958 = ORIENTED_EDGE ( 'NONE', *, *, #1865, .F. ) ;
#959 = FACE_BOUND ( 'NONE', #1673, .T. ) ;
#960 = FACE_OUTER_BOUND ( 'NONE', #2195, .T. ) ;
#961 = DIRECTION ( 'NONE',  ( -0.000000000000000000, -0.000000000000000000, 1.000000000000000000 ) ) ;
#962 = CARTESIAN_POINT ( 'NONE',  ( 0.000000000000000000, -24.48787753505513010, -335.5118404682566506 ) ) ;
#963 = CARTESIAN_POINT ( 'NONE',  ( 23.53851726284230850, -5.000000000000087930, -346.3552519128185168 ) ) ;
#964 = EDGE_CURVE ( 'NONE', #1443, #711, #2639, .T. ) ;
#965 = CARTESIAN_POINT ( 'NONE',  ( -20.96851650090802721, 2.199397138982489171E-13, -339.1156999729153654 ) ) ;
#966 = FACE_BOUND ( 'NONE', #2264, .T. ) ;
#967 = ORIENTED_EDGE ( 'NONE', *, *, #3507, .F. ) ;
#968 = CARTESIAN_POINT ( 'NONE',  ( 5.000000000000005329, -15.64014409436185638, -338.4918484924057793 ) ) ;
#969 = DIRECTION ( 'NONE',  ( -3.606644305863883730E-15, -1.000000000000000000, 4.165439777017853035E-17 ) ) ;
#970 = DIRECTION ( 'NONE',  ( -0.3401339700489858231, 1.187571409132662650E-15, -0.9403769895200092543 ) ) ;
#971 = ORIENTED_EDGE ( 'NONE', *, *, #3412, .F. ) ;
#972 = EDGE_LOOP ( 'NONE', ( #32, #2478, #1778, #3610 ) ) ;
#973 = CARTESIAN_POINT ( 'NONE',  ( -29.99999999999998579, -0.3271344438929675302, -210.8350428043144120 ) ) ;
#974 = CARTESIAN_POINT ( 'NONE',  ( 3.061616997868386592E-16, 18.65238951158536196, -338.6063043901583001 ) ) ;
#975 = CARTESIAN_POINT ( 'NONE',  ( 2.419001142806580074, -7.099267053858230980, -336.6520775784059651 ) ) ;
#976 = DIRECTION ( 'NONE',  ( 0.000000000000000000, -0.9403769895200053686, 0.3401339700489965368 ) ) ;
#977 = DIRECTION ( 'NONE',  ( -0.000000000000000000, 1.000000000000000000, -0.000000000000000000 ) ) ;
#978 = CARTESIAN_POINT ( 'NONE',  ( -7.267780541174505338, 15.92969551798553063, -302.9670989927644769 ) ) ;
#979 = ADVANCED_FACE ( 'NONE', ( #2816 ), #2561, .T. ) ;
#980 = CARTESIAN_POINT ( 'NONE',  ( 24.95112436346223461, -5.000000000000092371, -336.0136030578399868 ) ) ;
#981 = VECTOR ( 'NONE', #2985, 1000.000000000000000 ) ;
#982 = CARTESIAN_POINT ( 'NONE',  ( -15.72797534188301682, 1.647417972118866115E-13, -333.4918484924627364 ) ) ;
#983 = CARTESIAN_POINT ( 'NONE',  ( 20.96851650090802721, -7.351734576594092739E-14, -339.1156999729153654 ) ) ;
#984 = CYLINDRICAL_SURFACE ( 'NONE', #290, 17.50000000000000355 ) ;
#985 = CIRCLE ( 'NONE', #3025, 1.127285428411933355 ) ;
#986 = EDGE_LOOP ( 'NONE', ( #3334, #3284, #1908, #2645, #1266 ) ) ;
#988 = CARTESIAN_POINT ( 'NONE',  ( 22.27970408794294954, -7.778917105800198260E-14, -334.2073279480806036 ) ) ;
#987 = AXIS2_PLACEMENT_3D ( 'NONE', #364, #2299, #2884 ) ;
#989 = CARTESIAN_POINT ( 'NONE',  ( 0.000000000000000000, -14.44486462097342994, -382.1299930732095049 ) ) ;
#990 = EDGE_CURVE ( 'NONE', #545, #2962, #1641, .T. ) ;
#991 = CARTESIAN_POINT ( 'NONE',  ( -40.00000000000000000, -41.25000000000000000, -28.25663638864329030 ) ) ;
#992 = MECHANICAL_CONTEXT ( 'NONE', #2223, 'mechanical' ) ;
#993 = SECURITY_CLASSIFICATION ( '', '', #2085 ) ;
#994 = VERTEX_POINT ( 'NONE', #301 ) ;
#995 = VECTOR ( 'NONE', #870, 1000.000000000000000 ) ;
#996 = DIRECTION ( 'NONE',  ( 1.000000000000000000, -0.000000000000000000, -1.431777657695698783E-16 ) ) ;
#997 = CARTESIAN_POINT ( 'NONE',  ( 5.000000000000005329, 27.63585913147470308, -341.1395218688211344 ) ) ;
#998 = CARTESIAN_POINT ( 'NONE',  ( 2.499980358615591758, -7.071074756143469919, -335.8349646065884713 ) ) ;
#999 = DIRECTION ( 'NONE',  ( -1.000000000000000000, 0.000000000000000000, -0.000000000000000000 ) ) ;
#1000 = CARTESIAN_POINT ( 'NONE',  ( 0.000000000000000000, -22.27970408794294954, -334.2073279480806036 ) ) ;
#1001 = CARTESIAN_POINT ( 'NONE',  ( -4.006772206815378823, 17.04492470379124214, -302.5445042243802050 ) ) ;
#1002 = CARTESIAN_POINT ( 'NONE',  ( 23.52621183349084433, -8.214132959029918616E-14, -334.7882220044681389 ) ) ;
#1003 = CARTESIAN_POINT ( 'NONE',  ( -23.10099649808233124, -4.999999999999764633, -334.5516039357306681 ) ) ;
#1004 = CARTESIAN_POINT ( 'NONE',  ( -23.31181146317011610, -4.999999999999761968, -350.2139333800129748 ) ) ;
#1005 = CARTESIAN_POINT ( 'NONE',  ( 23.50391484076516946, -8.236964175657303200E-14, -348.9578767150717908 ) ) ;
#1006 = CARTESIAN_POINT ( 'NONE',  ( 7.334170523931017094, 21.32139759710063487, -300.6196554216705863 ) ) ;
#1007 = ORIENTED_EDGE ( 'NONE', *, *, #23, .F. ) ;
#1008 = CARTESIAN_POINT ( 'NONE',  ( 19.14206404499854841, 4.999999999999938716, -333.6278838779330158 ) ) ;
#1009 = CARTESIAN_POINT ( 'NONE',  ( -7.344252691651689702, -1.538683234910398712, -337.9968651602450791 ) ) ;
#1010 = CARTESIAN_POINT ( 'NONE',  ( 5.000000000000005329, 22.41613585559580457, -341.4191863349708456 ) ) ;
#1011 = ORIENTED_EDGE ( 'NONE', *, *, #3151, .F. ) ;
#1012 = CARTESIAN_POINT ( 'NONE',  ( -5.603729815113901225, -16.58825792100541463, -302.9652618671168511 ) ) ;
#1013 = CARTESIAN_POINT ( 'NONE',  ( 5.000000000000005329, 22.82280726805832316, -342.5446931419174916 ) ) ;
#1014 = CARTESIAN_POINT ( 'NONE',  ( 7.261061528099361340, 1.881756881172836904, -334.3460807492731419 ) ) ;
#1015 = CARTESIAN_POINT ( 'NONE',  ( 0.000000000000000000, 0.000000000000000000, -330.0000000000000000 ) ) ;
#1016 = CARTESIAN_POINT ( 'NONE',  ( 0.000000000000000000, -25.77854879289000678, -337.1129459021298089 ) ) ;
#1017 = CARTESIAN_POINT ( 'NONE',  ( -27.64246599057346288, 2.895394624970797141E-13, -352.9922958199715026 ) ) ;
#1018 = CARTESIAN_POINT ( 'NONE',  ( 26.14080198593469362, -5.000000000000096811, -337.7142433841773936 ) ) ;
#1019 = CARTESIAN_POINT ( 'NONE',  ( -16.80894403190134057, -4.999999999999829470, -333.4978844596955128 ) ) ;
#1020 = CARTESIAN_POINT ( 'NONE',  ( 21.54248251245784829, -7.552133738441212931E-14, -339.7937097858272182 ) ) ;
#1021 = CARTESIAN_POINT ( 'NONE',  ( 16.40695533485419944, 15.41393908641953381, -303.1543110261840184 ) ) ;
#1022 = ORIENTED_EDGE ( 'NONE', *, *, #1504, .T. ) ;
#1023 = CARTESIAN_POINT ( 'NONE',  ( -7.344623067780242209, 1.537183990014827195, -337.9984170332841131 ) ) ;
#1024 = LINE ( 'NONE', #163, #1333 ) ;
#1025 = CARTESIAN_POINT ( 'NONE',  ( 3.061616997868386592E-16, 20.79747242897318316, -339.0045997728646512 ) ) ;
#1026 = APPROVAL_STATUS ( 'not_yet_approved' ) ;
#1027 = VERTEX_POINT ( 'NONE', #2000 ) ;
#1028 = ORIENTED_EDGE ( 'NONE', *, *, #1323, .T. ) ;
#1029 = EDGE_CURVE ( 'NONE', #1744, #2375, #1582, .T. ) ;
#1030 = DIRECTION ( 'NONE',  ( -0.000000000000000000, -0.000000000000000000, 1.000000000000000000 ) ) ;
#1031 = CARTESIAN_POINT ( 'NONE',  ( 3.061616997868386592E-16, 20.82815769973551667, -339.0188788894475920 ) ) ;
#1032 = CARTESIAN_POINT ( 'NONE',  ( 7.077007995636048321, 2.483369516758898499, -335.6686920704329395 ) ) ;
#1033 = CARTESIAN_POINT ( 'NONE',  ( -7.260409449201765675, 1.884262230546081440, -334.3489323483711928 ) ) ;
#1034 = CARTESIAN_POINT ( 'NONE',  ( -4.958815624046996351E-18, 14.80398776736175570, -381.0180695989224091 ) ) ;
#1035 = CARTESIAN_POINT ( 'NONE',  ( 24.48787753505513010, -8.549896744152797769E-14, -335.5118404682566506 ) ) ;
#1036 = CARTESIAN_POINT ( 'NONE',  ( -21.88892678961060767, -4.999999999999776179, -334.0963682416404481 ) ) ;
#1037 = CARTESIAN_POINT ( 'NONE',  ( -4.067347669903711882, 22.13249277903564405, -300.1898174993481234 ) ) ;
#1038 = EDGE_LOOP ( 'NONE', ( #2929, #2481, #957 ) ) ;
#1039 = CARTESIAN_POINT ( 'NONE',  ( -40.00000000000000000, 436.3341691450922326, -168.2566363886433010 ) ) ;
#1040 = AXIS2_PLACEMENT_3D ( 'NONE', #1718, #1918, #1666 ) ;
#1041 = CARTESIAN_POINT ( 'NONE',  ( 3.061616997868386592E-16, 20.65287768296374438, -338.9495670264251430 ) ) ;
#1042 = APPROVAL_ROLE ( '' ) ;
#1043 = ORIENTED_EDGE ( 'NONE', *, *, #2660, .T. ) ;
#1044 = VERTEX_POINT ( 'NONE', #2511 ) ;
#1045 = VECTOR ( 'NONE', #604, 1000.000000000000000 ) ;
#1046 = CARTESIAN_POINT ( 'NONE',  ( -24.48787753505513010, 2.564969023245435686E-13, -335.5118404682566506 ) ) ;
#1047 = LINE ( 'NONE', #3018, #981 ) ;
#1048 = CARTESIAN_POINT ( 'NONE',  ( -5.000000000000005329, 23.52621183349084788, -334.7882220044681389 ) ) ;
#1049 = EDGE_CURVE ( 'NONE', #1801, #3489, #3357, .T. ) ;
#1050 = AXIS2_PLACEMENT_3D ( 'NONE', #3118, #977, #614 ) ;
#1051 = AXIS2_PLACEMENT_3D ( 'NONE', #3173, #2348, #945 ) ;
#1052 = CARTESIAN_POINT ( 'NONE',  ( -17.49872771229949109, -0.2179481445251847394, -305.8349486049680195 ) ) ;
#1053 = AXIS2_PLACEMENT_3D ( 'NONE', #3449, #2066, #1175 ) ;
#1054 = CARTESIAN_POINT ( 'NONE',  ( -7.071067811865463959, 2.500000000000030198, -335.8360822704279940 ) ) ;
#1055 = DIRECTION ( 'NONE',  ( 0.000000000000000000, 0.000000000000000000, -1.000000000000000000 ) ) ;
#1056 = CARTESIAN_POINT ( 'NONE',  ( 28.23531764674938316, 4.999999999999906741, -351.3018813774304476 ) ) ;
#1057 = EDGE_CURVE ( 'NONE', #2357, #3249, #172, .T. ) ;
#1058 = CARTESIAN_POINT ( 'NONE',  ( -20.37346398396783442, 2.134007079229897861E-13, -333.7390229158967259 ) ) ;
#1059 = CARTESIAN_POINT ( 'NONE',  ( -23.10099649808227440, 2.419700945452174646E-13, -334.5516039357306681 ) ) ;
#1060 = CARTESIAN_POINT ( 'NONE',  ( -25.77854879289000678, 2.700159661584654460E-13, -337.1129459021298089 ) ) ;
#1061 = CARTESIAN_POINT ( 'NONE',  ( 14.99999999999999112, -2.500000000000054179, -336.0000000000000000 ) ) ;
#1062 = CARTESIAN_POINT ( 'NONE',  ( 5.000000000000005329, 28.35094872480814487, -344.3384610673687689 ) ) ;
#1063 = VERTEX_POINT ( 'NONE', #2253 ) ;
#1064 = VERTEX_POINT ( 'NONE', #1979 ) ;
#1065 = DIRECTION ( 'NONE',  ( 0.9403769895200053686, -9.849926131159757471E-15, 0.3401339700489969253 ) ) ;
#1066 = CARTESIAN_POINT ( 'NONE',  ( -5.000000000000005329, 23.50391484076517301, -348.9578767150717340 ) ) ;
#1067 = CARTESIAN_POINT ( 'NONE',  ( -1.527004492722136897, 7.344191526188765806, -334.0138746722058158 ) ) ;
#1068 = CARTESIAN_POINT ( 'NONE',  ( 3.679885405551188260, -22.20920355491566056, -300.4948719688978258 ) ) ;
#1069 = CARTESIAN_POINT ( 'NONE',  ( 5.000000000000005329, -20.79747242897318316, -339.0045997728645943 ) ) ;
#1070 = CARTESIAN_POINT ( 'NONE',  ( 19.70304487559264572, -6.909897520131613415E-14, -338.7229328805124737 ) ) ;
#1071 = EDGE_CURVE ( 'NONE', #3029, #1410, #51, .T. ) ;
#1072 = CARTESIAN_POINT ( 'NONE',  ( -28.54861166975242881, 2.990308346836484971E-13, -346.0525470957490484 ) ) ;
#1073 = CARTESIAN_POINT ( 'NONE',  ( -26.14080198592635185, 2.738103669485490906E-13, -337.7142433841773936 ) ) ;
#1074 = EDGE_CURVE ( 'NONE', #1027, #643, #625, .T. ) ;
#1075 = ORIENTED_EDGE ( 'NONE', *, *, #2653, .F. ) ;
#1076 = FACE_OUTER_BOUND ( 'NONE', #3451, .T. ) ;
#1077 = CARTESIAN_POINT ( 'NONE',  ( -5.000000000000005329, 15.64014409436185638, -338.4918484924057793 ) ) ;
#1078 = ORIENTED_EDGE ( 'NONE', *, *, #428, .T. ) ;
#1079 = VERTEX_POINT ( 'NONE', #2525 ) ;
#1080 = CARTESIAN_POINT ( 'NONE',  ( -8.677982498843791248, -15.20720177599813816, -303.4450256583465375 ) ) ;
#1081 = CARTESIAN_POINT ( 'NONE',  ( 3.061616997868386592E-16, 23.31181146317005926, -350.2139333800129180 ) ) ;
#1082 = CARTESIAN_POINT ( 'NONE',  ( -1.652002957196621269, 7.316755619695856083, -334.1165557796429653 ) ) ;
#1083 = CARTESIAN_POINT ( 'NONE',  ( 20.37558177543515114, -9.571429162927266532, -304.9317389319040785 ) ) ;
#1084 = CARTESIAN_POINT ( 'NONE',  ( -5.000000000000005329, -23.53851726284230850, -346.3552519128185168 ) ) ;
#1085 = CARTESIAN_POINT ( 'NONE',  ( 20.65287768296374438, -7.241529872325683095E-14, -338.9495670264251430 ) ) ;
#1086 = CARTESIAN_POINT ( 'NONE',  ( 23.52621183349084433, -8.214132959029918616E-14, -334.7882220044681389 ) ) ;
#1087 = DIRECTION ( 'NONE',  ( 1.000000000000000000, -3.491481338843133355E-15, 0.000000000000000000 ) ) ;
#1088 = CARTESIAN_POINT ( 'NONE',  ( 3.061616997868386592E-16, 19.70304487559264572, -338.7229328805124737 ) ) ;
#1089 = EDGE_CURVE ( 'NONE', #3034, #183, #1208, .T. ) ;
#1090 = CARTESIAN_POINT ( 'NONE',  ( -24.95112436346223461, 2.613491552945799471E-13, -336.0136030578399868 ) ) ;
#1091 = DIRECTION ( 'NONE',  ( -1.405046204492990287E-16, 0.000000000000000000, -1.000000000000000000 ) ) ;
#1092 = DIRECTION ( 'NONE',  ( 0.000000000000000000, 0.9403769895200101425, 0.3401339700489838247 ) ) ;
#1093 = ORIENTED_EDGE ( 'NONE', *, *, #2653, .T. ) ;
#1094 = VERTEX_POINT ( 'NONE', #1155 ) ;
#1096 = VECTOR ( 'NONE', #224, 1000.000000000000000 ) ;
#1095 = CARTESIAN_POINT ( 'NONE',  ( -5.000000000000005329, -28.23531764672898348, -351.3018813774303908 ) ) ;
#1097 = ADVANCED_FACE ( 'NONE', ( #3378 ), #2562, .T. ) ;
#1098 = DIRECTION ( 'NONE',  ( 0.000000000000000000, 0.000000000000000000, 1.000000000000000000 ) ) ;
#1099 = CARTESIAN_POINT ( 'NONE',  ( -5.000000000000005329, 20.65287768296374438, -338.9495670264251430 ) ) ;
#1100 = AXIS2_PLACEMENT_3D ( 'NONE', #2749, #3314, #1965 ) ;
#1101 = CARTESIAN_POINT ( 'NONE',  ( -1.256047432962906107, 7.395359662475304852, -338.1677004196170060 ) ) ;
#1102 = CARTESIAN_POINT ( 'NONE',  ( 7.233383595951973000, -21.31816638864731672, -300.9458749156594877 ) ) ;
#1103 = VECTOR ( 'NONE', #3435, 999.9999999999998863 ) ;
#1104 = VECTOR ( 'NONE', #1283, 999.9999999999998863 ) ;
#1105 = CARTESIAN_POINT ( 'NONE',  ( 5.000000000000005329, -23.52621183349084788, -334.7882220044681389 ) ) ;
#1106 = CIRCLE ( 'NONE', #1343, 50.77142783045179897 ) ;
#1107 = CARTESIAN_POINT ( 'NONE',  ( 16.80894403190130504, 4.999999999999946709, -333.4978844596955128 ) ) ;
#1108 = CARTESIAN_POINT ( 'NONE',  ( -7.099330895153438625, 2.418818304658163054, -336.6531936976634825 ) ) ;
#1109 = CARTESIAN_POINT ( 'NONE',  ( -20.65287768296374438, 2.166335727701777961E-13, -338.9495670264251430 ) ) ;
#1110 = DIRECTION ( 'NONE',  ( 1.000000000000000000, -0.000000000000000000, -1.431777657695698783E-16 ) ) ;
#1111 = CARTESIAN_POINT ( 'NONE',  ( -27.63585913147470308, 2.894702593211407938E-13, -341.1395218688211344 ) ) ;
#1112 = CARTESIAN_POINT ( 'NONE',  ( -22.27970408794294954, 2.333675131739868763E-13, -334.2073279480806036 ) ) ;
#1113 = CARTESIAN_POINT ( 'NONE',  ( 0.000000000000000000, 15.00000000000000000, -333.5000000000000000 ) ) ;
#1114 = B_SPLINE_CURVE_WITH_KNOTS ( 'NONE', 3,
 ( #47, #2752, #13, #856, #3319, #254 ),
 .UNSPECIFIED., .F., .F.,
 ( 4, 2, 4 ),
 ( 0.1424467530756800826, 0.1426076444992824266, 0.1427685359228847983 ),
 .UNSPECIFIED. ) ;
#1115 = ORIENTED_EDGE ( 'NONE', *, *, #2683, .F. ) ;
#1116 = ORIENTED_EDGE ( 'NONE', *, *, #1678, .T. ) ;
#1117 = CARTESIAN_POINT ( 'NONE',  ( 0.000000000000000000, -23.52621183349084433, -334.7882220044681389 ) ) ;
#1118 = CARTESIAN_POINT ( 'NONE',  ( 7.692047557166642235, -15.72898054590332961, -303.2695593459115457 ) ) ;
#1119 = CYLINDRICAL_SURFACE ( 'NONE', #1157, 22.50000000000000355 ) ;
#1120 = ADVANCED_FACE ( 'NONE', ( #1947 ), #1872, .T. ) ;
#1121 = FACE_OUTER_BOUND ( 'NONE', #986, .T. ) ;
#1122 = DIRECTION ( 'NONE',  ( 0.000000000000000000, 0.9403769895200053686, 0.3401339700489965368 ) ) ;
#1123 = CARTESIAN_POINT ( 'NONE',  ( 5.000000000000005329, -23.38237633774817681, -345.0117091510177261 ) ) ;
#1124 = CARTESIAN_POINT ( 'NONE',  ( 15.00000000000001776, 4.999999999999952038, -338.5000000000000568 ) ) ;
#1125 = CYLINDRICAL_SURFACE ( 'NONE', #234, 17.50000000000000355 ) ;
#1126 = DIRECTION ( 'NONE',  ( 0.000000000000000000, 0.9403769895200053686, 0.3401339700489969253 ) ) ;
#1127 = CARTESIAN_POINT ( 'NONE',  ( -20.14375916408382139, 10.05072708514279078, -304.6922453972199492 ) ) ;
#1128 = CARTESIAN_POINT ( 'NONE',  ( -20.37346398396459790, 5.000000000000218492, -333.7390229158967259 ) ) ;
#1129 = FACE_OUTER_BOUND ( 'NONE', #2689, .T. ) ;
#1130 = CARTESIAN_POINT ( 'NONE',  ( -5.000000000000005329, 27.64246599057346643, -352.9922958199715026 ) ) ;
#1131 = ORIENTED_EDGE ( 'NONE', *, *, #1215, .F. ) ;
#1132 = AXIS2_PLACEMENT_3D ( 'NONE', #2670, #1253, #2366 ) ;
#1133 = CARTESIAN_POINT ( 'NONE',  ( -5.000000000000005329, -21.88892678961155980, -334.0963682416404481 ) ) ;
#1134 = CARTESIAN_POINT ( 'NONE',  ( -7.180518574414443300, -2.167733734200635087, -334.7440114793986936 ) ) ;
#1135 = AXIS2_PLACEMENT_3D ( 'NONE', #1988, #3102, #596 ) ;
#1136 = CARTESIAN_POINT ( 'NONE',  ( 3.061616997868385606E-16, -15.00000000000000000, -338.5000000000000000 ) ) ;
#1137 = EDGE_CURVE ( 'NONE', #2375, #2110, #2237, .T. ) ;
#1138 = ORIENTED_EDGE ( 'NONE', *, *, #493, .T. ) ;
#1139 = LINE ( 'NONE', #2252, #3008 ) ;
#1140 = LINE ( 'NONE', #3223, #636 ) ;
#1141 = CARTESIAN_POINT ( 'NONE',  ( -3.061616997868386592E-16, -21.54248251245784829, -339.7937097858272182 ) ) ;
#1142 = LINE ( 'NONE', #357, #3065 ) ;
#1143 = CARTESIAN_POINT ( 'NONE',  ( 7.115732176764870687, 2.370794762266605904, -336.8098171075064329 ) ) ;
#1144 = DIRECTION ( 'NONE',  ( 0.000000000000000000, 0.000000000000000000, -1.000000000000000000 ) ) ;
#1145 = CARTESIAN_POINT ( 'NONE',  ( -16.93477629007792018, 14.88631179053337128, -303.3462714404856229 ) ) ;
#1146 = CARTESIAN_POINT ( 'NONE',  ( -23.53851726282114853, 5.000000000000251354, -346.3552519128185168 ) ) ;
#1147 = DIRECTION ( 'NONE',  ( -0.9403769895200053686, 3.283308710386582405E-15, 0.3401339700489969253 ) ) ;
#1148 = CARTESIAN_POINT ( 'NONE',  ( 0.000000000000000000, 24.48787753505513010, -335.5118404682566506 ) ) ;
#1149 = ORIENTED_EDGE ( 'NONE', *, *, #454, .T. ) ;
#1150 = CARTESIAN_POINT ( 'NONE',  ( -5.000000000000005329, -22.41613585559580457, -341.4191863349708456 ) ) ;
#1151 = CARTESIAN_POINT ( 'NONE',  ( 2.841397788364330879, -17.27713957185422444, -302.7080218204231983 ) ) ;
#1152 = DIRECTION ( 'NONE',  ( 0.000000000000000000, 0.000000000000000000, 1.000000000000000000 ) ) ;
#1153 = ORIENTED_EDGE ( 'NONE', *, *, #1568, .F. ) ;
#1154 = AXIS2_PLACEMENT_3D ( 'NONE', #2892, #2381, #2910 ) ;
#1155 = CARTESIAN_POINT ( 'NONE',  ( -22.50000000000000355, 2.755455298081545172E-15, -325.0000000000000000 ) ) ;
#1156 = EDGE_CURVE ( 'NONE', #2924, #1485, #1140, .T. ) ;
#1157 = AXIS2_PLACEMENT_3D ( 'NONE', #1469, #2811, #2575 ) ;
#1158 = CARTESIAN_POINT ( 'NONE',  ( 0.000000000000000000, -28.35094872480814487, -344.3384610673687689 ) ) ;
#1159 = LINE ( 'NONE', #3415, #352 ) ;
#1160 = AXIS2_PLACEMENT_3D ( 'NONE', #2546, #2476, #44 ) ;
#1161 = CARTESIAN_POINT ( 'NONE',  ( -7.494396350331828494, 0.3314894483490710697, -338.4833249313624037 ) ) ;
#1162 = CARTESIAN_POINT ( 'NONE',  ( 5.000000000000005329, 21.88892678961155980, -334.0963682416404481 ) ) ;
#1163 = CARTESIAN_POINT ( 'NONE',  ( 3.061616997868386592E-16, 22.94058104297341316, -351.2916259697265673 ) ) ;
#1164 = AXIS2_PLACEMENT_3D ( 'NONE', #2003, #1402, #1732 ) ;
#1165 = ADVANCED_FACE ( 'NONE', ( #2054 ), #756, .T. ) ;
#1166 = CARTESIAN_POINT ( 'NONE',  ( -23.31181146317000596, 5.000000000000248690, -350.2139333800129748 ) ) ;
#1167 = AXIS2_PLACEMENT_3D ( 'NONE', #2002, #2800, #3360 ) ;
#1168 = LINE ( 'NONE', #2281, #341 ) ;
#1169 = CARTESIAN_POINT ( 'NONE',  ( -5.000000000000005329, 28.49011611213813921, -349.5327445574391731 ) ) ;
#1170 = ORIENTED_EDGE ( 'NONE', *, *, #3434, .F. ) ;
#1171 = CARTESIAN_POINT ( 'NONE',  ( -5.000000000000005329, -22.27970408794294954, -334.2073279480806605 ) ) ;
#1172 = CARTESIAN_POINT ( 'NONE',  ( 5.597251700972826427, -16.61967010451502702, -302.9558148539417175 ) ) ;
#1173 = DIRECTION ( 'NONE',  ( 0.000000000000000000, 0.000000000000000000, 1.000000000000000000 ) ) ;
#1174 = CARTESIAN_POINT ( 'NONE',  ( 21.76568028554692802, 4.999999999999928946, -340.1474355323161376 ) ) ;
#1175 = DIRECTION ( 'NONE',  ( 0.9403769895200064788, -3.283308710386717695E-15, -0.3401339700489933726 ) ) ;
#1176 = VERTEX_POINT ( 'NONE', #1546 ) ;
#1177 = CARTESIAN_POINT ( 'NONE',  ( -3.061616997868386592E-16, -22.82280726805832316, -342.5446931419174916 ) ) ;
#1178 = CARTESIAN_POINT ( 'NONE',  ( 0.000000000000000000, 14.84206532663331579, -381.0318422364381377 ) ) ;
#1179 = CARTESIAN_POINT ( 'NONE',  ( 0.000000000000000000, -27.63585913147470308, -341.1395218688211344 ) ) ;
#1180 = CARTESIAN_POINT ( 'NONE',  ( 27.63585913147470308, -9.649008644023728094E-14, -341.1395218688211344 ) ) ;
#1181 = CARTESIAN_POINT ( 'NONE',  ( 22.50000000000000355, 2.358597211267599108E-16, -305.8339162968049436 ) ) ;
#1182 = CARTESIAN_POINT ( 'NONE',  ( 3.061616997868386592E-16, 15.00000000000000000, -338.5000000000000000 ) ) ;
#1183 = CARTESIAN_POINT ( 'NONE',  ( -40.00000000000000000, -0.3271344438929733589, -309.1064706347661968 ) ) ;
#1184 = EDGE_CURVE ( 'NONE', #1817, #3111, #1694, .T. ) ;
#1185 = CARTESIAN_POINT ( 'NONE',  ( -28.35094872480814487, 2.969604252336800092E-13, -344.3384610673687689 ) ) ;
#1186 = CARTESIAN_POINT ( 'NONE',  ( -28.23531764672893019, 5.000000000000301092, -351.3018813774914406 ) ) ;
#1187 = ADVANCED_FACE ( 'NONE', ( #118 ), #3204, .F. ) ;
#1188 = ORIENTED_EDGE ( 'NONE', *, *, #1408, .T. ) ;
#1189 = CARTESIAN_POINT ( 'NONE',  ( 5.000000000000005329, -27.63585913147470308, -341.1395218688211344 ) ) ;
#1190 = CARTESIAN_POINT ( 'NONE',  ( -1.112876179484657113, -7.418539850766497246, -333.7553798543314656 ) ) ;
#1191 = FACE_OUTER_BOUND ( 'NONE', #1907, .T. ) ;
#1192 = CARTESIAN_POINT ( 'NONE',  ( 15.64014409436187414, 4.999999999999949374, -338.4918484924057793 ) ) ;
#1193 = CARTESIAN_POINT ( 'NONE',  ( 0.000000000000000000, -28.54861166975242881, -346.0525470957490484 ) ) ;
#1194 = ORIENTED_EDGE ( 'NONE', *, *, #2861, .T. ) ;
#1195 = CARTESIAN_POINT ( 'NONE',  ( 27.63585913147470308, -9.649008644023728094E-14, -341.1395218688211344 ) ) ;
#1196 = CARTESIAN_POINT ( 'NONE',  ( 21.14486282628767100, -7.413305567014325325E-14, -339.2759833987219054 ) ) ;
#1197 = CARTESIAN_POINT ( 'NONE',  ( 0.000000000000000000, -22.27970408794294954, -334.2073279480806036 ) ) ;
#1198 = CARTESIAN_POINT ( 'NONE',  ( 7.071067811865297870, -2.500000000000773603, -336.0000000000010800 ) ) ;
#1199 = CARTESIAN_POINT ( 'NONE',  ( 2.806100745400637452E-15, -7.500000000000000000, -333.5000000000000000 ) ) ;
#1200 = CARTESIAN_POINT ( 'NONE',  ( 0.000000000000000000, 27.63585913147470308, -341.1395218688211344 ) ) ;
#1201 = CARTESIAN_POINT ( 'NONE',  ( -30.00000000000000000, -0.3271344438929733589, -305.8350428043144120 ) ) ;
#1202 = CARTESIAN_POINT ( 'NONE',  ( -11.57884373958236779, 13.17056711284180359, -303.8845075784986989 ) ) ;
#1203 = CARTESIAN_POINT ( 'NONE',  ( -20.65287768296370174, 5.000000000000220268, -338.9495670264251430 ) ) ;
#1204 = CARTESIAN_POINT ( 'NONE',  ( -27.64246599057340603, 5.000000000000295763, -352.9922958199715026 ) ) ;
#1205 = ADVANCED_FACE ( 'NONE', ( #2111 ), #1236, .F. ) ;
#1206 = CARTESIAN_POINT ( 'NONE',  ( 28.23531764672898348, -9.858308465934990729E-14, -351.3018813774303908 ) ) ;
#1207 = EDGE_LOOP ( 'NONE', ( #1131, #1891 ) ) ;
#1208 = B_SPLINE_CURVE_WITH_KNOTS ( 'NONE', 3,
 ( #608, #905, #1729, #1961, #317, #1474, #2271, #2540, #1693, #1396, #1196, #1432, #2835, #38, #2798, #22, #1416, #2018, #2580, #59 ),
 .UNSPECIFIED., .F., .F.,
 ( 4, 2, 2, 2, 2, 2, 2, 2, 2, 4 ),
 ( 0.000000000000000000, 0.1601717819196981085, 0.3203435638393962170, 0.3703435638394153573, 0.4203435638394345530, 0.4928006183595052825, 0.5652576728795759564, 0.7101717819197173043, 0.8550858909598586521, 1.000000000000000000 ),
 .UNSPECIFIED. ) ;
#1209 = CARTESIAN_POINT ( 'NONE',  ( 5.000000000000005329, -14.99999999999999822, -333.5000000000000000 ) ) ;
#1210 = DIRECTION ( 'NONE',  ( 0.000000000000000000, 0.000000000000000000, 1.000000000000000000 ) ) ;
#1211 = CARTESIAN_POINT ( 'NONE',  ( 0.000000000000000000, 27.12167573721353619, -339.6567022317279907 ) ) ;
#1212 = CARTESIAN_POINT ( 'NONE',  ( 23.38237633774817681, -8.194529234095298734E-14, -345.0117091510177261 ) ) ;
#1213 = CARTESIAN_POINT ( 'NONE',  ( 0.000000000000000000, -26.14080198592635185, -337.7142433841773936 ) ) ;
#1214 = ORIENTED_EDGE ( 'NONE', *, *, #1620, .T. ) ;
#1215 = EDGE_CURVE ( 'NONE', #2613, #1094, #1815, .T. ) ;
#1216 = DIRECTION ( 'NONE',  ( 0.000000000000000000, 1.000000000000000000, 0.000000000000000000 ) ) ;
#1217 = CARTESIAN_POINT ( 'NONE',  ( -27.64246599057342024, 2.898456241968660092E-13, -352.9922958199716163 ) ) ;
#1218 = CARTESIAN_POINT ( 'NONE',  ( 7.494466304172475724, -0.3299527616087072346, -338.4835351365867382 ) ) ;
#1219 = CARTESIAN_POINT ( 'NONE',  ( 0.000000000000000000, 0.000000000000000000, -325.0000000000000000 ) ) ;
#1220 = AXIS2_PLACEMENT_3D ( 'NONE', #3426, #936, #2377 ) ;
#1221 = CARTESIAN_POINT ( 'NONE',  ( 0.000000000000000000, -26.14080198592635185, -337.7142433841773936 ) ) ;
#1222 = VECTOR ( 'NONE', #2014, 1000.000000000000000 ) ;
#1223 = CARTESIAN_POINT ( 'NONE',  ( -28.49011611211708583, -4.999999999999706901, -349.5327445574391731 ) ) ;
#1224 = CARTESIAN_POINT ( 'NONE',  ( -22.27970408794290691, 5.000000000000238032, -334.2073279480806605 ) ) ;
#1225 = CIRCLE ( 'NONE', #344, 50.77142783045179897 ) ;
#1226 = AXIS2_PLACEMENT_3D ( 'NONE', #2778, #1711, #830 ) ;
#1227 = CARTESIAN_POINT ( 'NONE',  ( 17.49796166392130559, -0.2726028933209050931, -305.8350428043144120 ) ) ;
#1228 = VERTEX_POINT ( 'NONE', #2598 ) ;
#1229 = LOCAL_TIME ( 19, 32, 0.000000000000000000, #443 ) ;
#1230 = CARTESIAN_POINT ( 'NONE',  ( -3.061616997868386592E-16, -23.31181146317005926, -350.2139333800129180 ) ) ;
#1231 = CARTESIAN_POINT ( 'NONE',  ( 3.062697906143066780E-16, -7.500000000000000000, -338.5000000000000000 ) ) ;
#1232 = CARTESIAN_POINT ( 'NONE',  ( 7.500000000000000000, -2.069764443905614765E-15, -338.5000000000000000 ) ) ;
#1233 = CARTESIAN_POINT ( 'NONE',  ( 30.00000000000000711, -0.3271344438929733589, -258.3350428043144120 ) ) ;
#1234 = ORIENTED_EDGE ( 'NONE', *, *, #2017, .F. ) ;
#1235 = ORIENTED_EDGE ( 'NONE', *, *, #3412, .T. ) ;
#1236 = CYLINDRICAL_SURFACE ( 'NONE', #282, 17.50000000000000355 ) ;
#1237 = CARTESIAN_POINT ( 'NONE',  ( 2.370652373845708372, -7.115781230624518727, -335.1897040581392844 ) ) ;
#1238 = DIRECTION ( 'NONE',  ( -1.000000000000000000, 3.491481338843133355E-15, -0.000000000000000000 ) ) ;
#1239 = CARTESIAN_POINT ( 'NONE',  ( 28.35094872478794059, -5.000000000000103029, -344.3384610673687689 ) ) ;
#1240 = CARTESIAN_POINT ( 'NONE',  ( -30.00000000000001776, -0.3271344438929733589, -305.8350428043144120 ) ) ;
#1241 = CARTESIAN_POINT ( 'NONE',  ( 16.92929478226369966, 4.582133977636569711, -305.5944555741285171 ) ) ;
#1242 = CARTESIAN_POINT ( 'NONE',  ( 22.82280726807841731, -5.000000000000085265, -342.5446931419174916 ) ) ;
#1243 = CARTESIAN_POINT ( 'NONE',  ( -23.38237633774811997, 5.000000000000250466, -345.0117091510177261 ) ) ;
#1244 = CARTESIAN_POINT ( 'NONE',  ( 13.79576468664931177, -4.816765495850715721E-14, -380.6103366090223403 ) ) ;
#1245 = ORIENTED_EDGE ( 'NONE', *, *, #2417, .T. ) ;
#1246 = CARTESIAN_POINT ( 'NONE',  ( 5.000000000000005329, -21.76568028555520939, -340.1474355323161376 ) ) ;
#1247 = CARTESIAN_POINT ( 'NONE',  ( -2.371447914108897770, -7.115522399759226957, -336.8083152064070873 ) ) ;
#1248 = DIRECTION ( 'NONE',  ( 2.733385370637696691E-16, -8.883502454572514738E-16, 1.000000000000000000 ) ) ;
#1249 = CALENDAR_DATE ( 2026, 8, 5 ) ;
#1250 = ORIENTED_EDGE ( 'NONE', *, *, #1706, .T. ) ;
#1251 = DIRECTION ( 'NONE',  ( 0.000000000000000000, 0.000000000000000000, -1.000000000000000000 ) ) ;
#1252 = ADVANCED_FACE ( 'NONE', ( #2876 ), #169, .T. ) ;
#1253 = DIRECTION ( 'NONE',  ( 1.000000000000000000, 0.000000000000000000, 0.000000000000000000 ) ) ;
#1254 = FACE_OUTER_BOUND ( 'NONE', #531, .T. ) ;
#1255 = CARTESIAN_POINT ( 'NONE',  ( 28.23531764670864064, -5.000000000000103029, -351.3018813774304476 ) ) ;
#1256 = CARTESIAN_POINT ( 'NONE',  ( 7.099289220545749401, -2.418936293643823898, -335.3476853012277843 ) ) ;
#1257 = CARTESIAN_POINT ( 'NONE',  ( -4.572866063992499619, 16.90181442576040993, -302.6006733109064157 ) ) ;
#1258 = CARTESIAN_POINT ( 'NONE',  ( 23.10099649808227440, -8.065669818173262100E-14, -334.5516039357306681 ) ) ;
#1259 = CARTESIAN_POINT ( 'NONE',  ( -22.27970408794300283, -4.999999999999772626, -334.2073279480806605 ) ) ;
#1260 = CARTESIAN_POINT ( 'NONE',  ( -20.79747242897318316, 2.181481223424226649E-13, -339.0045997728646512 ) ) ;
#1261 = CARTESIAN_POINT ( 'NONE',  ( 17.50000000000001066, -0.05451326828023983495, -305.8342917408186281 ) ) ;
#1262 = ORIENTED_EDGE ( 'NONE', *, *, #3035, .F. ) ;
#1263 = CARTESIAN_POINT ( 'NONE',  ( 27.64246599057351261, 4.999999999999909406, -352.9922958199715595 ) ) ;
#1264 = CARTESIAN_POINT ( 'NONE',  ( 0.000000000000000000, 22.94058104297341671, -351.2916259697266241 ) ) ;
#1265 = DIRECTION ( 'NONE',  ( 0.3401339700489968698, -1.187571409132701896E-15, 0.9403769895200053686 ) ) ;
#1266 = ORIENTED_EDGE ( 'NONE', *, *, #2660, .F. ) ;
#1267 = ORIENTED_EDGE ( 'NONE', *, *, #3124, .T. ) ;
#1268 = DIRECTION ( 'NONE',  ( 0.000000000000000000, -0.000000000000000000, -1.000000000000000000 ) ) ;
#1269 = CARTESIAN_POINT ( 'NONE',  ( 0.000000000000000000, 21.88892678961155980, -334.0963682416403913 ) ) ;
#1270 = CARTESIAN_POINT ( 'NONE',  ( 0.3299281360716506128, -7.494467136418141884, -333.5164624075717370 ) ) ;
#1271 = CARTESIAN_POINT ( 'NONE',  ( -22.30685991525102807, -3.287983982980954067, -305.7646006195411701 ) ) ;
#1272 = CARTESIAN_POINT ( 'NONE',  ( -5.000000000000005329, -18.65238951158535841, -338.6063043901583001 ) ) ;
#1273 = CARTESIAN_POINT ( 'NONE',  ( 5.662577151663696462, 16.59856480299482229, -302.7196526764050191 ) ) ;
#1274 = B_SPLINE_CURVE_WITH_KNOTS ( 'NONE', 3,
 ( #3471, #1292, #1032, #2420, #2933, #738, #431, #3513, #1014, #1308, #2071, #3579, #3020, #228, #2510, #1357, #3006, #3275 ),
 .UNSPECIFIED., .F., .F.,
 ( 4, 2, 2, 2, 2, 2, 2, 2, 4 ),
 ( 0.003937683548699538912, 0.004429584731647636005, 0.004921485914595732231, 0.005413387097543829324, 0.005905288280491926417, 0.006397189463440022643, 0.006889090646388119736, 0.007380991829336215962, 0.007872893012284313055 ),
 .UNSPECIFIED. ) ;
#1275 = CARTESIAN_POINT ( 'NONE',  ( 23.10099649808316968, -5.000000000000085265, -334.5516039357306681 ) ) ;
#1276 = CARTESIAN_POINT ( 'NONE',  ( -20.53366848166178116, -4.999999999999791278, -338.9121152687107497 ) ) ;
#1277 = CIRCLE ( 'NONE', #2728, 395.0841691450921189 ) ;
#1278 = CARTESIAN_POINT ( 'NONE',  ( -16.63131480189354505, -4.999999999999831246, -338.4971743906191932 ) ) ;
#1279 = CARTESIAN_POINT ( 'NONE',  ( -28.54861166975242881, 2.990308346836484971E-13, -346.0525470957490484 ) ) ;
#1280 = AXIS2_PLACEMENT_3D ( 'NONE', #3485, #676, #1765 ) ;
#1281 = ORIENTED_EDGE ( 'NONE', *, *, #3326, .T. ) ;
#1283 = DIRECTION ( 'NONE',  ( -0.000000000000000000, -0.01090383320741931950, -0.9999405514436270348 ) ) ;
#1282 = CIRCLE ( 'NONE', #3206, 2.500000000000009770 ) ;
#1284 = AXIS2_PLACEMENT_3D ( 'NONE', #3594, #3289, #3565 ) ;
#1285 = CYLINDRICAL_SURFACE ( 'NONE', #2033, 395.0841691450921189 ) ;
#1286 = CARTESIAN_POINT ( 'NONE',  ( 0.000000000000000000, 25.77854879289000678, -337.1129459021298089 ) ) ;
#1287 = PERSON_AND_ORGANIZATION ( #15, #2917 ) ;
#1288 = ORIENTED_EDGE ( 'NONE', *, *, #1408, .F. ) ;
#1289 = CARTESIAN_POINT ( 'NONE',  ( -16.80894403190034936, 1.760643432391578786E-13, -333.4978844596955128 ) ) ;
#1290 = CARTESIAN_POINT ( 'NONE',  ( 0.000000000000000000, 15.00000000000000000, -336.0000000000000000 ) ) ;
#1291 = CARTESIAN_POINT ( 'NONE',  ( 5.000000000000005329, 28.35094872480814487, -344.3384610673687689 ) ) ;
#1292 = CARTESIAN_POINT ( 'NONE',  ( 7.071067811865483499, 2.499999999999976907, -335.8356396064562546 ) ) ;
#1293 = CARTESIAN_POINT ( 'NONE',  ( -19.37653440165913210, -11.52832406828283318, -304.5120702814518268 ) ) ;
#1294 = CARTESIAN_POINT ( 'NONE',  ( -5.000000000000005329, -24.48787753505513010, -335.5118404682566506 ) ) ;
#1295 = CARTESIAN_POINT ( 'NONE',  ( 28.54861166975242881, -9.967694489429986979E-14, -346.0525470957490484 ) ) ;
#1296 = CARTESIAN_POINT ( 'NONE',  ( -24.48787753505518694, -4.999999999999748646, -335.5118404682566506 ) ) ;
#1297 = CARTESIAN_POINT ( 'NONE',  ( -23.38237633774823365, -4.999999999999761080, -345.0117091510177261 ) ) ;
#1298 = CARTESIAN_POINT ( 'NONE',  ( -27.12167573721353619, 2.840844741443399644E-13, -339.6567022317279907 ) ) ;
#1299 = EDGE_CURVE ( 'NONE', #1027, #2212, #1973, .T. ) ;
#1300 = ORIENTED_EDGE ( 'NONE', *, *, #759, .T. ) ;
#1301 = CARTESIAN_POINT ( 'NONE',  ( 16.80894403190130504, 4.999999999999946709, -333.4978844596955128 ) ) ;
#1302 = LINE ( 'NONE', #496, #628 ) ;
#1303 = CARTESIAN_POINT ( 'NONE',  ( 5.000000000000005329, 16.63131480189348821, -338.4971743906191932 ) ) ;
#1304 = APPLICATION_PROTOCOL_DEFINITION ( 'international standard', 'config_control_design', 1994, #540 ) ;
#1305 = VERTEX_POINT ( 'NONE', #3154 ) ;
#1306 = CARTESIAN_POINT ( 'NONE',  ( 2.182711166354511345, 7.176566920414334305, -337.2617688886385849 ) ) ;
#1307 = CARTESIAN_POINT ( 'NONE',  ( -5.000000000000005329, 24.48787753505513010, -335.5118404682566506 ) ) ;
#1308 = CARTESIAN_POINT ( 'NONE',  ( 7.316850914939915462, 1.651579899135640295, -334.1161895837059888 ) ) ;
#1309 = CARTESIAN_POINT ( 'NONE',  ( -13.61248043374820149, -17.91873679516632123, -302.4580396525954598 ) ) ;
#1310 = CARTESIAN_POINT ( 'NONE',  ( 7.071067811865445307, -2.500000000000089262, -335.8352728575445099 ) ) ;
#1311 = CARTESIAN_POINT ( 'NONE',  ( 1.153441425957939304, 17.46437040935740725, -302.3772111718050155 ) ) ;
#1312 = CARTESIAN_POINT ( 'NONE',  ( 28.54861166975242881, -5.000000000000103917, -346.0525470957490484 ) ) ;
#1313 = CARTESIAN_POINT ( 'NONE',  ( -22.41613585559580102, 2.351027217864223395E-13, -341.4191863349707887 ) ) ;
#1314 = CARTESIAN_POINT ( 'NONE',  ( -27.63585913147470308, 2.894702593211407938E-13, -341.1395218688211344 ) ) ;
#1315 = ORIENTED_EDGE ( 'NONE', *, *, #476, .F. ) ;
#1316 = CYLINDRICAL_SURFACE ( 'NONE', #3143, 2.500000000000002220 ) ;
#1317 = CARTESIAN_POINT ( 'NONE',  ( 5.000000000000005329, 20.96851650090802721, -339.1156999729153654 ) ) ;
#1318 = COORDINATED_UNIVERSAL_TIME_OFFSET ( 1, 0, .AHEAD. ) ;
#1319 = VERTEX_POINT ( 'NONE', #97 ) ;
#1320 = ORIENTED_EDGE ( 'NONE', *, *, #2473, .F. ) ;
#1321 = CARTESIAN_POINT ( 'NONE',  ( 2.806100745400637452E-15, 7.500000000000000000, -338.5000000000000000 ) ) ;
#1322 = CARTESIAN_POINT ( 'NONE',  ( -5.000000000000005329, 18.65238951158535841, -338.6063043901583001 ) ) ;
#1323 = EDGE_CURVE ( 'NONE', #2357, #1795, #3491, .T. ) ;
#1324 = CARTESIAN_POINT ( 'NONE',  ( -0.6534300675355178001, 7.473241494764446102, -333.5812650008161881 ) ) ;
#1325 = CARTESIAN_POINT ( 'NONE',  ( -7.500000000001334044, 4.034058286185506710E-13, -333.4999999999960210 ) ) ;
#1326 = CARTESIAN_POINT ( 'NONE',  ( 27.64246599057351261, 4.999999999999909406, -352.9922958199715595 ) ) ;
#1327 = B_SPLINE_CURVE_WITH_KNOTS ( 'NONE', 3,
 ( #268, #2202, #1662, #1108, #1833, #834, #2412, #2664, #3521, #1023, #8, #1714, #2839, #1161, #287, #575 ),
 .UNSPECIFIED., .F., .F.,
 ( 4, 2, 2, 2, 2, 2, 2, 4 ),
 ( 0.007872690635519104252, 0.008364559134454819384, 0.008856427633390532780, 0.009348296132326246177, 0.009840164631261961309, 0.01082390162913350433, 0.01131577012806930793, 0.01180763862700511153 ),
 .UNSPECIFIED. ) ;
#1328 = CARTESIAN_POINT ( 'NONE',  ( -28.23531764672904032, -4.999999999999709566, -351.3018813773695115 ) ) ;
#1329 = CARTESIAN_POINT ( 'NONE',  ( 21.32358628581902948, 7.330914270352823614, -305.2342418518287559 ) ) ;
#1330 = TOROIDAL_SURFACE ( 'NONE', #1745, -0.04049180243233817256, 1.168479031451811201 ) ;
#1331 = CARTESIAN_POINT ( 'NONE',  ( -21.88892678961155980, 2.292743382396531718E-13, -334.0963682416403913 ) ) ;
#1332 = DIRECTION ( 'NONE',  ( -0.3401339700489968698, 3.562714227398105491E-15, 0.9403769895200053686 ) ) ;
#1333 = VECTOR ( 'NONE', #2686, 1000.000000000000000 ) ;
#1334 = CARTESIAN_POINT ( 'NONE',  ( 5.000000000000005329, 26.14080198592635185, -337.7142433841773936 ) ) ;
#1335 = ORIENTED_EDGE ( 'NONE', *, *, #271, .T. ) ;
#1336 = VERTEX_POINT ( 'NONE', #3469 ) ;
#1337 = AXIS2_PLACEMENT_3D ( 'NONE', #349, #587, #3128 ) ;
#1338 = CARTESIAN_POINT ( 'NONE',  ( -17.47539126614621807, -1.479791407245511170, -305.8350428043144120 ) ) ;
#1339 = CARTESIAN_POINT ( 'NONE',  ( 0.000000000000000000, 24.48787753505513010, -335.5118404682566506 ) ) ;
#1340 = AXIS2_PLACEMENT_3D ( 'NONE', #70, #421, #1540 ) ;
#1341 = VECTOR ( 'NONE', #174, 1000.000000000000000 ) ;
#1342 = LINE ( 'NONE', #2455, #1550 ) ;
#1343 = AXIS2_PLACEMENT_3D ( 'NONE', #2323, #388, #1489 ) ;
#1344 = CARTESIAN_POINT ( 'NONE',  ( 22.14498143508740569, -3.998434763588672780, -305.6943745305246125 ) ) ;
#1345 = EDGE_CURVE ( 'NONE', #1370, #1928, #2090, .T. ) ;
#1346 = CARTESIAN_POINT ( 'NONE',  ( -5.000000000000005329, -21.88892678961155980, -334.0963682416404481 ) ) ;
#1347 = CARTESIAN_POINT ( 'NONE',  ( 20.96851650090802721, -7.351734576594092739E-14, -339.1156999729153654 ) ) ;
#1348 = CARTESIAN_POINT ( 'NONE',  ( -20.79747242897324000, -4.999999999999788614, -339.0045997728645943 ) ) ;
#1349 = CARTESIAN_POINT ( 'NONE',  ( 19.44836689366863069, 11.33792589342358603, -304.3851912780456246 ) ) ;
#1350 = EDGE_LOOP ( 'NONE', ( #513, #2705, #1194, #3216 ) ) ;
#1351 = DIRECTION ( 'NONE',  ( 0.000000000000000000, 0.000000000000000000, -1.000000000000000000 ) ) ;
#1352 = CARTESIAN_POINT ( 'NONE',  ( 3.061616997868386592E-16, 22.41613585559580102, -341.4191863349707887 ) ) ;
#1353 = ORIENTED_EDGE ( 'NONE', *, *, #939, .F. ) ;
#1354 = ORIENTED_EDGE ( 'NONE', *, *, #2192, .T. ) ;
#1355 = CARTESIAN_POINT ( 'NONE',  ( -10.58406686800136676, -13.98255653882529437, -303.8345783337778698 ) ) ;
#1356 = CARTESIAN_POINT ( 'NONE',  ( -5.000000000000005329, 19.14206404499947212, -333.6278838779330158 ) ) ;
#1357 = CARTESIAN_POINT ( 'NONE',  ( 7.494507649685751893, 0.3296194366494827888, -333.5163365142121279 ) ) ;
#1358 = CARTESIAN_POINT ( 'NONE',  ( 17.73980047190514142, -13.91573550225949063, -303.8666991521761247 ) ) ;
#1359 = ADVANCED_FACE ( 'NONE', ( #959, #2946 ), #661, .F. ) ;
#1360 = CARTESIAN_POINT ( 'NONE',  ( 5.000000000000005329, -16.63131480189348821, -338.4971743906191932 ) ) ;
#1361 = CARTESIAN_POINT ( 'NONE',  ( 20.37346398396784863, 4.999999999999935163, -333.7390229158967259 ) ) ;
#1362 = CARTESIAN_POINT ( 'NONE',  ( 23.31181146319045183, 4.999999999999923617, -350.2139333800129748 ) ) ;
#1363 = CARTESIAN_POINT ( 'NONE',  ( -21.54248251245784829, 2.259516887536135756E-13, -339.7937097858272182 ) ) ;
#1364 = CARTESIAN_POINT ( 'NONE',  ( -19.44629048828612028, 11.34151376341916695, -304.3842870019068414 ) ) ;
#1365 = EDGE_CURVE ( 'NONE', #1853, #1063, #2992, .T. ) ;
#1366 = CARTESIAN_POINT ( 'NONE',  ( -23.10099649808227440, 2.419700945452174646E-13, -334.5516039357306681 ) ) ;
#1367 = CIRCLE ( 'NONE', #1900, 50.77142783045179897 ) ;
#1368 = CARTESIAN_POINT ( 'NONE',  ( 30.00000000000002132, 436.3341691450922326, -168.2566363886433010 ) ) ;
#1369 = CARTESIAN_POINT ( 'NONE',  ( 5.000000000000005329, 23.38237633774817681, -345.0117091510177261 ) ) ;
#1370 = VERTEX_POINT ( 'NONE', #1893 ) ;
#1371 = ORIENTED_EDGE ( 'NONE', *, *, #1215, .T. ) ;
#1372 = CARTESIAN_POINT ( 'NONE',  ( -3.061616997868386592E-16, -20.53366848166273684, -338.9121152687107497 ) ) ;
#1373 = CARTESIAN_POINT ( 'NONE',  ( 7.174792459801975220, -15.97170993993777799, -303.1853467239972133 ) ) ;
#1374 = CARTESIAN_POINT ( 'NONE',  ( 0.000000000000000000, 15.00000000000000000, -333.5000000000000000 ) ) ;
#1375 = CARTESIAN_POINT ( 'NONE',  ( -0.6511258667006443179, 7.473415489843397097, -338.4192686962867924 ) ) ;
#1376 = CARTESIAN_POINT ( 'NONE',  ( -16.29053737301063265, -15.53645960464038289, -303.3373744520545188 ) ) ;
#1377 = CARTESIAN_POINT ( 'NONE',  ( 5.000000000000005329, -19.70304487559264928, -338.7229328805124737 ) ) ;
#1378 = B_SPLINE_CURVE_WITH_KNOTS ( 'NONE', 3,
 ( #2029, #146, #367, #2592, #2396, #201, #1009, #3282, #3251, #783, #3268, #2943, #1905, #2717, #3014, #218 ),
 .UNSPECIFIED., .F., .F.,
 ( 4, 2, 2, 2, 2, 2, 2, 4 ),
 ( 0.01180763862700511153, 0.01229959864258883297, 0.01279155865817255613, 0.01377547868933999900, 0.01426743870492377941, 0.01475939872050755809, 0.01525135873609133677, 0.01574331875167511718 ),
 .UNSPECIFIED. ) ;
#1379 = CARTESIAN_POINT ( 'NONE',  ( 20.53366848166273684, -7.199908202150098821E-14, -338.9121152687107497 ) ) ;
#1380 = CARTESIAN_POINT ( 'NONE',  ( 28.49011611213813566, -9.947270874752517075E-14, -349.5327445574392300 ) ) ;
#1381 = DIRECTION ( 'NONE',  ( 1.000000000000000000, 0.000000000000000000, 0.000000000000000000 ) ) ;
#1382 = DIRECTION ( 'NONE',  ( 1.000000000000000000, 0.000000000000000000, 0.000000000000000000 ) ) ;
#1383 = EDGE_CURVE ( 'NONE', #1443, #1228, #2757, .T. ) ;
#1384 = VERTEX_POINT ( 'NONE', #3303 ) ;
#1385 = CARTESIAN_POINT ( 'NONE',  ( -19.14206404499947567, 2.005024782001256808E-13, -333.6278838779329590 ) ) ;
#1386 = EDGE_CURVE ( 'NONE', #1744, #2538, #484, .T. ) ;
#1387 = CARTESIAN_POINT ( 'NONE',  ( -17.50000000000000355, 2.143131898507868643E-15, -325.0000000000000000 ) ) ;
#1388 = ORIENTED_EDGE ( 'NONE', *, *, #3504, .T. ) ;
#1389 = EDGE_LOOP ( 'NONE', ( #1998, #2630, #1619, #3051, #3180, #1821, #3467, #1704, #733, #1956 ) ) ;
#1391 = VECTOR ( 'NONE', #3255, 1000.000000000000227 ) ;
#1390 = CARTESIAN_POINT ( 'NONE',  ( -5.000000000000005329, -28.35094872480814487, -344.3384610673687689 ) ) ;
#1392 = CARTESIAN_POINT ( 'NONE',  ( 17.44808615456538092, -1.463743819683523739, -305.8248560744092401 ) ) ;
#1393 = DIRECTION ( 'NONE',  ( 1.000000000000000000, 0.000000000000000000, 0.000000000000000000 ) ) ;
#1394 = AXIS2_PLACEMENT_3D ( 'NONE', #1672, #1446, #3055 ) ;
#1395 = CARTESIAN_POINT ( 'NONE',  ( -2.483523967424036805, 7.076953499790405999, -335.6698234527814293 ) ) ;
#1396 = CARTESIAN_POINT ( 'NONE',  ( 20.96851650090802721, -7.351734576594092739E-14, -339.1156999729153654 ) ) ;
#1397 = VECTOR ( 'NONE', #2571, 1000.000000000000000 ) ;
#1398 = VECTOR ( 'NONE', #2949, 1000.000000000000000 ) ;
#1399 = CARTESIAN_POINT ( 'NONE',  ( 5.000000000000005329, -20.65287768296374438, -338.9495670264251430 ) ) ;
#1400 = CC_DESIGN_SECURITY_CLASSIFICATION ( #993, ( #3375 ) ) ;
#1401 = CARTESIAN_POINT ( 'NONE',  ( 20.79747242897318316, -7.292014858065890880E-14, -339.0045997728646512 ) ) ;
#1402 = DIRECTION ( 'NONE',  ( 0.000000000000000000, 0.000000000000000000, -1.000000000000000000 ) ) ;
#1403 = FACE_OUTER_BOUND ( 'NONE', #2211, .T. ) ;
#1404 = CARTESIAN_POINT ( 'NONE',  ( 3.061616997868386592E-16, 23.31181146317005926, -350.2139333800129180 ) ) ;
#1405 = CARTESIAN_POINT ( 'NONE',  ( -24.48787753505507681, 5.000000000000262013, -335.5118404682566506 ) ) ;
#1406 = CYLINDRICAL_SURFACE ( 'NONE', #1040, 50.77142783045179897 ) ;
#1407 = ADVANCED_FACE ( 'NONE', ( #736 ), #1330, .T. ) ;
#1408 = EDGE_CURVE ( 'NONE', #2613, #2307, #1047, .T. ) ;
#1409 = CYLINDRICAL_SURFACE ( 'NONE', #2913, 47.49999999999998579 ) ;
#1410 = VERTEX_POINT ( 'NONE', #2168 ) ;
#1411 = CARTESIAN_POINT ( 'NONE',  ( -5.000000000000005329, -16.80894403190034936, -333.4978844596955128 ) ) ;
#1412 = CARTESIAN_POINT ( 'NONE',  ( 0.5586621166423294538, -17.50031888331034580, -302.6219679214275402 ) ) ;
#1413 = CARTESIAN_POINT ( 'NONE',  ( 40.00000000000000000, -41.25000000000000000, -28.25663638864329030 ) ) ;
#1414 = ORIENTED_EDGE ( 'NONE', *, *, #1365, .T. ) ;
#1415 = CARTESIAN_POINT ( 'NONE',  ( -25.29152351677343802, 2.649146471691802778E-13, -352.1419608948490350 ) ) ;
#1416 = CARTESIAN_POINT ( 'NONE',  ( 23.53851726284230850, -8.249045546654079343E-14, -346.3552519128185168 ) ) ;
#1417 = CARTESIAN_POINT ( 'NONE',  ( -3.061616997868386592E-16, -22.94058104297341671, -351.2916259697266241 ) ) ;
#1418 = CARTESIAN_POINT ( 'NONE',  ( 24.48787753505513010, -8.549896744152797769E-14, -335.5118404682566506 ) ) ;
#1419 = CARTESIAN_POINT ( 'NONE',  ( 7.418492276495364912, 1.113198531242145517, -338.2444638653406628 ) ) ;
#1420 = CARTESIAN_POINT ( 'NONE',  ( -22.41613585559580102, 2.351027217864223395E-13, -341.4191863349707887 ) ) ;
#1421 = CARTESIAN_POINT ( 'NONE',  ( -22.49762171998673566, -0.3271344438929744691, -305.8350428043144120 ) ) ;
#1422 = CARTESIAN_POINT ( 'NONE',  ( -14.99999999999994849, 5.000000000000162537, -338.5000000000000568 ) ) ;
#1423 = CARTESIAN_POINT ( 'NONE',  ( -16.80894403190034936, 1.760643432391578786E-13, -333.4978844596955128 ) ) ;
#1424 = CARTESIAN_POINT ( 'NONE',  ( -5.000000000000005329, 23.31181146317005926, -350.2139333800129748 ) ) ;
#1425 = ORIENTED_EDGE ( 'NONE', *, *, #2789, .F. ) ;
#1426 = EDGE_CURVE ( 'NONE', #2962, #183, #772, .T. ) ;
#1427 = CARTESIAN_POINT ( 'NONE',  ( -5.000000000000005329, -21.54248251245784829, -339.7937097858272182 ) ) ;
#1428 = CARTESIAN_POINT ( 'NONE',  ( -7.071067811865483499, -2.499999999999976907, -336.0000000000000000 ) ) ;
#1429 = DIRECTION ( 'NONE',  ( -0.9403769895200064788, 9.849926131159689629E-15, -0.3401339700489933726 ) ) ;
#1430 = ORIENTED_EDGE ( 'NONE', *, *, #3326, .F. ) ;
#1431 = CARTESIAN_POINT ( 'NONE',  ( -3.061616997868386592E-16, -16.63131480189349176, -338.4971743906191364 ) ) ;
#1432 = CARTESIAN_POINT ( 'NONE',  ( 21.54248251245784829, -7.552133738441212931E-14, -339.7937097858272182 ) ) ;
#1433 = EDGE_CURVE ( 'NONE', #241, #1767, #402, .T. ) ;
#1434 = CARTESIAN_POINT ( 'NONE',  ( 5.000000000000005329, -22.82280726805832316, -342.5446931419174916 ) ) ;
#1435 = CARTESIAN_POINT ( 'NONE',  ( 7.316378254682853743, -1.653633325026195200, -337.8819544560811323 ) ) ;
#1436 = DIRECTION ( 'NONE',  ( 1.000000000000000000, 0.000000000000000000, 0.000000000000000000 ) ) ;
#1437 = CARTESIAN_POINT ( 'NONE',  ( 5.000000000000005329, 20.96851650090802721, -339.1156999729153654 ) ) ;
#1438 = CARTESIAN_POINT ( 'NONE',  ( 3.061616997868386592E-16, 22.82280726805832316, -342.5446931419174916 ) ) ;
#1439 = CARTESIAN_POINT ( 'NONE',  ( -10.70577442364470500, 13.89042350320258379, -303.6623137911547587 ) ) ;
#1440 = CARTESIAN_POINT ( 'NONE',  ( -24.95112436346218132, 5.000000000000267342, -336.0136030578399868 ) ) ;
#1441 = DIRECTION ( 'NONE',  ( 1.000000000000000000, -0.000000000000000000, -1.431777657695698783E-16 ) ) ;
#1442 = DIRECTION ( 'NONE',  ( 0.000000000000000000, -0.3401339700489968698, 0.9403769895200053686 ) ) ;
#1443 = VERTEX_POINT ( 'NONE', #3577 ) ;
#1444 = CARTESIAN_POINT ( 'NONE',  ( 0.000000000000000000, -22.27970408794294954, -334.2073279480806036 ) ) ;
#1445 = CARTESIAN_POINT ( 'NONE',  ( 11.85952487993628246, -12.88094832616639707, -304.1479053154952226 ) ) ;
#1446 = DIRECTION ( 'NONE',  ( -1.047444401652940164E-14, -1.000000000000000000, -3.944304526105058151E-31 ) ) ;
#1447 = CARTESIAN_POINT ( 'NONE',  ( 22.94058104297341671, -5.000000000000086153, -351.2916259697266241 ) ) ;
#1448 = DIRECTION ( 'NONE',  ( -1.000000000000000000, 1.151629670207498570E-16, 4.165439777017856733E-17 ) ) ;
#1449 = B_SPLINE_CURVE_WITH_KNOTS ( 'NONE', 3,
 ( #829, #2709, #3057, #1052, #2170, #1911 ),
 .UNSPECIFIED., .F., .F.,
 ( 4, 2, 4 ),
 ( 0.1100740508811383495, 0.1102353981832227270, 0.1103967454853071184 ),
 .UNSPECIFIED. ) ;
#1450 = EDGE_LOOP ( 'NONE', ( #2791, #2411, #1762, #2317 ) ) ;
#1451 = CIRCLE ( 'NONE', #571, 395.0841691450910389 ) ;
#1452 = CARTESIAN_POINT ( 'NONE',  ( 27.64246599057346288, -9.651315416569369240E-14, -352.9922958199715026 ) ) ;
#1453 = DIRECTION ( 'NONE',  ( -0.000000000000000000, -0.000000000000000000, 1.000000000000000000 ) ) ;
#1454 = EDGE_CURVE ( 'NONE', #2284, #2394, #1878, .T. ) ;
#1455 = CIRCLE ( 'NONE', #3368, 2.500000000000002220 ) ;
#1456 = CARTESIAN_POINT ( 'NONE',  ( 5.000000000000005329, -27.12167573721353619, -339.6567022317279907 ) ) ;
#1457 = CARTESIAN_POINT ( 'NONE',  ( 7.099140351195510235, -2.419374031903621436, -336.6509719488043402 ) ) ;
#1458 = CIRCLE ( 'NONE', #2852, 1.168479031451809869 ) ;
#1459 = EDGE_CURVE ( 'NONE', #108, #1653, #2813, .T. ) ;
#1460 = CARTESIAN_POINT ( 'NONE',  ( 7.344127414414622912, 1.527350777973894624, -337.9858996372958586 ) ) ;
#1461 = CARTESIAN_POINT ( 'NONE',  ( 5.000000000000005329, 23.10099649808227440, -334.5516039357306681 ) ) ;
#1462 = DIRECTION ( 'NONE',  ( 1.000000000000000000, 0.000000000000000000, 0.000000000000000000 ) ) ;
#1463 = CARTESIAN_POINT ( 'NONE',  ( -18.65238951158536196, 1.956795714133506067E-13, -338.6063043901583001 ) ) ;
#1464 = CARTESIAN_POINT ( 'NONE',  ( -28.49011611215918904, 5.000000000000303757, -349.5327445574391731 ) ) ;
#1465 = CARTESIAN_POINT ( 'NONE',  ( 0.000000000000000000, 28.35094872480814487, -344.3384610673687689 ) ) ;
#1466 = VERTEX_POINT ( 'NONE', #2013 ) ;
#1467 = CARTESIAN_POINT ( 'NONE',  ( -3.061616997868386592E-16, -22.41613585559580102, -341.4191863349707887 ) ) ;
#1468 = CARTESIAN_POINT ( 'NONE',  ( -0.8094841615082458697, -7.457732635495464280, -338.3709320150500730 ) ) ;
#1469 = CARTESIAN_POINT ( 'NONE',  ( 0.000000000000000000, 0.000000000000000000, -325.0000000000000000 ) ) ;
#1470 = CARTESIAN_POINT ( 'NONE',  ( 20.79747242897318316, -7.292014858065890880E-14, -339.0045997728646512 ) ) ;
#1471 = CARTESIAN_POINT ( 'NONE',  ( 0.000000000000000000, 24.95112436346223461, -336.0136030578399868 ) ) ;
#1472 = ORIENTED_EDGE ( 'NONE', *, *, #535, .F. ) ;
#1473 = CARTESIAN_POINT ( 'NONE',  ( 19.14206404500040648, -5.000000000000071942, -333.6278838779330158 ) ) ;
#1474 = CARTESIAN_POINT ( 'NONE',  ( 20.53366848166273684, -7.199908202150098821E-14, -338.9121152687107497 ) ) ;
#1475 = CARTESIAN_POINT ( 'NONE',  ( 0.000000000000000000, -16.80894403190034936, -333.4978844596955128 ) ) ;
#1476 = CARTESIAN_POINT ( 'NONE',  ( 28.35094872480814487, -9.898680841137003206E-14, -344.3384610673687689 ) ) ;
#1477 = CC_DESIGN_PERSON_AND_ORGANIZATION_ASSIGNMENT ( #2429, #2688, ( #423 ) ) ;
#1478 = PLANE ( 'NONE',  #3542 ) ;
#1479 = CARTESIAN_POINT ( 'NONE',  ( 0.000000000000000000, 28.23531764672898348, -351.3018813774303908 ) ) ;
#1480 = LINE ( 'NONE', #948, #2268 ) ;
#1481 = CARTESIAN_POINT ( 'NONE',  ( -20.79747242897318316, 2.181481223424226649E-13, -339.0045997728646512 ) ) ;
#1482 = CARTESIAN_POINT ( 'NONE',  ( -14.99999999999994849, 5.000000000000162537, -333.5000000000000000 ) ) ;
#1483 = CARTESIAN_POINT ( 'NONE',  ( 19.14206404499947567, -6.683415940004637855E-14, -333.6278838779329590 ) ) ;
#1484 = EDGE_CURVE ( 'NONE', #1650, #1443, #3169, .T. ) ;
#1485 = VERTEX_POINT ( 'NONE', #1707 ) ;
#1486 = CARTESIAN_POINT ( 'NONE',  ( -3.061616997868386592E-16, -21.76568028555520939, -340.1474355323161376 ) ) ;
#1487 = CARTESIAN_POINT ( 'NONE',  ( -1.997312209682546635, -7.232990705424215072, -334.4619829542304501 ) ) ;
#1488 = CARTESIAN_POINT ( 'NONE',  ( 5.000000000000005329, 14.99999999999999822, -333.5000000000000000 ) ) ;
#1489 = DIRECTION ( 'NONE',  ( 0.000000000000000000, 0.000000000000000000, 1.000000000000000000 ) ) ;
#1490 = VERTEX_POINT ( 'NONE', #1995 ) ;
#1491 = CARTESIAN_POINT ( 'NONE',  ( -3.061616997868386592E-16, -19.70304487559264572, -338.7229328805124737 ) ) ;
#1492 = CARTESIAN_POINT ( 'NONE',  ( 2.499980358615591758, 7.071074756143469919, -336.1650353934114150 ) ) ;
#1493 = CARTESIAN_POINT ( 'NONE',  ( 5.000000000000005329, -27.63585913147470308, -341.1395218688211344 ) ) ;
#1494 = DIRECTION ( 'NONE',  ( 0.000000000000000000, 0.000000000000000000, -1.000000000000000000 ) ) ;
#1495 = CARTESIAN_POINT ( 'NONE',  ( -29.99999999999998224, 42.09656721128924062, -194.1064706347662252 ) ) ;
#1496 = CARTESIAN_POINT ( 'NONE',  ( 20.53366848166272263, -5.000000000000077272, -338.9121152687107497 ) ) ;
#1497 = LINE ( 'NONE', #2638, #2387 ) ;
#1498 = CARTESIAN_POINT ( 'NONE',  ( -23.38237633774823365, -4.999999999999761080, -345.0117091510177261 ) ) ;
#1499 = CARTESIAN_POINT ( 'NONE',  ( -20.82815769973551667, 2.184695334930927727E-13, -339.0188788894475920 ) ) ;
#1500 = DIRECTION ( 'NONE',  ( 0.000000000000000000, -0.3401339700489968698, 0.9403769895200053686 ) ) ;
#1501 = CARTESIAN_POINT ( 'NONE',  ( -28.35094872480814487, 2.969604252336800092E-13, -344.3384610673687689 ) ) ;
#1502 = ORIENTED_EDGE ( 'NONE', *, *, #495, .F. ) ;
#1503 = CARTESIAN_POINT ( 'NONE',  ( 0.000000000000000000, -24.95112436346223461, -336.0136030578399868 ) ) ;
#1504 = EDGE_CURVE ( 'NONE', #2010, #1635, #3071, .T. ) ;
#1505 = CARTESIAN_POINT ( 'NONE',  ( -0.1639837195683850612, -7.500000000000001776, -338.5000000000000568 ) ) ;
#1506 = CARTESIAN_POINT ( 'NONE',  ( 5.000000000000005329, 20.37346398396783442, -333.7390229158967259 ) ) ;
#1507 = CARTESIAN_POINT ( 'NONE',  ( 0.000000000000000000, -28.49011611213813566, -349.5327445574392300 ) ) ;
#1508 = ORIENTED_EDGE ( 'NONE', *, *, #2349, .F. ) ;
#1509 = CARTESIAN_POINT ( 'NONE',  ( 0.000000000000000000, -15.00000000000000000, -336.0000000000000000 ) ) ;
#1510 = CARTESIAN_POINT ( 'NONE',  ( 5.000000000000005329, -28.23531764672898348, -351.3018813774303908 ) ) ;
#1511 = DIRECTION ( 'NONE',  ( 0.000000000000000000, 0.9403769895200064788, -0.3401339700489933726 ) ) ;
#1512 = CARTESIAN_POINT ( 'NONE',  ( -21.31761007673287978, -7.207343562659507263, -305.3354550318560996 ) ) ;
#1513 = AXIS2_PLACEMENT_3D ( 'NONE', #3067, #324, #3386 ) ;
#1514 = CARTESIAN_POINT ( 'NONE',  ( 7.344103489429490317, -1.527418285936674947, -334.0142011168438216 ) ) ;
#1515 = AXIS2_PLACEMENT_3D ( 'NONE', #3026, #795, #835 ) ;
#1516 = CARTESIAN_POINT ( 'NONE',  ( -15.71372460309101271, 7.787475441700440371, -305.1490341927722056 ) ) ;
#1517 = CARTESIAN_POINT ( 'NONE',  ( -15.00000000000000000, 1.571166602479409884E-13, -333.5000000000000000 ) ) ;
#1518 = B_SPLINE_CURVE_WITH_KNOTS ( 'NONE', 3,
 ( #1804, #173, #682, #1590, #2894, #2654, #153, #448, #3529, #2091, #3172, #2132, #975, #1842, #663, #998, #2636, #1786, #1237, #414, #1549, #2966, #393, #2912, #469, #704, #2113, #1270, #721, #120 ),
 .UNSPECIFIED., .F., .F.,
 ( 4, 2, 2, 2, 2, 2, 2, 2, 2, 2, 2, 2, 2, 2, 4 ),
 ( 0.007872893012284352954, 0.008364823544814105685, 0.008856754077343858417, 0.009348684609873611148, 0.009840615142403363880, 0.01082447620746286934, 0.01131640673999269667, 0.01180833727252252399, 0.01230026780505235305, 0.01279219833758218038, 0.01377605940264183676, 0.01426798993517166582, 0.01475992046770149314, 0.01525185100023132220, 0.01574378153276114953 ),
 .UNSPECIFIED. ) ;
#1519 = CARTESIAN_POINT ( 'NONE',  ( -28.35094872480809158, 5.000000000000302869, -344.3384610673687689 ) ) ;
#1520 = TOROIDAL_SURFACE ( 'NONE', #468, -0.04049180243233817256, 1.168479031451811201 ) ;
#1521 = AXIS2_PLACEMENT_3D ( 'NONE', #2364, #645, #1251 ) ;
#1522 = CARTESIAN_POINT ( 'NONE',  ( 24.95112436346223461, -8.711638509814330823E-14, -336.0136030578399868 ) ) ;
#1523 = ORIENTED_EDGE ( 'NONE', *, *, #1454, .F. ) ;
#1524 = LOCAL_TIME ( 19, 32, 0.000000000000000000, #3524 ) ;
#1525 = EDGE_CURVE ( 'NONE', #786, #801, #164, .T. ) ;
#1526 = CARTESIAN_POINT ( 'NONE',  ( -3.061616997868386592E-16, -23.50391484076516946, -348.9578767150717908 ) ) ;
#1527 = CARTESIAN_POINT ( 'NONE',  ( -1.654177602938479152, -7.316252395172114120, -334.1185419000299817 ) ) ;
#1528 = CARTESIAN_POINT ( 'NONE',  ( 0.000000000000000000, 26.14080198592635185, -337.7142433841773936 ) ) ;
#1529 = DIRECTION ( 'NONE',  ( -1.405046204492994231E-16, 0.000000000000000000, -1.000000000000000000 ) ) ;
#1530 = ORIENTED_EDGE ( 'NONE', *, *, #868, .F. ) ;
#1531 = CARTESIAN_POINT ( 'NONE',  ( 0.8097080880323651586, 7.457714297899737055, -333.6291218371254672 ) ) ;
#1532 = CARTESIAN_POINT ( 'NONE',  ( -15.00000000000000000, 1.571166602479409884E-13, -333.5000000000000000 ) ) ;
#1533 = CARTESIAN_POINT ( 'NONE',  ( -17.70486632181073006, -13.90353482889109848, -303.8571989074022781 ) ) ;
#1534 = CARTESIAN_POINT ( 'NONE',  ( 21.54248251245784829, -5.000000000000081712, -339.7937097858272182 ) ) ;
#1535 = CARTESIAN_POINT ( 'NONE',  ( 7.115542513247850920, -2.371384634618079357, -335.1915488721530778 ) ) ;
#1536 = CARTESIAN_POINT ( 'NONE',  ( 0.2823696873020851150, 17.50010988298651782, -302.3627540748781826 ) ) ;
#1537 = CARTESIAN_POINT ( 'NONE',  ( 16.63131480189349176, -5.837408697103823803E-14, -338.4971743906191364 ) ) ;
#1538 = CARTESIAN_POINT ( 'NONE',  ( -23.50391484074411608, -4.999999999999759304, -348.9578767150717340 ) ) ;
#1539 = CARTESIAN_POINT ( 'NONE',  ( -20.37346398396459790, 5.000000000000218492, -333.7390229158967259 ) ) ;
#1540 = DIRECTION ( 'NONE',  ( 1.000000000000000000, 0.000000000000000000, 0.000000000000000000 ) ) ;
#1541 = EDGE_LOOP ( 'NONE', ( #940, #189, #2520 ) ) ;
#1542 = CARTESIAN_POINT ( 'NONE',  ( 5.000000000000005329, -28.49011611213813921, -349.5327445574391731 ) ) ;
#1543 = CARTESIAN_POINT ( 'NONE',  ( 17.49694210585435528, -0.3271344438929733589, -305.8350428043144120 ) ) ;
#1544 = CARTESIAN_POINT ( 'NONE',  ( 0.000000000000000000, 21.88892678961155980, -334.0963682416403913 ) ) ;
#1545 = ORIENTED_EDGE ( 'NONE', *, *, #720, .T. ) ;
#1546 = CARTESIAN_POINT ( 'NONE',  ( -15.00000000000000000, 1.574228219477278389E-13, -338.5000000000000000 ) ) ;
#1547 = CARTESIAN_POINT ( 'NONE',  ( 5.000000000000005329, 25.77854879289000323, -337.1129459021298089 ) ) ;
#1548 = PRODUCT_RELATED_PRODUCT_CATEGORY ( 'detail', '', ( #423 ) ) ;
#1549 = CARTESIAN_POINT ( 'NONE',  ( 1.997176506854446254, -7.233039462016177090, -334.4617237496981375 ) ) ;
#1550 = VECTOR ( 'NONE', #2184, 1000.000000000000000 ) ;
#1551 = LINE ( 'NONE', #3209, #1341 ) ;
#1552 = ADVANCED_FACE ( 'NONE', ( #298 ), #2909, .T. ) ;
#1553 = CARTESIAN_POINT ( 'NONE',  ( -5.000000000000005329, -22.27970408794294954, -334.2073279480806605 ) ) ;
#1554 = CARTESIAN_POINT ( 'NONE',  ( 15.93280142621009077, 7.261048372523657868, -305.2280524550625955 ) ) ;
#1555 = CARTESIAN_POINT ( 'NONE',  ( 20.53366848166272263, -5.000000000000077272, -338.9121152687107497 ) ) ;
#1556 = CARTESIAN_POINT ( 'NONE',  ( -20.82815769973557352, -4.999999999999787725, -339.0188788894475920 ) ) ;
#1557 = CARTESIAN_POINT ( 'NONE',  ( -27.63585913147470308, 2.894702593211407938E-13, -341.1395218688211344 ) ) ;
#1558 = CARTESIAN_POINT ( 'NONE',  ( -19.14206404499947567, 2.005024782001256808E-13, -333.6278838779329590 ) ) ;
#1559 = EDGE_LOOP ( 'NONE', ( #896, #1281, #403 ) ) ;
#1560 = CARTESIAN_POINT ( 'NONE',  ( 27.12167573723026237, 4.999999999999910294, -339.6567022317279907 ) ) ;
#1561 = DIRECTION ( 'NONE',  ( 1.000000000000000000, 0.000000000000000000, 0.000000000000000000 ) ) ;
#1562 = CARTESIAN_POINT ( 'NONE',  ( 0.000000000000000000, 20.37346398396783442, -333.7390229158967259 ) ) ;
#1563 = EDGE_LOOP ( 'NONE', ( #679, #3605, #1188, #2941, #257, #3430 ) ) ;
#1564 = CARTESIAN_POINT ( 'NONE',  ( 0.6533549264641721477, 7.473254736812275922, -333.5812236652560046 ) ) ;
#1565 = CARTESIAN_POINT ( 'NONE',  ( 0.000000000000000000, 22.27970408794294954, -334.2073279480806036 ) ) ;
#1566 = CYLINDRICAL_SURFACE ( 'NONE', #1132, 50.77142783045179897 ) ;
#1567 = FACE_OUTER_BOUND ( 'NONE', #1389, .T. ) ;
#1568 = EDGE_CURVE ( 'NONE', #2754, #797, #2795, .T. ) ;
#1569 = CARTESIAN_POINT ( 'NONE',  ( -5.000000000000005329, -20.37346398396783442, -333.7390229158967259 ) ) ;
#1570 = CARTESIAN_POINT ( 'NONE',  ( 13.17688571970211520, 11.57240306459281776, -304.3279886302321415 ) ) ;
#1571 = CARTESIAN_POINT ( 'NONE',  ( 18.65238951158629277, -5.000000000000071942, -338.6063043901583001 ) ) ;
#1572 = EDGE_CURVE ( 'NONE', #2158, #1877, #2965, .T. ) ;
#1573 = CARTESIAN_POINT ( 'NONE',  ( -21.54248251245790158, -4.999999999999779732, -339.7937097858272182 ) ) ;
#1574 = AXIS2_PLACEMENT_3D ( 'NONE', #3324, #827, #1942 ) ;
#1575 = EDGE_CURVE ( 'NONE', #1767, #1176, #2154, .T. ) ;
#1576 = CARTESIAN_POINT ( 'NONE',  ( -27.63585913147476347, -4.999999999999714895, -341.1395218688211344 ) ) ;
#1577 = CARTESIAN_POINT ( 'NONE',  ( 20.79747242897230564, 4.999999999999933387, -339.0045997728645943 ) ) ;
#1578 = CARTESIAN_POINT ( 'NONE',  ( 22.50000000000001066, 0.7440065130763159340, -305.8287921719782503 ) ) ;
#1579 = ORIENTED_EDGE ( 'NONE', *, *, #1743, .T. ) ;
#1581 = CARTESIAN_POINT ( 'NONE',  ( 27.64246599057346288, -9.651315416569369240E-14, -352.9922958199715026 ) ) ;
#1580 = AXIS2_PLACEMENT_3D ( 'NONE', #3350, #325, #1703 ) ;
#1582 = CIRCLE ( 'NONE', #1226, 395.0841691450910389 ) ;
#1583 = DIRECTION ( 'NONE',  ( 0.000000000000000000, 0.000000000000000000, -1.000000000000000000 ) ) ;
#1584 = CARTESIAN_POINT ( 'NONE',  ( -5.000000000000005329, 20.96851650090802721, -339.1156999729153654 ) ) ;
#1585 = DIRECTION ( 'NONE',  ( 1.000000000000000000, 0.000000000000000000, 0.000000000000000000 ) ) ;
#1586 = ORIENTED_EDGE ( 'NONE', *, *, #71, .T. ) ;
#1587 = VERTEX_POINT ( 'NONE', #3148 ) ;
#1588 = CARTESIAN_POINT ( 'NONE',  ( -2.276323461236455792, -17.38893804473895344, -302.6656327169594078 ) ) ;
#1589 = CARTESIAN_POINT ( 'NONE',  ( -5.000000000000005329, 21.88892678961155980, -334.0963682416404481 ) ) ;
#1590 = CARTESIAN_POINT ( 'NONE',  ( 0.6533549264641721477, -7.473254736812275922, -338.4187763347441660 ) ) ;
#1591 = CARTESIAN_POINT ( 'NONE',  ( 22.07556898187184657, -4.365472087128941858, -305.6644730260629217 ) ) ;
#1592 = CARTESIAN_POINT ( 'NONE',  ( -5.000000000000005329, -23.10099649808227440, -334.5516039357306681 ) ) ;
#1593 = CARTESIAN_POINT ( 'NONE',  ( 11.96674647829149585, 12.78171296087382025, -303.9922780949444814 ) ) ;
#1594 = ADVANCED_FACE ( 'NONE', ( #3483, #2320 ), #1797, .F. ) ;
#1595 = CARTESIAN_POINT ( 'NONE',  ( 21.88892678961155980, -7.642477941322712294E-14, -334.0963682416403913 ) ) ;
#1596 = CARTESIAN_POINT ( 'NONE',  ( -20.82815769973557352, -4.999999999999787725, -339.0188788894475920 ) ) ;
#1597 = CARTESIAN_POINT ( 'NONE',  ( 40.00000000000000000, 49.39730102783496335, -248.0774406985227358 ) ) ;
#1598 = VERTEX_POINT ( 'NONE', #3198 ) ;
#1599 = CARTESIAN_POINT ( 'NONE',  ( 24.95112436346223461, -8.711638509814330823E-14, -336.0136030578399868 ) ) ;
#1600 = CARTESIAN_POINT ( 'NONE',  ( 3.062697906143066780E-16, 7.500000000000000000, -333.5000000000000000 ) ) ;
#1601 = EDGE_CURVE ( 'NONE', #1384, #2874, #128, .T. ) ;
#1602 = CARTESIAN_POINT ( 'NONE',  ( 3.061616997868386592E-16, 23.53851726284230850, -346.3552519128185168 ) ) ;
#1603 = PERSON_AND_ORGANIZATION ( #15, #2917 ) ;
#1604 = ORIENTED_EDGE ( 'NONE', *, *, #1525, .T. ) ;
#1605 = VERTEX_POINT ( 'NONE', #989 ) ;
#1606 = CARTESIAN_POINT ( 'NONE',  ( 40.00000000000000000, 0.000000000000000000, 50.00000000000000000 ) ) ;
#1607 = CARTESIAN_POINT ( 'NONE',  ( 3.061616997868386592E-16, 22.41613585559580102, -341.4191863349707887 ) ) ;
#1608 = CARTESIAN_POINT ( 'NONE',  ( -2.370475751650082064, 7.115838780199428726, -336.8107395593939373 ) ) ;
#1609 = CARTESIAN_POINT ( 'NONE',  ( 0.3501762982384999945, -22.50030369958028587, -300.3421917825881451 ) ) ;
#1610 = CARTESIAN_POINT ( 'NONE',  ( -5.000000000000005329, -25.77854879289000323, -337.1129459021298089 ) ) ;
#1611 = CARTESIAN_POINT ( 'NONE',  ( 20.82815769973551667, -7.302728563088887924E-14, -339.0188788894475920 ) ) ;
#1612 = CARTESIAN_POINT ( 'NONE',  ( -27.12167573721358949, -4.999999999999722000, -339.6567022317279907 ) ) ;
#1613 = CARTESIAN_POINT ( 'NONE',  ( 21.75827014351292021, 5.919974651132249299, -305.4453043992430707 ) ) ;
#1614 = ORIENTED_EDGE ( 'NONE', *, *, #3239, .F. ) ;
#1615 = CARTESIAN_POINT ( 'NONE',  ( -40.00000000000000000, -41.25000000000000000, -108.2566363886432868 ) ) ;
#1616 = CARTESIAN_POINT ( 'NONE',  ( 5.000000000000005329, 21.14486282628767100, -339.2759833987219054 ) ) ;
#1617 = APPROVAL_ROLE ( '' ) ;
#1618 = EDGE_LOOP ( 'NONE', ( #1371, #2146, #879, #1288 ) ) ;
#1619 = ORIENTED_EDGE ( 'NONE', *, *, #582, .F. ) ;
#1620 = EDGE_CURVE ( 'NONE', #1928, #1370, #3544, .T. ) ;
#1621 = CARTESIAN_POINT ( 'NONE',  ( 0.8104981276365311738, 7.457634513970999635, -338.3706321013098659 ) ) ;
#1622 = CARTESIAN_POINT ( 'NONE',  ( -5.000000000000005329, 28.23531764672898348, -351.3018813774303908 ) ) ;
#1623 = CARTESIAN_POINT ( 'NONE',  ( -0.3297248419977998335, 7.494504041015529694, -333.5163471703946811 ) ) ;
#1624 = CARTESIAN_POINT ( 'NONE',  ( 15.28487637693422130, -16.52689311275996431, -302.9904245675368770 ) ) ;
#1625 = DIRECTION ( 'NONE',  ( 0.000000000000000000, -0.9403769895200064788, -0.3401339700489933726 ) ) ;
#1626 = CARTESIAN_POINT ( 'NONE',  ( 15.72797534188301682, -5.491393240398750419E-14, -333.4918484924627364 ) ) ;
#1627 = CARTESIAN_POINT ( 'NONE',  ( -24.48787753505513010, 2.564969023245435686E-13, -335.5118404682566506 ) ) ;
#1628 = CARTESIAN_POINT ( 'NONE',  ( 2.623726013583331795, 22.34964400214937896, -300.0725025061748852 ) ) ;
#1629 = VECTOR ( 'NONE', #2774, 999.9999999999998863 ) ;
#1630 = ORIENTED_EDGE ( 'NONE', *, *, #1504, .F. ) ;
#1631 = CARTESIAN_POINT ( 'NONE',  ( -14.85583796414910829, 1.556066430741119398E-13, -380.9937646771664390 ) ) ;
#1632 = CIRCLE ( 'NONE', #3425, 50.00000000000000000 ) ;
#1633 = CARTESIAN_POINT ( 'NONE',  ( 5.000000000000005329, 20.79747242897318316, -339.0045997728645943 ) ) ;
#1634 = ORIENTED_EDGE ( 'NONE', *, *, #2616, .T. ) ;
#1635 = VERTEX_POINT ( 'NONE', #74 ) ;
#1636 = EDGE_CURVE ( 'NONE', #545, #2010, #3309, .T. ) ;
#1637 = MANIFOLD_SOLID_BREP ( 'Boss-Extrude6', #204 ) ;
#1638 = DIRECTION ( 'NONE',  ( 0.000000000000000000, 0.000000000000000000, 1.000000000000000000 ) ) ;
#1639 = CARTESIAN_POINT ( 'NONE',  ( 3.061616997868386592E-16, 21.54248251245784829, -339.7937097858272182 ) ) ;
#1640 = EDGE_CURVE ( 'NONE', #655, #1466, #3120, .T. ) ;
#1641 = CIRCLE ( 'NONE', #1981, 1.168479031451811645 ) ;
#1642 = CARTESIAN_POINT ( 'NONE',  ( -0.8105850262519950222, 7.457625548624106315, -338.3706043331652040 ) ) ;
#1643 = AXIS2_PLACEMENT_3D ( 'NONE', #3454, #135, #3494 ) ;
#1644 = CARTESIAN_POINT ( 'NONE',  ( -7.940368613998806779, -21.06476876395501918, -301.0702122111126187 ) ) ;
#1645 = EDGE_CURVE ( 'NONE', #3001, #2110, #1451, .T. ) ;
#1646 = CARTESIAN_POINT ( 'NONE',  ( 5.000000000000005329, -23.31181146317005926, -350.2139333800129748 ) ) ;
#1647 = CARTESIAN_POINT ( 'NONE',  ( 23.10099649808227440, -8.065669818173262100E-14, -334.5516039357306681 ) ) ;
#1648 = CARTESIAN_POINT ( 'NONE',  ( 22.50000000000000355, 2.358597211267599108E-16, -305.8339162968049436 ) ) ;
#1649 = CARTESIAN_POINT ( 'NONE',  ( 0.000000000000000000, 14.85583796414910829, -380.9937646771664390 ) ) ;
#1650 = VERTEX_POINT ( 'NONE', #3408 ) ;
#1651 = DIRECTION ( 'NONE',  ( -1.000000000000000000, 3.491481338843133355E-15, -0.000000000000000000 ) ) ;
#1652 = CARTESIAN_POINT ( 'NONE',  ( -5.000000000000005329, 21.54248251245784829, -339.7937097858272182 ) ) ;
#1653 = VERTEX_POINT ( 'NONE', #1543 ) ;
#1654 = VERTEX_POINT ( 'NONE', #348 ) ;
#1655 = CARTESIAN_POINT ( 'NONE',  ( -5.000000000000005329, -23.31181146317005926, -350.2139333800129748 ) ) ;
#1656 = CARTESIAN_POINT ( 'NONE',  ( 1.997176506854446254, 7.233039462016177090, -337.5382762503018057 ) ) ;
#1657 = CARTESIAN_POINT ( 'NONE',  ( 3.061616997868386592E-16, 23.53851726284230850, -346.3552519128185168 ) ) ;
#1658 = CARTESIAN_POINT ( 'NONE',  ( 40.00000000000000000, 41.25000000000000000, -108.2566363886432868 ) ) ;
#1659 = CARTESIAN_POINT ( 'NONE',  ( -7.255199994385735707, -21.31083308615904670, -300.9494949129167480 ) ) ;
#1660 = CARTESIAN_POINT ( 'NONE',  ( -5.000000000000005329, -23.31181146317005926, -350.2139333800129748 ) ) ;
#1661 = CARTESIAN_POINT ( 'NONE',  ( 21.76568028554692802, 4.999999999999928946, -340.1474355323161376 ) ) ;
#1662 = CARTESIAN_POINT ( 'NONE',  ( -7.076865324314117522, 2.483779042376752511, -336.3289158954302707 ) ) ;
#1663 = CARTESIAN_POINT ( 'NONE',  ( -15.64014409436185638, 1.641279754266497743E-13, -338.4918484924057793 ) ) ;
#1664 = CYLINDRICAL_SURFACE ( 'NONE', #1923, 47.49999999999998579 ) ;
#1665 = ORIENTED_EDGE ( 'NONE', *, *, #3131, .T. ) ;
#1666 = DIRECTION ( 'NONE',  ( 0.000000000000000000, 0.000000000000000000, -1.000000000000000000 ) ) ;
#1667 = CARTESIAN_POINT ( 'NONE',  ( -5.000000000000005329, 20.37346398396783442, -333.7390229158967259 ) ) ;
#1668 = ORIENTED_EDGE ( 'NONE', *, *, #2743, .F. ) ;
#1669 = VERTEX_POINT ( 'NONE', #2647 ) ;
#1670 = CARTESIAN_POINT ( 'NONE',  ( -5.000000000000005329, -20.82815769973551667, -339.0188788894475920 ) ) ;
#1671 = DIRECTION ( 'NONE',  ( -1.000000000000000000, 0.000000000000000000, 3.007417864768909959E-16 ) ) ;
#1672 = CARTESIAN_POINT ( 'NONE',  ( -14.88014288590487588, 1.558612236163688498E-13, -381.0456148739538662 ) ) ;
#1673 = EDGE_LOOP ( 'NONE', ( #2771, #1869 ) ) ;
#1674 = CARTESIAN_POINT ( 'NONE',  ( -17.50000000000000355, 2.143131898507868643E-15, -330.0000000000000000 ) ) ;
#1675 = CARTESIAN_POINT ( 'NONE',  ( -7.071067811865464847, 2.500000000000026645, -336.0000000000000000 ) ) ;
#1676 = CARTESIAN_POINT ( 'NONE',  ( 5.000000000000005329, -25.77854879289000323, -337.1129459021298089 ) ) ;
#1677 = CARTESIAN_POINT ( 'NONE',  ( 27.12167573723026237, 4.999999999999910294, -339.6567022317279907 ) ) ;
#1678 = EDGE_CURVE ( 'NONE', #673, #1650, #1378, .T. ) ;
#1679 = CARTESIAN_POINT ( 'NONE',  ( 26.14080198591807047, 4.999999999999914735, -337.7142433841773936 ) ) ;
#1680 = FACE_OUTER_BOUND ( 'NONE', #3575, .T. ) ;
#1681 = B_SPLINE_CURVE_WITH_KNOTS ( 'NONE', 3,
 ( #2881, #360, #2567, #2044, #2603, #2058, #3175, #1514, #66, #2624, #417, #1535, #1256, #2296, #1310, #2152 ),
 .UNSPECIFIED., .F., .F.,
 ( 4, 2, 2, 2, 2, 2, 2, 4 ),
 ( 0.007872893012284313055, 0.008364786491738617630, 0.008856679971192920470, 0.009348573450647225044, 0.009840466930101527884, 0.01082425388901013530, 0.01131614736846451447, 0.01180804084791889363 ),
 .UNSPECIFIED. ) ;
#1682 = CARTESIAN_POINT ( 'NONE',  ( 3.061616997868386592E-16, 23.53851726284230850, -346.3552519128185168 ) ) ;
#1683 = CARTESIAN_POINT ( 'NONE',  ( -21.88892678961249416, 5.000000000000234479, -334.0963682416404481 ) ) ;
#1684 = DIRECTION ( 'NONE',  ( 0.3401339700489968698, -1.187571409132701896E-15, 0.9403769895200053686 ) ) ;
#1685 = CARTESIAN_POINT ( 'NONE',  ( 0.000000000000000000, 16.80894403190034936, -333.4978844596955128 ) ) ;
#1686 = EDGE_LOOP ( 'NONE', ( #1665, #2163, #1011, #77 ) ) ;
#1688 = CIRCLE ( 'NONE', #1513, 50.77142783045179897 ) ;
#1687 = CARTESIAN_POINT ( 'NONE',  ( -3.061616997868386592E-16, -16.63131480189349176, -338.4971743906191364 ) ) ;
#1689 = DIRECTION ( 'NONE',  ( 2.985723184547604391E-16, 0.000000000000000000, 1.000000000000000000 ) ) ;
#1690 = CARTESIAN_POINT ( 'NONE',  ( 0.000000000000000000, 28.54861166975242881, -346.0525470957490484 ) ) ;
#1691 = TOROIDAL_SURFACE ( 'NONE', #2327, -0.04049180243233817256, 1.168479031451811201 ) ;
#1692 = CARTESIAN_POINT ( 'NONE',  ( 25.77854879289000678, -9.000532205287182700E-14, -337.1129459021298089 ) ) ;
#1693 = CARTESIAN_POINT ( 'NONE',  ( 20.82815769973551667, -7.302728563088887924E-14, -339.0188788894475920 ) ) ;
#1694 = CIRCLE ( 'NONE', #2159, 2.500000000000002220 ) ;
#1695 = CARTESIAN_POINT ( 'NONE',  ( -5.000000000000005329, -20.96851650090802721, -339.1156999729153654 ) ) ;
#1696 = DIRECTION ( 'NONE',  ( 0.000000000000000000, -0.2977623364123745953, 0.9546400321661792088 ) ) ;
#1697 = DIRECTION ( 'NONE',  ( -0.000000000000000000, -0.000000000000000000, 1.000000000000000000 ) ) ;
#1698 = CARTESIAN_POINT ( 'NONE',  ( -20.79747242897318316, 2.181481223424226649E-13, -339.0045997728646512 ) ) ;
#1699 = CARTESIAN_POINT ( 'NONE',  ( -22.50000000000001066, 0.7558178487076642194, -305.8287108248970867 ) ) ;
#1700 = CC_DESIGN_PERSON_AND_ORGANIZATION_ASSIGNMENT ( #2379, #2415, ( #664 ) ) ;
#1701 = CARTESIAN_POINT ( 'NONE',  ( -22.41613585559574773, 5.000000000000239808, -341.4191863349708456 ) ) ;
#1702 = DIRECTION ( 'NONE',  ( 1.000000000000000000, 0.000000000000000000, -1.431777657695698783E-16 ) ) ;
#1703 = DIRECTION ( 'NONE',  ( 0.000000000000000000, 0.000000000000000000, -1.000000000000000000 ) ) ;
#1704 = ORIENTED_EDGE ( 'NONE', *, *, #338, .F. ) ;
#1705 = CARTESIAN_POINT ( 'NONE',  ( -5.000000000000005329, -19.70304487559264928, -338.7229328805124737 ) ) ;
#1706 = EDGE_CURVE ( 'NONE', #1939, #1336, #3484, .T. ) ;
#1707 = CARTESIAN_POINT ( 'NONE',  ( 30.00000000000001776, 42.09656721128924062, -194.1064706347662252 ) ) ;
#1708 = CARTESIAN_POINT ( 'NONE',  ( 0.000000000000000000, 25.77854879289000678, -337.1129459021298089 ) ) ;
#1709 = ORIENTED_EDGE ( 'NONE', *, *, #920, .T. ) ;
#1710 = DIRECTION ( 'NONE',  ( 0.3401339700489858231, -3.562714227397984795E-15, -0.9403769895200092543 ) ) ;
#1711 = DIRECTION ( 'NONE',  ( -1.000000000000000000, -0.000000000000000000, -0.000000000000000000 ) ) ;
#1712 = CARTESIAN_POINT ( 'NONE',  ( -3.061616997868386592E-16, -20.53366848166273684, -338.9121152687107497 ) ) ;
#1713 = CARTESIAN_POINT ( 'NONE',  ( 24.95112436346223461, -8.711638509814330823E-14, -336.0136030578399868 ) ) ;
#1714 = CARTESIAN_POINT ( 'NONE',  ( -7.457852502807847728, 0.8086478131209501319, -338.3713241876335474 ) ) ;
#1715 = CYLINDRICAL_SURFACE ( 'NONE', #1100, 50.77142783045179897 ) ;
#1716 = CARTESIAN_POINT ( 'NONE',  ( 3.061616997868386592E-16, 21.54248251245784829, -339.7937097858272182 ) ) ;
#1717 = CARTESIAN_POINT ( 'NONE',  ( -20.96851650090797392, 5.000000000000224709, -339.1156999729153654 ) ) ;
#1718 = CARTESIAN_POINT ( 'NONE',  ( -40.00000000000000000, -0.3271344438929733589, -258.3350428043144120 ) ) ;
#1719 = CARTESIAN_POINT ( 'NONE',  ( -5.000000000000005329, 27.63585913147470308, -341.1395218688211344 ) ) ;
#1720 = ORIENTED_EDGE ( 'NONE', *, *, #1645, .T. ) ;
#1721 = EDGE_CURVE ( 'NONE', #1384, #1587, #3422, .T. ) ;
#1722 = CARTESIAN_POINT ( 'NONE',  ( -3.061616997868386592E-16, -15.64014409436185638, -338.4918484924057793 ) ) ;
#1723 = DIRECTION ( 'NONE',  ( -0.000000000000000000, 0.3401339700489968698, 0.9403769895200053686 ) ) ;
#1724 = LINE ( 'NONE', #1136, #1222 ) ;
#1725 = CARTESIAN_POINT ( 'NONE',  ( 16.63131480189445810, 4.999999999999946709, -338.4971743906191932 ) ) ;
#1726 =( NAMED_UNIT ( * ) PLANE_ANGLE_UNIT ( ) SI_UNIT ( $, .RADIAN. ) );
#1727 = ORIENTED_EDGE ( 'NONE', *, *, #1822, .T. ) ;
#1728 = DIRECTION ( 'NONE',  ( 1.000000000000000000, -0.000000000000000000, -3.007417864768909959E-16 ) ) ;
#1729 = CARTESIAN_POINT ( 'NONE',  ( 16.63131480189349176, -5.837408697103823803E-14, -338.4971743906191364 ) ) ;
#1730 = CARTESIAN_POINT ( 'NONE',  ( -3.061616997868366871E-16, -27.64246599057342024, -352.9922958199716163 ) ) ;
#1731 = DIRECTION ( 'NONE',  ( 0.000000000000000000, 0.000000000000000000, -1.000000000000000000 ) ) ;
#1732 = DIRECTION ( 'NONE',  ( -1.000000000000000000, 0.000000000000000000, 0.000000000000000000 ) ) ;
#1733 = CARTESIAN_POINT ( 'NONE',  ( 5.000000000000005329, 24.95112436346223461, -336.0136030578399868 ) ) ;
#1734 = CARTESIAN_POINT ( 'NONE',  ( 0.000000000000000000, -15.00000000000000000, -333.5000000000000000 ) ) ;
#1735 = CARTESIAN_POINT ( 'NONE',  ( -16.63131480189349176, 1.745099375135343488E-13, -338.4971743906191364 ) ) ;
#1736 = CARTESIAN_POINT ( 'NONE',  ( -25.77854879288995349, 5.000000000000276223, -337.1129459021298089 ) ) ;
#1737 = CARTESIAN_POINT ( 'NONE',  ( 0.000000000000000000, 23.10099649808227440, -334.5516039357306681 ) ) ;
#1738 = EDGE_LOOP ( 'NONE', ( #1430, #3186, #2452 ) ) ;
#1739 = CARTESIAN_POINT ( 'NONE',  ( 5.000000000000005329, -23.50391484076517301, -348.9578767150717340 ) ) ;
#1740 = CARTESIAN_POINT ( 'NONE',  ( -29.99999999999997513, 436.3341691450922326, -168.2566363886433010 ) ) ;
#1741 = CARTESIAN_POINT ( 'NONE',  ( 0.000000000000000000, 27.12167573721353619, -339.6567022317279907 ) ) ;
#1742 = CARTESIAN_POINT ( 'NONE',  ( 0.000000000000000000, 28.23531764672898348, -351.3018813774303908 ) ) ;
#1743 = EDGE_CURVE ( 'NONE', #1669, #1410, #1302, .T. ) ;
#1744 = VERTEX_POINT ( 'NONE', #239 ) ;
#1745 = AXIS2_PLACEMENT_3D ( 'NONE', #2690, #259, #1065 ) ;
#1746 = CARTESIAN_POINT ( 'NONE',  ( 3.061616997868385113E-16, -15.00000000000000000, -338.5000000000000000 ) ) ;
#1747 = DIRECTION ( 'NONE',  ( 2.921639538487254754E-16, 0.000000000000000000, 1.000000000000000000 ) ) ;
#1748 = CIRCLE ( 'NONE', #632, 2.500000000000009770 ) ;
#1749 = CARTESIAN_POINT ( 'NONE',  ( 0.000000000000000000, -15.00000000000000000, -333.5000000000000000 ) ) ;
#1750 = CARTESIAN_POINT ( 'NONE',  ( 7.457628245030732295, -0.8105575282729032827, -338.3706125969739560 ) ) ;
#1751 = AXIS2_PLACEMENT_3D ( 'NONE', #356, #98, #3397 ) ;
#1752 = AXIS2_PLACEMENT_3D ( 'NONE', #2057, #1805, #2601 ) ;
#1753 = CARTESIAN_POINT ( 'NONE',  ( -22.94058104297341316, 2.405959935374522099E-13, -351.2916259697265673 ) ) ;
#1754 = ADVANCED_FACE ( 'NONE', ( #3522 ), #1316, .T. ) ;
#1755 = CARTESIAN_POINT ( 'NONE',  ( 5.000000000000005329, 20.53366848166273684, -338.9121152687107497 ) ) ;
#1756 = DIRECTION ( 'NONE',  ( 1.000000000000000000, 0.000000000000000000, 0.000000000000000000 ) ) ;
#1757 = VECTOR ( 'NONE', #1785, 999.9999999999998863 ) ;
#1758 = CARTESIAN_POINT ( 'NONE',  ( -28.49011611213813566, 2.984181262418246681E-13, -349.5327445574392300 ) ) ;
#1759 = B_SPLINE_CURVE_WITH_KNOTS ( 'NONE', 3,
 ( #1896, #2198, #810, #1375, #1642, #486, #1101, #2777, #790, #536, #3327, #1608, #519, #211, #2435, #2726, #1395, #2220, #2149, #2486, #1929, #3545, #503, #1082, #1067, #3307, #2759, #1946, #1324, #1623, #2469, #3257 ),
 .UNSPECIFIED., .F., .F.,
 ( 4, 2, 2, 2, 2, 2, 2, 2, 2, 2, 2, 2, 2, 2, 2, 4 ),
 ( 2.724211496924732347E-18, 0.0004920558132678220413, 0.0009841116265356414806, 0.001476167439803460811, 0.001968223253071279925, 0.002952334879606918587, 0.003444390692874662024, 0.003936446506142405460, 0.004428502319410148463, 0.004920558132677892334, 0.005412613945945635337, 0.005904669759213378340, 0.006396725572481122210, 0.006888781385748865213, 0.007380837199016609083, 0.007872893012284352954 ),
 .UNSPECIFIED. ) ;
#1760 = CARTESIAN_POINT ( 'NONE',  ( -27.63585913147464979, 5.000000000000295763, -341.1395218688211344 ) ) ;
#1761 = CARTESIAN_POINT ( 'NONE',  ( -14.84206532663331579, 1.554623823534928012E-13, -381.0318422364381377 ) ) ;
#1762 = ORIENTED_EDGE ( 'NONE', *, *, #155, .T. ) ;
#1763 = CARTESIAN_POINT ( 'NONE',  ( 0.000000000000000000, -15.00000000000000000, -333.5000000000000000 ) ) ;
#1764 = CARTESIAN_POINT ( 'NONE',  ( -0.8105850262519950222, -7.457625548624106315, -333.6293956668347960 ) ) ;
#1765 = DIRECTION ( 'NONE',  ( -1.460819769243627377E-16, 0.000000000000000000, -1.000000000000000000 ) ) ;
#1766 = CARTESIAN_POINT ( 'NONE',  ( 0.000000000000000000, 23.52621183349084433, -334.7882220044681389 ) ) ;
#1767 = VERTEX_POINT ( 'NONE', #2427 ) ;
#1768 = CARTESIAN_POINT ( 'NONE',  ( 23.10099649808316968, -5.000000000000085265, -334.5516039357306681 ) ) ;
#1769 = CARTESIAN_POINT ( 'NONE',  ( 2.500019605910095422, 7.071060880129541815, -335.8355602097807946 ) ) ;
#1770 = CARTESIAN_POINT ( 'NONE',  ( 0.000000000000000000, -27.12167573721353619, -339.6567022317279907 ) ) ;
#1771 = CARTESIAN_POINT ( 'NONE',  ( 7.499999999999997335, -0.1664356871402354610, -338.4999999999998863 ) ) ;
#1772 = DIRECTION ( 'NONE',  ( 3.007417864768909959E-16, 0.000000000000000000, 1.000000000000000000 ) ) ;
#1773 = CARTESIAN_POINT ( 'NONE',  ( 0.000000000000000000, -28.35094872480814487, -344.3384610673687689 ) ) ;
#1774 = EDGE_CURVE ( 'NONE', #2449, #1669, #1277, .T. ) ;
#1775 = CARTESIAN_POINT ( 'NONE',  ( -27.12167573721358949, -4.999999999999722000, -339.6567022317279907 ) ) ;
#1776 = CARTESIAN_POINT ( 'NONE',  ( -20.53366848166273684, 2.153849226648939984E-13, -338.9121152687107497 ) ) ;
#1777 = CARTESIAN_POINT ( 'NONE',  ( 3.061616997868386592E-16, 22.94058104297341316, -351.2916259697265673 ) ) ;
#1778 = ORIENTED_EDGE ( 'NONE', *, *, #939, .T. ) ;
#1779 = CARTESIAN_POINT ( 'NONE',  ( 5.000000000000005329, -24.48787753505513010, -335.5118404682566506 ) ) ;
#1780 = CARTESIAN_POINT ( 'NONE',  ( -1.110569868103180813, -7.418872908894456053, -338.2457109777936921 ) ) ;
#1781 = LINE ( 'NONE', #3166, #2041 ) ;
#1782 = CARTESIAN_POINT ( 'NONE',  ( 3.061616997868385113E-16, 15.00000000000000000, -333.5000000000000000 ) ) ;
#1783 = EDGE_LOOP ( 'NONE', ( #2533, #2751, #1116, #823, #1262, #903 ) ) ;
#1784 = CARTESIAN_POINT ( 'NONE',  ( 3.062697906143066780E-16, 7.500000000000000000, -333.5000000000000000 ) ) ;
#1785 = DIRECTION ( 'NONE',  ( -5.473761498906372645E-18, -0.3818257474019906561, 0.9242343310118442679 ) ) ;
#1786 = CARTESIAN_POINT ( 'NONE',  ( 2.419308275464937097, -7.099162835088962176, -335.3487864228998774 ) ) ;
#1787 = DIRECTION ( 'NONE',  ( 0.000000000000000000, -0.9403769895200064788, -0.3401339700489933726 ) ) ;
#1788 = CYLINDRICAL_SURFACE ( 'NONE', #1050, 2.500000000000002220 ) ;
#1789 = CARTESIAN_POINT ( 'NONE',  ( 14.84589016440289200, 9.282906043575627208, -304.8552547914553088 ) ) ;
#1790 = ADVANCED_FACE ( 'NONE', ( #1076 ), #766, .T. ) ;
#1791 = CARTESIAN_POINT ( 'NONE',  ( -12.77995782557880489, 11.96843945889818173, -304.2179566670295117 ) ) ;
#1792 = CARTESIAN_POINT ( 'NONE',  ( -15.72797534188306834, -4.999999999999840128, -333.4918484924627364 ) ) ;
#1793 = CARTESIAN_POINT ( 'NONE',  ( -16.63131480189344202, 5.000000000000180300, -338.4971743906191932 ) ) ;
#1794 = CARTESIAN_POINT ( 'NONE',  ( 0.000000000000000000, -14.84206532663331579, -381.0318422364381377 ) ) ;
#1795 = VERTEX_POINT ( 'NONE', #747 ) ;
#1796 = CARTESIAN_POINT ( 'NONE',  ( -3.061616997868386592E-16, -21.54248251245784829, -339.7937097858272182 ) ) ;
#1797 = PLANE ( 'NONE',  #2785 ) ;
#1798 = CARTESIAN_POINT ( 'NONE',  ( 25.29152351677343802, -8.830488238972688968E-14, -352.1419608948490350 ) ) ;
#1799 = CARTESIAN_POINT ( 'NONE',  ( 30.00000000000002132, -436.9884380328770703, -168.2566363886434146 ) ) ;
#1800 = ORIENTED_EDGE ( 'NONE', *, *, #1089, .T. ) ;
#1801 = VERTEX_POINT ( 'NONE', #2447 ) ;
#1802 = CARTESIAN_POINT ( 'NONE',  ( 0.1639419682043153359, 7.500000000000000888, -333.5000000000000000 ) ) ;
#1803 = VECTOR ( 'NONE', #1098, 1000.000000000000000 ) ;
#1804 = CARTESIAN_POINT ( 'NONE',  ( 3.062697906143066780E-16, -7.500000000000000000, -338.5000000000000000 ) ) ;
#1805 = DIRECTION ( 'NONE',  ( -0.3401339700489968698, 3.562714227398105491E-15, 0.9403769895200053686 ) ) ;
#1806 = TOROIDAL_SURFACE ( 'NONE', #2209, -0.04049180243233817256, 1.168479031451811201 ) ;
#1807 = CARTESIAN_POINT ( 'NONE',  ( 14.99999999999998224, -5.000000000000058620, -338.5000000000000568 ) ) ;
#1808 = CARTESIAN_POINT ( 'NONE',  ( 0.000000000000000000, -28.49011611213813566, -349.5327445574392300 ) ) ;
#1809 = CONICAL_SURFACE ( 'NONE', #3547, 2.499999999999986677, 0.04471155042434143273 ) ;
#1810 = CARTESIAN_POINT ( 'NONE',  ( 15.00000000000000000, -5.267838178243383820E-14, -338.5000000000000000 ) ) ;
#1811 = CARTESIAN_POINT ( 'NONE',  ( -22.94058104297341671, 2.405959935410675405E-13, -351.2916259697266241 ) ) ;
#1812 = CARTESIAN_POINT ( 'NONE',  ( -27.63585913147470308, 2.894702593211407938E-13, -341.1395218688211344 ) ) ;
#1813 = EDGE_CURVE ( 'NONE', #3355, #494, #1024, .T. ) ;
#1814 = VECTOR ( 'NONE', #1382, 1000.000000000000000 ) ;
#1815 = CIRCLE ( 'NONE', #106, 22.50000000000000355 ) ;
#1816 = CARTESIAN_POINT ( 'NONE',  ( 16.80894403190034936, -5.868811441304814968E-14, -333.4978844596955128 ) ) ;
#1817 = VERTEX_POINT ( 'NONE', #1887 ) ;
#1818 = CARTESIAN_POINT ( 'NONE',  ( 5.000000000000005329, -20.53366848166273684, -338.9121152687107497 ) ) ;
#1819 = CARTESIAN_POINT ( 'NONE',  ( -0.3297248419977998335, -7.494504041015529694, -338.4836528296054325 ) ) ;
#1820 = DIRECTION ( 'NONE',  ( -1.000000000000000000, 3.491481338843133355E-15, -0.000000000000000000 ) ) ;
#1821 = ORIENTED_EDGE ( 'NONE', *, *, #2477, .T. ) ;
#1822 = EDGE_CURVE ( 'NONE', #619, #3185, #2263, .T. ) ;
#1823 = CARTESIAN_POINT ( 'NONE',  ( 0.000000000000000000, 0.000000000000000000, -325.0000000000000000 ) ) ;
#1824 = CARTESIAN_POINT ( 'NONE',  ( 0.000000000000000000, 27.12167573721353619, -339.6567022317279907 ) ) ;
#1825 = PLANE ( 'NONE',  #3004 ) ;
#1826 = FACE_OUTER_BOUND ( 'NONE', #588, .T. ) ;
#1827 = CARTESIAN_POINT ( 'NONE',  ( 0.000000000000000000, -20.37346398396783442, -333.7390229158967259 ) ) ;
#1828 = CARTESIAN_POINT ( 'NONE',  ( 17.27192561354327083, 2.875296333193582576, -305.7304032319294151 ) ) ;
#1829 = CARTESIAN_POINT ( 'NONE',  ( 19.14206404499947567, -6.683415940004637855E-14, -333.6278838779329590 ) ) ;
#1830 = CARTESIAN_POINT ( 'NONE',  ( -25.77854879289000678, 2.700159661584654460E-13, -337.1129459021298089 ) ) ;
#1831 = CARTESIAN_POINT ( 'NONE',  ( 22.27970408794294954, -7.778917105800198260E-14, -334.2073279480806036 ) ) ;
#1832 = EDGE_LOOP ( 'NONE', ( #1630, #1837, #295, #1043 ) ) ;
#1833 = CARTESIAN_POINT ( 'NONE',  ( -7.115683092604780491, 2.370948969652901361, -336.8094827529018858 ) ) ;
#1834 = CARTESIAN_POINT ( 'NONE',  ( -1.527004492722136897, -7.344191526188765806, -337.9861253277941842 ) ) ;
#1835 = CARTESIAN_POINT ( 'NONE',  ( 0.000000000000000000, 28.23531764672898348, -351.3018813774303908 ) ) ;
#1836 = COORDINATED_UNIVERSAL_TIME_OFFSET ( 1, 0, .AHEAD. ) ;
#1837 = ORIENTED_EDGE ( 'NONE', *, *, #2586, .T. ) ;
#1838 = ADVANCED_FACE ( 'NONE', ( #185 ), #1285, .F. ) ;
#1839 = DIRECTION ( 'NONE',  ( -1.431777657695698783E-16, 0.000000000000000000, -1.000000000000000000 ) ) ;
#1840 = CARTESIAN_POINT ( 'NONE',  ( 5.000000000000005329, 16.80894403190034936, -333.4978844596955128 ) ) ;
#1841 = EDGE_CURVE ( 'NONE', #1650, #1319, #2737, .T. ) ;
#1842 = CARTESIAN_POINT ( 'NONE',  ( 2.483356686524206491, -7.077011996484955603, -336.3312269081083627 ) ) ;
#1843 = LINE ( 'NONE', #3456, #813 ) ;
#1844 = CARTESIAN_POINT ( 'NONE',  ( 0.000000000000000000, -15.72797534188301682, -333.4918484924627364 ) ) ;
#1845 = CARTESIAN_POINT ( 'NONE',  ( 27.63585913149480078, -5.000000000000101252, -341.1395218688211344 ) ) ;
#1846 = CARTESIAN_POINT ( 'NONE',  ( -15.00000000000005151, -4.999999999999848121, -338.5000000000000568 ) ) ;
#1847 = CARTESIAN_POINT ( 'NONE',  ( -20.37346398396783442, 2.134007079229897861E-13, -333.7390229158967259 ) ) ;
#1848 = EDGE_LOOP ( 'NONE', ( #2048, #389, #89, #3561 ) ) ;
#1849 = CARTESIAN_POINT ( 'NONE',  ( 16.80894403190034936, -5.868811441304814968E-14, -333.4978844596955128 ) ) ;
#1850 = DIRECTION ( 'NONE',  ( 0.000000000000000000, 0.000000000000000000, 1.000000000000000000 ) ) ;
#1851 = CARTESIAN_POINT ( 'NONE',  ( 3.061616997868386592E-16, 21.54248251245784829, -339.7937097858272182 ) ) ;
#1852 = COORDINATED_UNIVERSAL_TIME_OFFSET ( 1, 0, .AHEAD. ) ;
#1853 = VERTEX_POINT ( 'NONE', #1600 ) ;
#1854 = ORIENTED_EDGE ( 'NONE', *, *, #3302, .T. ) ;
#1855 = CARTESIAN_POINT ( 'NONE',  ( -11.45391316961790018, -13.27810867689029806, -304.0425715677984613 ) ) ;
#1856 = CARTESIAN_POINT ( 'NONE',  ( 5.000000000000005329, 20.79747242897318316, -339.0045997728645943 ) ) ;
#1857 = EDGE_CURVE ( 'NONE', #1305, #3450, #3573, .T. ) ;
#1858 = DIRECTION ( 'NONE',  ( -0.000000000000000000, 0.000000000000000000, 1.000000000000000000 ) ) ;
#1859 = CARTESIAN_POINT ( 'NONE',  ( 9.962108689501008030, -20.22783088693243769, -301.4697148708050349 ) ) ;
#1860 = ADVANCED_FACE ( 'NONE', ( #2142 ), #3508, .T. ) ;
#1861 = FACE_OUTER_BOUND ( 'NONE', #149, .T. ) ;
#1862 = CARTESIAN_POINT ( 'NONE',  ( 17.47170185412645083, 1.150065780175158148, -305.8155470092989958 ) ) ;
#1863 = CARTESIAN_POINT ( 'NONE',  ( 28.35094872478794059, -5.000000000000103029, -344.3384610673687689 ) ) ;
#1864 = CIRCLE ( 'NONE', #748, 2.500000000000009770 ) ;
#1865 = EDGE_CURVE ( 'NONE', #530, #2983, #2959, .T. ) ;
#1866 = CARTESIAN_POINT ( 'NONE',  ( -19.14206404499947567, 2.005024782001256808E-13, -333.6278838779329590 ) ) ;
#1867 = CARTESIAN_POINT ( 'NONE',  ( -28.49011611213813566, 2.984181262418246681E-13, -349.5327445574392300 ) ) ;
#1868 = AXIS2_PLACEMENT_3D ( 'NONE', #2775, #35, #2830 ) ;
#1869 = ORIENTED_EDGE ( 'NONE', *, *, #3528, .F. ) ;
#1871 = CARTESIAN_POINT ( 'NONE',  ( 23.10099649808227440, -8.065669818173262100E-14, -334.5516039357306681 ) ) ;
#1870 = VECTOR ( 'NONE', #2906, 1000.000000000000000 ) ;
#1872 = CONICAL_SURFACE ( 'NONE', #524, 2.499999999999986677, 0.04471155042434143273 ) ;
#1873 = DIRECTION ( 'NONE',  ( 0.9403769895200101425, -9.849926131159798492E-15, 0.3401339700489838247 ) ) ;
#1874 = CARTESIAN_POINT ( 'NONE',  ( 3.061616997868386592E-16, 16.63131480189349176, -338.4971743906191364 ) ) ;
#1875 = DATE_AND_TIME ( #3220, #1229 ) ;
#1876 = EDGE_LOOP ( 'NONE', ( #2180, #315, #2067, #2590 ) ) ;
#1877 = VERTEX_POINT ( 'NONE', #3083 ) ;
#1878 = LINE ( 'NONE', #1606, #1096 ) ;
#1879 = CARTESIAN_POINT ( 'NONE',  ( -5.000000000000005329, 27.63585913147470308, -341.1395218688211344 ) ) ;
#1880 = LINE ( 'NONE', #554, #2918 ) ;
#1881 = CARTESIAN_POINT ( 'NONE',  ( -7.494410096046215664, 0.3313354837922521945, -333.5166327031853939 ) ) ;
#1882 = CARTESIAN_POINT ( 'NONE',  ( 0.000000000000000000, 0.000000000000000000, -330.0000000000000000 ) ) ;
#1883 = CARTESIAN_POINT ( 'NONE',  ( 27.63585913147470308, -9.649008644023728094E-14, -341.1395218688211344 ) ) ;
#1884 = CARTESIAN_POINT ( 'NONE',  ( -24.48787753505518694, -4.999999999999748646, -335.5118404682566506 ) ) ;
#1885 = DIRECTION ( 'NONE',  ( 0.000000000000000000, 0.000000000000000000, 1.000000000000000000 ) ) ;
#1886 = CARTESIAN_POINT ( 'NONE',  ( -24.48787753505513010, 2.564969023245435686E-13, -335.5118404682566506 ) ) ;
#1887 = CARTESIAN_POINT ( 'NONE',  ( 0.000000000000000000, -15.00000000000000000, -333.5000000000000000 ) ) ;
#1888 = CARTESIAN_POINT ( 'NONE',  ( 3.061616997868386592E-16, 22.94058104297341671, -351.2916259697266241 ) ) ;
#1889 = DATE_AND_TIME ( #768, #236 ) ;
#1890 = ORIENTED_EDGE ( 'NONE', *, *, #3520, .F. ) ;
#1891 = ORIENTED_EDGE ( 'NONE', *, *, #898, .F. ) ;
#1892 = CARTESIAN_POINT ( 'NONE',  ( -25.77854879289000678, 2.700159661584654460E-13, -337.1129459021298089 ) ) ;
#1893 = CARTESIAN_POINT ( 'NONE',  ( 0.000000000000000000, 15.00000000000000000, -338.5000000000000000 ) ) ;
#1894 = CARTESIAN_POINT ( 'NONE',  ( 3.061616997868386592E-16, 22.94058104297341671, -351.2916259697266241 ) ) ;
#1895 = ORIENTED_EDGE ( 'NONE', *, *, #518, .F. ) ;
#1896 = CARTESIAN_POINT ( 'NONE',  ( 2.806100745400637452E-15, 7.500000000000000000, -338.5000000000000000 ) ) ;
#1897 = CARTESIAN_POINT ( 'NONE',  ( 22.48691173843109326, -1.063679060838544910, -305.8350428043142983 ) ) ;
#1898 = CARTESIAN_POINT ( 'NONE',  ( -5.000000000000005329, -20.65287768296374438, -338.9495670264251430 ) ) ;
#1899 = CARTESIAN_POINT ( 'NONE',  ( 20.82815769973746356, 4.999999999999931610, -339.0188788894475920 ) ) ;
#1900 = AXIS2_PLACEMENT_3D ( 'NONE', #2744, #245, #774 ) ;
#1901 = CARTESIAN_POINT ( 'NONE',  ( -23.52621183349090117, -4.999999999999759304, -334.7882220044681389 ) ) ;
#1902 = CARTESIAN_POINT ( 'NONE',  ( 11.94389378113765332, 19.08190914232072188, -301.6909383797246846 ) ) ;
#1903 = EDGE_CURVE ( 'NONE', #1654, #2874, #1864, .T. ) ;
#1904 = ORIENTED_EDGE ( 'NONE', *, *, #831, .T. ) ;
#1905 = CARTESIAN_POINT ( 'NONE',  ( -7.099166534177270727, -2.419295259220563210, -336.6510088424558944 ) ) ;
#1906 = CARTESIAN_POINT ( 'NONE',  ( 5.000000000000005329, 23.53851726284230850, -346.3552519128185168 ) ) ;
#1907 = EDGE_LOOP ( 'NONE', ( #1153, #1234, #1709, #2908 ) ) ;
#1908 = ORIENTED_EDGE ( 'NONE', *, *, #1299, .T. ) ;
#1909 = CARTESIAN_POINT ( 'NONE',  ( -15.05995859968299833, -8.984234668145258951, -305.0490977406628303 ) ) ;
#1910 = CARTESIAN_POINT ( 'NONE',  ( -5.000000000000005329, 22.94058104297341671, -351.2916259697266241 ) ) ;
#1911 = CARTESIAN_POINT ( 'NONE',  ( -17.49694210585435528, -0.3271344438929733589, -305.8350428043144120 ) ) ;
#1912 = CARTESIAN_POINT ( 'NONE',  ( -11.21894158748059844, -19.55739524181635858, -301.7770003454590437 ) ) ;
#1913 = CARTESIAN_POINT ( 'NONE',  ( -3.061616997868386592E-16, -19.70304487559264572, -338.7229328805124737 ) ) ;
#1914 = CARTESIAN_POINT ( 'NONE',  ( 20.37346398396783442, -7.113356930763307496E-14, -333.7390229158967259 ) ) ;
#1915 = DIRECTION ( 'NONE',  ( 0.000000000000000000, -0.3401339700489968698, 0.9403769895200053686 ) ) ;
#1916 = CARTESIAN_POINT ( 'NONE',  ( -21.88892678961155980, 2.292743382396531718E-13, -334.0963682416403913 ) ) ;
#1917 = ORIENTED_EDGE ( 'NONE', *, *, #825, .F. ) ;
#1918 = DIRECTION ( 'NONE',  ( 1.000000000000000000, 0.000000000000000000, 0.000000000000000000 ) ) ;
#1919 = CIRCLE ( 'NONE', #1976, 17.50000000000000355 ) ;
#1920 = CARTESIAN_POINT ( 'NONE',  ( 3.061616997868386592E-16, 23.38237633774817681, -345.0117091510177261 ) ) ;
#1921 = ORIENTED_EDGE ( 'NONE', *, *, #2746, .F. ) ;
#1922 = ORIENTED_EDGE ( 'NONE', *, *, #3341, .F. ) ;
#1923 = AXIS2_PLACEMENT_3D ( 'NONE', #2803, #1110, #2204 ) ;
#1924 = CARTESIAN_POINT ( 'NONE',  ( -5.000000000000005329, -27.12167573721353619, -339.6567022317279907 ) ) ;
#1925 = CARTESIAN_POINT ( 'NONE',  ( -16.48338695637430718, -5.905355370231423429, -305.5095224171857922 ) ) ;
#1926 = CARTESIAN_POINT ( 'NONE',  ( -5.000000000000005329, 28.35094872480814487, -344.3384610673687689 ) ) ;
#1927 = ADVANCED_FACE ( 'NONE', ( #1129 ), #1406, .T. ) ;
#1928 = VERTEX_POINT ( 'NONE', #2246 ) ;
#1929 = CARTESIAN_POINT ( 'NONE',  ( -2.167293075250906309, 7.180645425743598764, -334.7433560016261822 ) ) ;
#1930 = CARTESIAN_POINT ( 'NONE',  ( -7.232660369147185797, 1.986825433799562557, -334.4739202560945728 ) ) ;
#1931 = CARTESIAN_POINT ( 'NONE',  ( -3.061616997868386592E-16, -15.64014409436185638, -338.4918484924057793 ) ) ;
#1932 = CARTESIAN_POINT ( 'NONE',  ( 21.14486282628767100, 4.999999999999930722, -339.2759833987219054 ) ) ;
#1933 = CARTESIAN_POINT ( 'NONE',  ( 23.52621183349084788, 4.999999999999922728, -334.7882220044681389 ) ) ;
#1934 = CARTESIAN_POINT ( 'NONE',  ( -28.23531764672898348, 2.957492539783373721E-13, -351.3018813774303908 ) ) ;
#1935 = CARTESIAN_POINT ( 'NONE',  ( -5.905097864664804241, 21.76301169690686166, -300.3872455970022770 ) ) ;
#1936 = ORIENTED_EDGE ( 'NONE', *, *, #1029, .T. ) ;
#1937 = CARTESIAN_POINT ( 'NONE',  ( -15.00000000000000000, 1.571166602479409884E-13, -333.5000000000000000 ) ) ;
#1938 = LINE ( 'NONE', #547, #2558 ) ;
#1939 = VERTEX_POINT ( 'NONE', #30 ) ;
#1940 = EDGE_LOOP ( 'NONE', ( #3481, #2755, #3202, #967 ) ) ;
#1941 = CARTESIAN_POINT ( 'NONE',  ( 0.000000000000000000, -27.12167573721353619, -339.6567022317279907 ) ) ;
#1942 = DIRECTION ( 'NONE',  ( 0.000000000000000000, 0.9403769895200101425, 0.3401339700489838247 ) ) ;
#1943 = CARTESIAN_POINT ( 'NONE',  ( -5.000000000000005329, 20.82815769973551667, -339.0188788894475920 ) ) ;
#1944 = EDGE_CURVE ( 'NONE', #220, #3254, #1688, .T. ) ;
#1945 = ORIENTED_EDGE ( 'NONE', *, *, #1459, .T. ) ;
#1946 = CARTESIAN_POINT ( 'NONE',  ( -0.8094841615082458697, 7.457732635495464280, -333.6290679849499838 ) ) ;
#1947 = FACE_OUTER_BOUND ( 'NONE', #1450, .T. ) ;
#1948 = CARTESIAN_POINT ( 'NONE',  ( 5.000000000000005329, -15.64014409436185638, -338.4918484924057793 ) ) ;
#1949 = CARTESIAN_POINT ( 'NONE',  ( 19.14206404499854841, 4.999999999999938716, -333.6278838779330158 ) ) ;
#1950 = CARTESIAN_POINT ( 'NONE',  ( 23.50391484076522630, 4.999999999999922728, -348.9578767150717340 ) ) ;
#1951 = CARTESIAN_POINT ( 'NONE',  ( -22.94058104297341316, 2.405959935374522099E-13, -351.2916259697265673 ) ) ;
#1952 = FACE_OUTER_BOUND ( 'NONE', #2978, .T. ) ;
#1953 = CARTESIAN_POINT ( 'NONE',  ( -28.35094872480809158, 5.000000000000302869, -344.3384610673687689 ) ) ;
#1954 = CARTESIAN_POINT ( 'NONE',  ( -30.00000000000000000, -0.3271344438929733589, -305.8350428043144120 ) ) ;
#1955 = CARTESIAN_POINT ( 'NONE',  ( -5.000000000000005329, 23.52621183349084788, -334.7882220044681389 ) ) ;
#1956 = ORIENTED_EDGE ( 'NONE', *, *, #271, .F. ) ;
#1957 = CARTESIAN_POINT ( 'NONE',  ( -5.000000000000005329, -23.38237633774817681, -345.0117091510177261 ) ) ;
#1958 = CARTESIAN_POINT ( 'NONE',  ( -7.344379337052890477, -1.538055319410080113, -334.0027065564523241 ) ) ;
#1959 = CARTESIAN_POINT ( 'NONE',  ( 0.000000000000000000, 27.64246599057346288, -352.9922958199715026 ) ) ;
#1960 = CARTESIAN_POINT ( 'NONE',  ( -3.061616997868386592E-16, -23.38237633774817681, -345.0117091510177261 ) ) ;
#1961 = CARTESIAN_POINT ( 'NONE',  ( 18.65238951158536196, -6.543063160430583483E-14, -338.6063043901583001 ) ) ;
#1962 = CARTESIAN_POINT ( 'NONE',  ( 5.000000000000005329, -20.96851650090802721, -339.1156999729153654 ) ) ;
#1963 = CARTESIAN_POINT ( 'NONE',  ( 27.63585913145455564, 4.999999999999909406, -341.1395218688211344 ) ) ;
#1964 = DIRECTION ( 'NONE',  ( 0.000000000000000000, -0.000000000000000000, 1.000000000000000000 ) ) ;
#1965 = DIRECTION ( 'NONE',  ( 0.000000000000000000, 0.000000000000000000, -1.000000000000000000 ) ) ;
#1966 = CARTESIAN_POINT ( 'NONE',  ( -21.75530657218994790, 5.929114729281496743, -305.4438735501734641 ) ) ;
#1967 = EDGE_CURVE ( 'NONE', #3001, #801, #1168, .T. ) ;
#1968 = CARTESIAN_POINT ( 'NONE',  ( -23.50391484076516946, 2.464966018696967414E-13, -348.9578767150717908 ) ) ;
#1969 = CARTESIAN_POINT ( 'NONE',  ( 0.000000000000000000, 25.29152351677343802, -352.1419608948490350 ) ) ;
#1970 = CARTESIAN_POINT ( 'NONE',  ( 0.000000000000000000, 24.95112436346223461, -336.0136030578399868 ) ) ;
#1971 = ORIENTED_EDGE ( 'NONE', *, *, #1568, .T. ) ;
#1973 = CIRCLE ( 'NONE', #1154, 2.500000000000002220 ) ;
#1972 = CARTESIAN_POINT ( 'NONE',  ( -5.000000000000005329, -20.53366848166273684, -338.9121152687107497 ) ) ;
#1974 = CARTESIAN_POINT ( 'NONE',  ( 17.21962788672037448, -3.171531619681338121, -305.7530824657884523 ) ) ;
#1975 = FACE_OUTER_BOUND ( 'NONE', #1563, .T. ) ;
#1976 = AXIS2_PLACEMENT_3D ( 'NONE', #546, #877, #3587 ) ;
#1977 = EDGE_LOOP ( 'NONE', ( #2068, #2062, #660, #1854, #1917, #3306 ) ) ;
#1978 = CARTESIAN_POINT ( 'NONE',  ( 24.48787753505513010, -8.549896744152797769E-14, -335.5118404682566506 ) ) ;
#1979 = CARTESIAN_POINT ( 'NONE',  ( -17.50000000000000355, 2.143131898507868643E-15, -325.0000000000000000 ) ) ;
#1980 = VECTOR ( 'NONE', #2074, 1000.000000000000000 ) ;
#1981 = AXIS2_PLACEMENT_3D ( 'NONE', #3396, #865, #355 ) ;
#1982 = CARTESIAN_POINT ( 'NONE',  ( 5.000000000000005329, -21.54248251245784829, -339.7937097858272182 ) ) ;
#1983 = CC_DESIGN_APPROVAL ( #3358, ( #664 ) ) ;
#1984 = CARTESIAN_POINT ( 'NONE',  ( 40.00000000000000000, 0.000000000000000000, 0.000000000000000000 ) ) ;
#1985 = FACE_OUTER_BOUND ( 'NONE', #2032, .T. ) ;
#1986 = CARTESIAN_POINT ( 'NONE',  ( -23.53851726284230850, 2.468590430004999204E-13, -346.3552519128185168 ) ) ;
#1987 = CARTESIAN_POINT ( 'NONE',  ( 0.000000000000000000, 15.00000000000000000, -338.5000000000000000 ) ) ;
#1988 = CARTESIAN_POINT ( 'NONE',  ( 0.000000000000000000, 0.000000000000000000, -325.0000000000000000 ) ) ;
#1989 = CARTESIAN_POINT ( 'NONE',  ( -20.96851650090802721, 2.199397138982489171E-13, -339.1156999729153654 ) ) ;
#1990 = CYLINDRICAL_SURFACE ( 'NONE', #2618, 2.500000000000001776 ) ;
#1991 = EDGE_CURVE ( 'NONE', #1079, #2394, #1632, .T. ) ;
#1992 = CARTESIAN_POINT ( 'NONE',  ( 0.000000000000000000, 26.14080198592635185, -337.7142433841773936 ) ) ;
#1993 = ORIENTED_EDGE ( 'NONE', *, *, #2932, .F. ) ;
#1994 = CARTESIAN_POINT ( 'NONE',  ( -5.000000000000005329, -23.50391484076517301, -348.9578767150717340 ) ) ;
#1995 = CARTESIAN_POINT ( 'NONE',  ( -14.44486462097342994, 1.513019257987323668E-13, -382.1299930732095049 ) ) ;
#1996 = CYLINDRICAL_SURFACE ( 'NONE', #286, 17.50000000000000355 ) ;
#1997 = CARTESIAN_POINT ( 'NONE',  ( 0.000000000000000000, -28.35094872480814487, -344.3384610673687689 ) ) ;
#1998 = ORIENTED_EDGE ( 'NONE', *, *, #2233, .F. ) ;
#1999 = CARTESIAN_POINT ( 'NONE',  ( 28.35094872480814487, -9.898680841137003206E-14, -344.3384610673687689 ) ) ;
#2000 = CARTESIAN_POINT ( 'NONE',  ( 15.00000000000000888, 2.499999999999949374, -336.0000000000000000 ) ) ;
#2001 = CARTESIAN_POINT ( 'NONE',  ( -22.50000000000000355, 2.964131987457346630E-15, -305.8339162968049436 ) ) ;
#2002 = CARTESIAN_POINT ( 'NONE',  ( 0.000000000000000000, 14.88014288590487588, -381.0456148739538662 ) ) ;
#2003 = CARTESIAN_POINT ( 'NONE',  ( 0.000000000000000000, 0.000000000000000000, -330.0000000000000000 ) ) ;
#2004 = CARTESIAN_POINT ( 'NONE',  ( 0.000000000000000000, 28.54861166975242881, -346.0525470957490484 ) ) ;
#2005 = CARTESIAN_POINT ( 'NONE',  ( 3.061616997868386592E-16, 20.82815769973551667, -339.0188788894475920 ) ) ;
#2006 = CARTESIAN_POINT ( 'NONE',  ( -15.17635519962669299, 8.787375774426315900, -304.9623787027315416 ) ) ;
#2007 = CARTESIAN_POINT ( 'NONE',  ( -22.82280726805826632, 5.000000000000245137, -342.5446931419174916 ) ) ;
#2008 = CARTESIAN_POINT ( 'NONE',  ( -21.14486282628767100, 2.217868436109069876E-13, -339.2759833987219054 ) ) ;
#2009 = CARTESIAN_POINT ( 'NONE',  ( -5.000000000000005329, 22.27970408794294954, -334.2073279480806605 ) ) ;
#2010 = VERTEX_POINT ( 'NONE', #2207 ) ;
#2011 = ADVANCED_FACE ( 'NONE', ( #3049 ), #2788, .T. ) ;
#2012 = CARTESIAN_POINT ( 'NONE',  ( 5.000000000000005329, -28.54861166975242881, -346.0525470957490484 ) ) ;
#2013 = CARTESIAN_POINT ( 'NONE',  ( 3.062697906143066780E-16, -7.500000000000000000, -338.5000000000000000 ) ) ;
#2014 = DIRECTION ( 'NONE',  ( -0.000000000000000000, 1.000000000000000000, -0.000000000000000000 ) ) ;
#2015 = ORIENTED_EDGE ( 'NONE', *, *, #2080, .T. ) ;
#2016 = CARTESIAN_POINT ( 'NONE',  ( -3.061616997868386592E-16, -22.41613585559580102, -341.4191863349707887 ) ) ;
#2017 = EDGE_CURVE ( 'NONE', #72, #2754, #1919, .T. ) ;
#2018 = CARTESIAN_POINT ( 'NONE',  ( 23.50391484076516946, -8.236964175657303200E-14, -348.9578767150717908 ) ) ;
#2019 = FACE_OUTER_BOUND ( 'NONE', #2706, .T. ) ;
#2020 = CARTESIAN_POINT ( 'NONE',  ( 7.076831378892038060, -2.483872393451585836, -336.3278919294963316 ) ) ;
#2021 = CARTESIAN_POINT ( 'NONE',  ( 22.49960342589920970, -0.1635975170281805113, -305.8348551601430358 ) ) ;
#2022 = CARTESIAN_POINT ( 'NONE',  ( 3.061616997868386592E-16, 16.63131480189349176, -338.4971743906191364 ) ) ;
#2023 = CARTESIAN_POINT ( 'NONE',  ( 0.000000000000000000, -27.63585913147470308, -341.1395218688211344 ) ) ;
#2024 = CARTESIAN_POINT ( 'NONE',  ( -20.82815769973545983, 5.000000000000222933, -339.0188788894475920 ) ) ;
#2025 = CARTESIAN_POINT ( 'NONE',  ( -16.63131480189349176, 1.745099375135343488E-13, -338.4971743906191364 ) ) ;
#2026 = DIRECTION ( 'NONE',  ( -0.000000000000000000, -0.000000000000000000, 1.000000000000000000 ) ) ;
#2027 = ORIENTED_EDGE ( 'NONE', *, *, #1645, .F. ) ;
#2028 = CARTESIAN_POINT ( 'NONE',  ( 5.000000000000005329, -23.52621183349084788, -334.7882220044681389 ) ) ;
#2029 = CARTESIAN_POINT ( 'NONE',  ( -7.500000000000222933, 5.703670244381105293E-14, -338.5000000000006821 ) ) ;
#2030 = LINE ( 'NONE', #2633, #2553 ) ;
#2031 = CARTESIAN_POINT ( 'NONE',  ( 0.000000000000000000, 28.49011611213813566, -349.5327445574392300 ) ) ;
#2032 = EDGE_LOOP ( 'NONE', ( #3541, #1138, #1078, #958 ) ) ;
#2033 = AXIS2_PLACEMENT_3D ( 'NONE', #2996, #479, #1351 ) ;
#2034 = CARTESIAN_POINT ( 'NONE',  ( 22.27970408794202584, -5.000000000000081712, -334.2073279480806605 ) ) ;
#2035 = CARTESIAN_POINT ( 'NONE',  ( 2.483356686524206491, 7.077011996484955603, -335.6687730918918078 ) ) ;
#2036 = VECTOR ( 'NONE', #1381, 1000.000000000000000 ) ;
#2037 = ADVANCED_FACE ( 'NONE', ( #2769 ), #1990, .T. ) ;
#2038 = CARTESIAN_POINT ( 'NONE',  ( 0.000000000000000000, -24.48787753505513010, -335.5118404682566506 ) ) ;
#2039 = B_SPLINE_CURVE_WITH_KNOTS ( 'NONE', 3,
 ( #3212, #2952, #1862, #396, #1828, #1241, #472, #1554, #667, #2971, #1789, #2406, #1570, #1593, #2674, #2075, #2936, #2695, #3498, #157, #685, #1273, #195, #2919, #2352, #3191, #1311, #176, #1536, #2640, #140, #1001, #1257, #2370, #3475, #978, #2117, #2096, #85, #1439, #1202, #1791, #2314, #2604, #2334, #2006, #1516, #3418, #949, #875, #3440, #2059, #3176, #668 ),
 .UNSPECIFIED., .F., .F.,
 ( 4, 2, 2, 2, 2, 2, 2, 2, 2, 2, 2, 2, 2, 2, 2, 2, 2, 2, 2, 2, 2, 2, 2, 2, 2, 2, 4 ),
 ( 0.05484438814858668548, 0.05657031510897891219, 0.05829624206937113889, 0.06174809599015559924, 0.06347402295054782595, 0.06519994991094005266, 0.06865180383172454770, 0.07037773079211678828, 0.07210365775250904274, 0.07382958471290129721, 0.07555551167329353779, 0.07900736559407800508, 0.08073329255447023178, 0.08159625603466635901, 0.08245921951486247237, 0.08591107343564695353, 0.08763700039603919412, 0.08936292735643144858, 0.09108885431682367528, 0.09281478127721592974, 0.09626663519800041091, 0.09799256215839265149, 0.09971848911878489208, 0.1031703430395693732, 0.1048962699999616138, 0.1066221969603538544, 0.1100740508811383495 ),
 .UNSPECIFIED. ) ;
#2040 = CARTESIAN_POINT ( 'NONE',  ( 7.395398951182423630, -1.255777111765270071, -338.1678232100449009 ) ) ;
#2041 = VECTOR ( 'NONE', #406, 1000.000000000000000 ) ;
#2042 = AXIS2_PLACEMENT_3D ( 'NONE', #1015, #2092, #999 ) ;
#2043 = CARTESIAN_POINT ( 'NONE',  ( 7.500000000000003553, 0.1665178475026662663, -338.5000000000000568 ) ) ;
#2044 = CARTESIAN_POINT ( 'NONE',  ( 7.473258682736367398, -0.6533069527790948960, -333.5812115312122614 ) ) ;
#2045 = CARTESIAN_POINT ( 'NONE',  ( -16.63131480189354505, -4.999999999999831246, -338.4971743906191932 ) ) ;
#2046 = CARTESIAN_POINT ( 'NONE',  ( -28.35094872480814487, 2.969604252336800092E-13, -344.3384610673687689 ) ) ;
#2047 = CARTESIAN_POINT ( 'NONE',  ( 17.49949057747991432, -0.1635489401295099066, -305.8348549928815601 ) ) ;
#2048 = ORIENTED_EDGE ( 'NONE', *, *, #556, .F. ) ;
#2049 = CARTESIAN_POINT ( 'NONE',  ( 0.000000000000000000, -24.48787753505513010, -335.5118404682566506 ) ) ;
#2050 = CARTESIAN_POINT ( 'NONE',  ( -0.3299208099836808961, -7.494468375892823886, -333.5164585410630025 ) ) ;
#2051 = PLANE ( 'NONE',  #808 ) ;
#2052 = FACE_OUTER_BOUND ( 'NONE', #3163, .T. ) ;
#2053 = EDGE_LOOP ( 'NONE', ( #205, #2667, #933, #527, #2466 ) ) ;
#2054 = FACE_OUTER_BOUND ( 'NONE', #3394, .T. ) ;
#2055 = CARTESIAN_POINT ( 'NONE',  ( 0.000000000000000000, -15.00000000000000000, -333.5000000000000000 ) ) ;
#2056 = CARTESIAN_POINT ( 'NONE',  ( 7.176535706434729711, -2.182812766145350469, -337.2615997994257100 ) ) ;
#2057 = CARTESIAN_POINT ( 'NONE',  ( -25.29152351677342025, 2.649146471691799244E-13, -352.1419608948490918 ) ) ;
#2058 = CARTESIAN_POINT ( 'NONE',  ( 7.418770176653737281, -1.111294640942688039, -333.7546246216300574 ) ) ;
#2059 = CARTESIAN_POINT ( 'NONE',  ( -17.38495429693049843, 2.307607705325797287, -305.7752931936966547 ) ) ;
#2060 = CARTESIAN_POINT ( 'NONE',  ( -28.23531764672898348, 2.957492539783373721E-13, -351.3018813774303908 ) ) ;
#2061 = CARTESIAN_POINT ( 'NONE',  ( 7.071067811865297870, -2.500000000000773603, -336.0000000000010800 ) ) ;
#2062 = ORIENTED_EDGE ( 'NONE', *, *, #1074, .T. ) ;
#2063 = CARTESIAN_POINT ( 'NONE',  ( -3.061616997868386592E-16, -23.53851726284230850, -346.3552519128185168 ) ) ;
#2064 = CARTESIAN_POINT ( 'NONE',  ( 0.000000000000000000, 0.000000000000000000, -325.0000000000000000 ) ) ;
#2065 = CARTESIAN_POINT ( 'NONE',  ( 40.00000000000000000, -41.90426888778603143, -168.2566363886432725 ) ) ;
#2066 = DIRECTION ( 'NONE',  ( -0.3401339700489858231, 1.187571409132662650E-15, -0.9403769895200092543 ) ) ;
#2067 = ORIENTED_EDGE ( 'NONE', *, *, #1903, .T. ) ;
#2068 = ORIENTED_EDGE ( 'NONE', *, *, #1299, .F. ) ;
#2069 = AXIS2_PLACEMENT_3D ( 'NONE', #99, #626, #2293 ) ;
#2070 = CARTESIAN_POINT ( 'NONE',  ( 0.000000000000000000, 0.000000000000000000, -325.0000000000000000 ) ) ;
#2071 = CARTESIAN_POINT ( 'NONE',  ( 7.344275315505407242, 1.526599194731737885, -334.0135670642303580 ) ) ;
#2072 = EDGE_CURVE ( 'NONE', #1598, #2499, #2518, .T. ) ;
#2073 = DIRECTION ( 'NONE',  ( 0.000000000000000000, 0.000000000000000000, 1.000000000000000000 ) ) ;
#2074 = DIRECTION ( 'NONE',  ( 1.000000000000000000, -0.000000000000000000, -1.431777657695698783E-16 ) ) ;
#2075 = CARTESIAN_POINT ( 'NONE',  ( 10.66374330940569770, 13.88729311048185622, -303.6598908793757232 ) ) ;
#2076 = CARTESIAN_POINT ( 'NONE',  ( 23.50391484076517301, -5.000000000000087930, -348.9578767150717340 ) ) ;
#2077 = CARTESIAN_POINT ( 'NONE',  ( -22.94058104297347356, -4.999999999999765521, -351.2916259697266241 ) ) ;
#2078 = CARTESIAN_POINT ( 'NONE',  ( -27.12167573721348290, 5.000000000000289546, -339.6567022317279907 ) ) ;
#2079 = DIRECTION ( 'NONE',  ( -1.460819769243627377E-16, 0.000000000000000000, -1.000000000000000000 ) ) ;
#2080 = EDGE_CURVE ( 'NONE', #530, #371, #752, .T. ) ;
#2081 = ORIENTED_EDGE ( 'NONE', *, *, #1774, .T. ) ;
#2082 = CARTESIAN_POINT ( 'NONE',  ( 5.000000000000005329, -18.65238951158535841, -338.6063043901583001 ) ) ;
#2083 = CARTESIAN_POINT ( 'NONE',  ( -1.256884741193747157, -7.395210114762850395, -338.1671818765054809 ) ) ;
#2084 = LINE ( 'NONE', #2928, #1870 ) ;
#2085 = SECURITY_CLASSIFICATION_LEVEL ( 'unclassified' ) ;
#2086 = EDGE_LOOP ( 'NONE', ( #1921, #500, #3221, #2181 ) ) ;
#2087 = VERTEX_POINT ( 'NONE', #2548 ) ;
#2088 = CARTESIAN_POINT ( 'NONE',  ( -40.00000000000000000, -41.25000000000000000, -28.25663638864329030 ) ) ;
#2089 = CARTESIAN_POINT ( 'NONE',  ( 5.000000000000005329, 28.54861166975242881, -346.0525470957490484 ) ) ;
#2090 = CIRCLE ( 'NONE', #3022, 2.500000000000002220 ) ;
#2091 = CARTESIAN_POINT ( 'NONE',  ( 1.998907662368416105, -7.232619303666526278, -337.5365428238426375 ) ) ;
#2092 = DIRECTION ( 'NONE',  ( 0.000000000000000000, 0.000000000000000000, -1.000000000000000000 ) ) ;
#2093 = AXIS2_PLACEMENT_3D ( 'NONE', #75, #2508, #2236 ) ;
#2094 = CARTESIAN_POINT ( 'NONE',  ( 18.65238951158629277, -5.000000000000071942, -338.6063043901583001 ) ) ;
#2095 = CARTESIAN_POINT ( 'NONE',  ( -5.000000000000005329, -26.14080198592635185, -337.7142433841773936 ) ) ;
#2096 = CARTESIAN_POINT ( 'NONE',  ( -8.788390661267856174, 15.14398227795407870, -303.2458058985370144 ) ) ;
#2097 = CARTESIAN_POINT ( 'NONE',  ( 28.49011611213813921, -5.000000000000103917, -349.5327445574391731 ) ) ;
#2098 = CARTESIAN_POINT ( 'NONE',  ( -23.31181146317011610, -4.999999999999761968, -350.2139333800129748 ) ) ;
#2099 = CARTESIAN_POINT ( 'NONE',  ( -21.88892678961155980, 2.292743382396531718E-13, -334.0963682416403913 ) ) ;
#2100 = CARTESIAN_POINT ( 'NONE',  ( 15.64014409436185638, -5.491343294209275337E-14, -338.4918484924057793 ) ) ;
#2101 = AXIS2_PLACEMENT_3D ( 'NONE', #3226, #3437, #976 ) ;
#2102 = CARTESIAN_POINT ( 'NONE',  ( 0.000000000000000000, 0.000000000000000000, -330.0000000000000000 ) ) ;
#2103 = EDGE_CURVE ( 'NONE', #3423, #3048, #1114, .T. ) ;
#2104 = ORIENTED_EDGE ( 'NONE', *, *, #1991, .F. ) ;
#2105 = CARTESIAN_POINT ( 'NONE',  ( 28.54861166975242881, -9.967694489429986979E-14, -346.0525470957490484 ) ) ;
#2106 = EDGE_CURVE ( 'NONE', #1485, #220, #3084, .T. ) ;
#2107 = CARTESIAN_POINT ( 'NONE',  ( -0.1664655351059556310, -7.500000000000000888, -333.5000000000000568 ) ) ;
#2108 = CARTESIAN_POINT ( 'NONE',  ( 0.000000000000000000, 24.95112436346223461, -336.0136030578399868 ) ) ;
#2109 = DATE_TIME_ROLE ( 'creation_date' ) ;
#2110 = VERTEX_POINT ( 'NONE', #2805 ) ;
#2111 = FACE_OUTER_BOUND ( 'NONE', #3238, .T. ) ;
#2112 = CARTESIAN_POINT ( 'NONE',  ( 0.000000000000000000, 28.35094872480814487, -344.3384610673687689 ) ) ;
#2113 = CARTESIAN_POINT ( 'NONE',  ( 0.6510480670827439864, -7.473421348229409844, -333.5807133360588068 ) ) ;
#2114 = DIRECTION ( 'NONE',  ( -0.000000000000000000, -1.000000000000000000, -0.000000000000000000 ) ) ;
#2115 = CARTESIAN_POINT ( 'NONE',  ( 25.77854879289000323, -5.000000000000095923, -337.1129459021298089 ) ) ;
#2116 = CARTESIAN_POINT ( 'NONE',  ( -5.000000000000005329, -20.82815769973551667, -339.0188788894475920 ) ) ;
#2117 = CARTESIAN_POINT ( 'NONE',  ( -7.782545045293990604, 15.68464224227053627, -303.0559003730020322 ) ) ;
#2118 = CARTESIAN_POINT ( 'NONE',  ( 28.35094872480814487, -9.898680841137003206E-14, -344.3384610673687689 ) ) ;
#2119 = CARTESIAN_POINT ( 'NONE',  ( -18.65238951158541880, -4.999999999999810818, -338.6063043901583001 ) ) ;
#2120 = CARTESIAN_POINT ( 'NONE',  ( -26.14080198592641224, -4.999999999999732658, -337.7142433841773936 ) ) ;
#2121 = CARTESIAN_POINT ( 'NONE',  ( 23.31181146317005926, -8.169891639768560927E-14, -350.2139333800129180 ) ) ;
#2122 = CARTESIAN_POINT ( 'NONE',  ( 4.109813853863412803, 22.12459690117622557, -300.1940536833506030 ) ) ;
#2123 = ORIENTED_EDGE ( 'NONE', *, *, #3062, .T. ) ;
#2124 = CC_DESIGN_PERSON_AND_ORGANIZATION_ASSIGNMENT ( #1287, #2704, ( #993 ) ) ;
#2125 = CARTESIAN_POINT ( 'NONE',  ( 21.88892678961157401, 4.999999999999930722, -334.0963682416404481 ) ) ;
#2126 = DIRECTION ( 'NONE',  ( 0.000000000000000000, -0.9403769895200101425, 0.3401339700489838247 ) ) ;
#2127 = CARTESIAN_POINT ( 'NONE',  ( -5.000000000000005329, 22.41613585559580457, -341.4191863349708456 ) ) ;
#2128 = ORIENTED_EDGE ( 'NONE', *, *, #3108, .F. ) ;
#2129 = CARTESIAN_POINT ( 'NONE',  ( 1.525876912960557164, 7.344426425237653433, -337.9869899678809020 ) ) ;
#2130 = CARTESIAN_POINT ( 'NONE',  ( 5.000000000000005329, 23.53851726284230850, -346.3552519128185168 ) ) ;
#2131 = EDGE_CURVE ( 'NONE', #2212, #2087, #2969, .T. ) ;
#2132 = CARTESIAN_POINT ( 'NONE',  ( 2.371460781997845491, -7.115517044337234864, -336.8082298711107683 ) ) ;
#2133 = CARTESIAN_POINT ( 'NONE',  ( 15.00000000000000000, -5.237222008264700033E-14, -336.0000000000000000 ) ) ;
#2134 = CARTESIAN_POINT ( 'NONE',  ( 0.000000000000000000, -27.12167573721353619, -339.6567022317279907 ) ) ;
#2135 = CIRCLE ( 'NONE', #1284, 17.50000000000000355 ) ;
#2136 = CARTESIAN_POINT ( 'NONE',  ( 24.48787753505510167, -5.000000000000091482, -335.5118404682566506 ) ) ;
#2137 = CARTESIAN_POINT ( 'NONE',  ( -23.10099649808233124, -4.999999999999764633, -334.5516039357306681 ) ) ;
#2138 = CARTESIAN_POINT ( 'NONE',  ( 15.00000000000001776, 4.999999999999952038, -338.5000000000000568 ) ) ;
#2139 = CARTESIAN_POINT ( 'NONE',  ( 5.932494204532335225, 21.75475211902661599, -300.3915857010067043 ) ) ;
#2140 = ORIENTED_EDGE ( 'NONE', *, *, #1525, .F. ) ;
#2141 = CARTESIAN_POINT ( 'NONE',  ( 24.95112436346223461, 4.999999999999918288, -336.0136030578399868 ) ) ;
#2142 = FACE_OUTER_BOUND ( 'NONE', #972, .T. ) ;
#2143 = CARTESIAN_POINT ( 'NONE',  ( 3.061616997868386592E-16, 20.96851650090802721, -339.1156999729153654 ) ) ;
#2144 = DATE_AND_TIME ( #188, #3092 ) ;
#2145 = ORIENTED_EDGE ( 'NONE', *, *, #3520, .T. ) ;
#2146 = ORIENTED_EDGE ( 'NONE', *, *, #2699, .T. ) ;
#2147 = CARTESIAN_POINT ( 'NONE',  ( -40.00000000000000000, -41.90426888778603143, -168.2566363886432725 ) ) ;
#2148 = CARTESIAN_POINT ( 'NONE',  ( 0.000000000000000000, 19.14206404499947567, -333.6278838779329590 ) ) ;
#2149 = CARTESIAN_POINT ( 'NONE',  ( -2.371447914108897770, 7.115522399759226957, -335.1916847935931969 ) ) ;
#2150 = CARTESIAN_POINT ( 'NONE',  ( -1.495696909923043272, -22.49874509755488816, -300.3430144645873270 ) ) ;
#2151 = ADVANCED_FACE ( 'NONE', ( #308 ), #3488, .T. ) ;
#2152 = CARTESIAN_POINT ( 'NONE',  ( 7.071067811865297870, -2.500000000000773603, -336.0000000000010800 ) ) ;
#2153 = CARTESIAN_POINT ( 'NONE',  ( 21.54248251245784829, -5.000000000000081712, -339.7937097858272182 ) ) ;
#2154 = CIRCLE ( 'NONE', #42, 2.500000000000002220 ) ;
#2155 = CARTESIAN_POINT ( 'NONE',  ( -19.70304487559587514, -4.999999999999800160, -338.7229328805124737 ) ) ;
#2156 = CARTESIAN_POINT ( 'NONE',  ( -15.00000000000000000, 1.571166602479409884E-13, -333.5000000000000000 ) ) ;
#2157 = CIRCLE ( 'NONE', #227, 2.500000000000002220 ) ;
#2158 = VERTEX_POINT ( 'NONE', #2802 ) ;
#2159 = AXIS2_PLACEMENT_3D ( 'NONE', #1509, #701, #2651 ) ;
#2160 = CARTESIAN_POINT ( 'NONE',  ( 40.00000000000000000, -0.3271344438929733589, -258.3350428043144120 ) ) ;
#2161 = CARTESIAN_POINT ( 'NONE',  ( 3.061616997868386592E-16, 21.76568028555520939, -340.1474355323161376 ) ) ;
#2162 = CARTESIAN_POINT ( 'NONE',  ( 0.000000000000000000, 0.000000000000000000, 0.000000000000000000 ) ) ;
#2163 = ORIENTED_EDGE ( 'NONE', *, *, #1813, .T. ) ;
#2164 = CIRCLE ( 'NONE', #2625, 1.168479031451809869 ) ;
#2165 = VECTOR ( 'NONE', #40, 1000.000000000000000 ) ;
#2166 = ORIENTED_EDGE ( 'NONE', *, *, #1049, .T. ) ;
#2167 =( BOUNDED_SURFACE ( )  B_SPLINE_SURFACE ( 3, 3, ( 
 ( #178, #2658, #141, #1829, #2407, #1595, #3516, #1258, #1002, #1035, #452, #724, #2371, #3193, #1883, #2118, #1295, #158, #3476, #2937 ),
 ( #196, #761, #3245, #434, #3499, #2696, #742, #1275, #2676, #2136, #980, #3261, #1018, #2991, #1845, #1863, #1312, #2097, #490, #2953 ),
 ( #2353, #3228, #2973, #1571, #3213, #1555, #2423, #3533, #473, #707, #123, #2153, #2626, #2388, #1242, #3459, #963, #2076, #686, #2920 ),
 ( #1810, #418, #1537, #2641, #1070, #1379, #1085, #1401, #1611, #1347, #2513, #2748, #541, #3311, #2763, #2174, #7, #3044, #2458, #777 ),
 ( #1124, #815, #2489, #2224, #794, #2472, #249, #2240, #1899, #3569, #1932, #2712, #1661, #3345, #2187, #3278, #3010, #265, #833, #3598 ),
 ( #3582, #214, #1107, #1949, #1361, #506, #850, #233, #3330, #3060, #558, #2201, #3551, #1677, #1963, #2780, #284, #3076, #1056, #1326 ),
 ( #2439, #1626, #2730, #3292, #1914, #3024, #523, #1647, #303, #1418, #1713, #2600, #2527, #61, #1180, #1476, #944, #3115, #573, #3156 ) ),
 .UNSPECIFIED., .T., .F., .F. ) 
 B_SPLINE_SURFACE_WITH_KNOTS ( ( 4, 3, 4 ),
 ( 4, 2, 2, 2, 2, 2, 2, 2, 2, 4 ),
 ( 0.000000000000000000, 0.5000000000000000000, 1.000000000000000000 ),
 ( 0.000000000000000000, 0.1601717819196981085, 0.3203435638393962170, 0.3703435638394153573, 0.4203435638394345530, 0.4928006183595052825, 0.5652576728795759564, 0.7101717819197173043, 0.8550858909598586521, 1.000000000000000000 ),
 .UNSPECIFIED. ) 
 GEOMETRIC_REPRESENTATION_ITEM ( )  RATIONAL_B_SPLINE_SURFACE ( (
 ( 1.000000000000000000, 1.000000000000000000, 1.000000000000000000, 1.000000000000000000, 1.000000000000000000, 1.000000000000000000, 1.000000000000000000, 1.000000000000000000, 1.000000000000000000, 1.000000000000000000, 1.000000000000000000, 1.000000000000000000, 1.000000000000000000, 1.000000000000000000, 1.000000000000000000, 1.000000000000000000, 1.000000000000000000, 1.000000000000000000, 1.000000000000000000, 1.000000000000000000),
 ( 0.3333333333333333703, 0.3333333333333333703, 0.3333333333333333703, 0.3333333333333333703, 0.3333333333333333703, 0.3333333333333333703, 0.3333333333333333703, 0.3333333333333333703, 0.3333333333333333703, 0.3333333333333333703, 0.3333333333333333703, 0.3333333333333333703, 0.3333333333333333703, 0.3333333333333333703, 0.3333333333333333703, 0.3333333333333333703, 0.3333333333333333703, 0.3333333333333333703, 0.3333333333333333703, 0.3333333333333333703),
 ( 0.3333333333333333703, 0.3333333333333333703, 0.3333333333333333703, 0.3333333333333333703, 0.3333333333333333703, 0.3333333333333333703, 0.3333333333333333703, 0.3333333333333333703, 0.3333333333333333703, 0.3333333333333333703, 0.3333333333333333703, 0.3333333333333333703, 0.3333333333333333703, 0.3333333333333333703, 0.3333333333333333703, 0.3333333333333333703, 0.3333333333333333703, 0.3333333333333333703, 0.3333333333333333703, 0.3333333333333333703),
 ( 1.000000000000000000, 1.000000000000000000, 1.000000000000000000, 1.000000000000000000, 1.000000000000000000, 1.000000000000000000, 1.000000000000000000, 1.000000000000000000, 1.000000000000000000, 1.000000000000000000, 1.000000000000000000, 1.000000000000000000, 1.000000000000000000, 1.000000000000000000, 1.000000000000000000, 1.000000000000000000, 1.000000000000000000, 1.000000000000000000, 1.000000000000000000, 1.000000000000000000),
 ( 0.3333333333333333703, 0.3333333333333333703, 0.3333333333333333703, 0.3333333333333333703, 0.3333333333333333703, 0.3333333333333333703, 0.3333333333333333703, 0.3333333333333333703, 0.3333333333333333703, 0.3333333333333333703, 0.3333333333333333703, 0.3333333333333333703, 0.3333333333333333703, 0.3333333333333333703, 0.3333333333333333703, 0.3333333333333333703, 0.3333333333333333703, 0.3333333333333333703, 0.3333333333333333703, 0.3333333333333333703),
 ( 0.3333333333333333703, 0.3333333333333333703, 0.3333333333333333703, 0.3333333333333333703, 0.3333333333333333703, 0.3333333333333333703, 0.3333333333333333703, 0.3333333333333333703, 0.3333333333333333703, 0.3333333333333333703, 0.3333333333333333703, 0.3333333333333333703, 0.3333333333333333703, 0.3333333333333333703, 0.3333333333333333703, 0.3333333333333333703, 0.3333333333333333703, 0.3333333333333333703, 0.3333333333333333703, 0.3333333333333333703),
 ( 1.000000000000000000, 1.000000000000000000, 1.000000000000000000, 1.000000000000000000, 1.000000000000000000, 1.000000000000000000, 1.000000000000000000, 1.000000000000000000, 1.000000000000000000, 1.000000000000000000, 1.000000000000000000, 1.000000000000000000, 1.000000000000000000, 1.000000000000000000, 1.000000000000000000, 1.000000000000000000, 1.000000000000000000, 1.000000000000000000, 1.000000000000000000, 1.000000000000000000) ) ) 
 REPRESENTATION_ITEM ( '' )  SURFACE ( )  );
#2168 = CARTESIAN_POINT ( 'NONE',  ( 40.00000000000000000, 41.25000000000000000, -168.2566363886433010 ) ) ;
#2169 = CARTESIAN_POINT ( 'NONE',  ( -5.000000000000005329, 25.77854879289000323, -337.1129459021298089 ) ) ;
#2170 = CARTESIAN_POINT ( 'NONE',  ( -17.49796260249855351, -0.2725526930682977134, -305.8350428043144689 ) ) ;
#2171 = CARTESIAN_POINT ( 'NONE',  ( 5.121566344510476654, -21.92167505735920230, -300.6428666606624915 ) ) ;
#2172 = EDGE_CURVE ( 'NONE', #2449, #786, #2203, .T. ) ;
#2173 = CARTESIAN_POINT ( 'NONE',  ( -5.000000000000005329, -27.12167573721353619, -339.6567022317279907 ) ) ;
#2174 = CARTESIAN_POINT ( 'NONE',  ( 23.38237633774817681, -8.194529234095298734E-14, -345.0117091510177261 ) ) ;
#2175 = CARTESIAN_POINT ( 'NONE',  ( -22.27970408794294954, 2.333675131739868763E-13, -334.2073279480806036 ) ) ;
#2176 = CARTESIAN_POINT ( 'NONE',  ( 18.25984251360636179, 13.16646441661732503, -303.8824332436358304 ) ) ;
#2177 = ORIENTED_EDGE ( 'NONE', *, *, #946, .T. ) ;
#2178 = CARTESIAN_POINT ( 'NONE',  ( 0.000000000000000000, 14.85583796414910829, -380.9937646771664390 ) ) ;
#2179 = CARTESIAN_POINT ( 'NONE',  ( 5.000000000000005329, 28.54861166975242881, -346.0525470957490484 ) ) ;
#2180 = ORIENTED_EDGE ( 'NONE', *, *, #1721, .T. ) ;
#2181 = ORIENTED_EDGE ( 'NONE', *, *, #535, .T. ) ;
#2182 = CARTESIAN_POINT ( 'NONE',  ( -16.83291105913693997, -4.819582230596034300, -305.6252742303922787 ) ) ;
#2183 = CARTESIAN_POINT ( 'NONE',  ( 3.061616997868386592E-16, 20.65287768296374438, -338.9495670264251430 ) ) ;
#2184 = DIRECTION ( 'NONE',  ( 0.000000000000000000, 0.000000000000000000, 1.000000000000000000 ) ) ;
#2185 = CARTESIAN_POINT ( 'NONE',  ( 18.96823828384931332, -12.12355105755223761, -304.3510998627237427 ) ) ;
#2186 = CARTESIAN_POINT ( 'NONE',  ( 5.000000000000005329, -14.99999999999999822, -333.5000000000000000 ) ) ;
#2187 = CARTESIAN_POINT ( 'NONE',  ( 22.82280726803817572, 4.999999999999925393, -342.5446931419174916 ) ) ;
#2188 = FACE_OUTER_BOUND ( 'NONE', #1541, .T. ) ;
#2189 = CARTESIAN_POINT ( 'NONE',  ( -2.954914157765664129, 22.30826799769993585, -300.0949819423431109 ) ) ;
#2190 = FACE_OUTER_BOUND ( 'NONE', #623, .T. ) ;
#2191 = DIRECTION ( 'NONE',  ( -0.000000000000000000, -1.000000000000000000, -0.000000000000000000 ) ) ;
#2192 = EDGE_CURVE ( 'NONE', #2087, #3034, #1455, .T. ) ;
#2193 = CARTESIAN_POINT ( 'NONE',  ( -5.000000000000005329, 19.70304487559264928, -338.7229328805124737 ) ) ;
#2194 = ORIENTED_EDGE ( 'NONE', *, *, #2997, .T. ) ;
#2195 = EDGE_LOOP ( 'NONE', ( #2232, #2343, #3351, #2128 ) ) ;
#2196 = CARTESIAN_POINT ( 'NONE',  ( -7.500000000000000000, 9.184850993605147944E-16, -340.0000000000000000 ) ) ;
#2197 = CARTESIAN_POINT ( 'NONE',  ( -5.000000000000005329, 21.14486282628767100, -339.2759833987219054 ) ) ;
#2198 = CARTESIAN_POINT ( 'NONE',  ( -0.1664655351059556310, 7.500000000000000888, -338.5000000000000568 ) ) ;
#2199 = CARTESIAN_POINT ( 'NONE',  ( 22.31544671455981899, -2.899512553528827752, -305.7667597186236321 ) ) ;
#2200 = CARTESIAN_POINT ( 'NONE',  ( 5.000000000000005329, -21.76568028555520939, -340.1474355323161376 ) ) ;
#2201 = CARTESIAN_POINT ( 'NONE',  ( 25.77854879289000323, 4.999999999999914735, -337.1129459021298089 ) ) ;
#2202 = CARTESIAN_POINT ( 'NONE',  ( -7.071067811865466624, 2.500000000000023093, -336.1639070690782773 ) ) ;
#2203 = LINE ( 'NONE', #3584, #2036 ) ;
#2204 = DIRECTION ( 'NONE',  ( -1.460819769243627377E-16, 0.000000000000000000, -1.000000000000000000 ) ) ;
#2205 = AXIS2_PLACEMENT_3D ( 'NONE', #2178, #2702, #2126 ) ;
#2206 = ORIENTED_EDGE ( 'NONE', *, *, #2683, .T. ) ;
#2207 = CARTESIAN_POINT ( 'NONE',  ( 15.91591124164889948, -5.570815974006379364E-14, -381.3771927453105945 ) ) ;
#2208 = ADVANCED_FACE ( 'NONE', ( #2258 ), #1715, .T. ) ;
#2209 = AXIS2_PLACEMENT_3D ( 'NONE', #2475, #1915, #1126 ) ;
#2210 = DIRECTION ( 'NONE',  ( 0.000000000000000000, 0.000000000000000000, 1.000000000000000000 ) ) ;
#2211 = EDGE_LOOP ( 'NONE', ( #745, #2720, #2145, #2269 ) ) ;
#2212 = VERTEX_POINT ( 'NONE', #3046 ) ;
#2213 = AXIS2_PLACEMENT_3D ( 'NONE', #872, #28, #526 ) ;
#2214 = CARTESIAN_POINT ( 'NONE',  ( -22.27970408794294954, 2.333675131739868763E-13, -334.2073279480806036 ) ) ;
#2215 = ADVANCED_FACE ( 'NONE', ( #1680 ), #1809, .T. ) ;
#2216 = AXIS2_PLACEMENT_3D ( 'NONE', #886, #3095, #1747 ) ;
#2217 = CARTESIAN_POINT ( 'NONE',  ( 0.000000000000000000, -24.95112436346223461, -336.0136030578399868 ) ) ;
#2218 = CARTESIAN_POINT ( 'NONE',  ( 14.73725540682319135, -9.453994750805964742, -304.9523482066829843 ) ) ;
#2219 = CARTESIAN_POINT ( 'NONE',  ( 3.061616997868386592E-16, 23.50391484076516946, -348.9578767150717908 ) ) ;
#2220 = CARTESIAN_POINT ( 'NONE',  ( -2.419088263276582662, 7.099237572404718755, -335.3481412548871390 ) ) ;
#2221 = CARTESIAN_POINT ( 'NONE',  ( 22.44013142398540595, -1.798844670331878115, -305.8179203847830649 ) ) ;
#2222 = CARTESIAN_POINT ( 'NONE',  ( -3.061616997868386592E-16, -22.41613585559580102, -341.4191863349707887 ) ) ;
#2223 = APPLICATION_CONTEXT ( 'configuration controlled 3d designs of mechanical parts and assemblies' ) ;
#2224 = CARTESIAN_POINT ( 'NONE',  ( 18.65238951158443115, 4.999999999999938716, -338.6063043901583001 ) ) ;
#2225 = CARTESIAN_POINT ( 'NONE',  ( 21.88892678961155980, -7.642477941322712294E-14, -334.0963682416403913 ) ) ;
#2226 = DIRECTION ( 'NONE',  ( 5.473761498906372645E-18, 0.3818257474019906561, 0.9242343310118442679 ) ) ;
#2227 = CARTESIAN_POINT ( 'NONE',  ( 3.061616997868386592E-16, 18.65238951158536196, -338.6063043901583001 ) ) ;
#2228 = ORIENTED_EDGE ( 'NONE', *, *, #2806, .F. ) ;
#2229 = DIRECTION ( 'NONE',  ( 1.000000000000000000, 0.000000000000000000, 0.000000000000000000 ) ) ;
#2230 = CARTESIAN_POINT ( 'NONE',  ( 0.000000000000000000, 23.52621183349084433, -334.7882220044681389 ) ) ;
#2231 = ORIENTED_EDGE ( 'NONE', *, *, #2106, .F. ) ;
#2232 = ORIENTED_EDGE ( 'NONE', *, *, #2968, .F. ) ;
#2233 = EDGE_CURVE ( 'NONE', #3152, #514, #464, .T. ) ;
#2234 = CARTESIAN_POINT ( 'NONE',  ( -5.000000000000005329, -22.94058104297341671, -351.2916259697266241 ) ) ;
#2235 = CARTESIAN_POINT ( 'NONE',  ( 15.58506691488567242, -7.979906391924593834, -305.2172351203977314 ) ) ;
#2236 = DIRECTION ( 'NONE',  ( 0.000000000000000000, 0.000000000000000000, -1.000000000000000000 ) ) ;
#2237 = LINE ( 'NONE', #3343, #3552 ) ;
#2238 = EDGE_CURVE ( 'NONE', #1176, #751, #465, .T. ) ;
#2239 = CARTESIAN_POINT ( 'NONE',  ( -3.061616997868386592E-16, -22.82280726805832316, -342.5446931419174916 ) ) ;
#2240 = CARTESIAN_POINT ( 'NONE',  ( 20.79747242897230564, 4.999999999999933387, -339.0045997728645943 ) ) ;
#2241 = CARTESIAN_POINT ( 'NONE',  ( 22.50000000000001066, -0.05453755864940939418, -305.8342919081114246 ) ) ;
#2242 = CARTESIAN_POINT ( 'NONE',  ( -23.31181146317005926, 2.444844257937730616E-13, -350.2139333800129180 ) ) ;
#2243 = CARTESIAN_POINT ( 'NONE',  ( -21.32176507873300508, 7.335770158816711906, -305.2333862150748587 ) ) ;
#2244 = CARTESIAN_POINT ( 'NONE',  ( -21.76568028555520939, 2.282895613323720417E-13, -340.1474355323161376 ) ) ;
#2245 = CIRCLE ( 'NONE', #1135, 17.50000000000000355 ) ;
#2246 = CARTESIAN_POINT ( 'NONE',  ( 3.061616997868385113E-16, 15.00000000000000000, -333.5000000000000000 ) ) ;
#2247 = CARTESIAN_POINT ( 'NONE',  ( 0.000000000000000000, 28.54861166975242881, -346.0525470957490484 ) ) ;
#2248 = ORIENTED_EDGE ( 'NONE', *, *, #250, .T. ) ;
#2249 = CARTESIAN_POINT ( 'NONE',  ( -5.000000000000005329, -23.10099649808227440, -334.5516039357306681 ) ) ;
#2250 = CARTESIAN_POINT ( 'NONE',  ( -7.076950949043878225, -2.483530169230678375, -335.6699902620870830 ) ) ;
#2251 = DIRECTION ( 'NONE',  ( -1.000000000000000000, -0.000000000000000000, -0.000000000000000000 ) ) ;
#2252 = CARTESIAN_POINT ( 'NONE',  ( -40.00000000000000000, -41.25000000000000000, -28.25663638864329030 ) ) ;
#2253 = CARTESIAN_POINT ( 'NONE',  ( 2.806100745400637452E-15, 7.500000000000000000, -338.5000000000000000 ) ) ;
#2254 = CARTESIAN_POINT ( 'NONE',  ( 5.000000000000005329, -20.53366848166273684, -338.9121152687107497 ) ) ;
#2255 = DIRECTION ( 'NONE',  ( 1.000000000000000000, 0.000000000000000000, 0.000000000000000000 ) ) ;
#2256 = EDGE_CURVE ( 'NONE', #1587, #1654, #2460, .T. ) ;
#2257 = CARTESIAN_POINT ( 'NONE',  ( 7.099134059236130057, 2.419392775379366256, -336.6509425951678054 ) ) ;
#2258 = FACE_OUTER_BOUND ( 'NONE', #1686, .T. ) ;
#2259 = CARTESIAN_POINT ( 'NONE',  ( -11.93814499452159872, 19.08553263567203473, -301.6893187122323639 ) ) ;
#2260 = CARTESIAN_POINT ( 'NONE',  ( -21.54248251245779500, 5.000000000000230926, -339.7937097858272182 ) ) ;
#2261 = CARTESIAN_POINT ( 'NONE',  ( -40.00000000000000000, 0.000000000000000000, 0.000000000000000000 ) ) ;
#2262 = CARTESIAN_POINT ( 'NONE',  ( -5.000000000000005329, 23.53851726284230850, -346.3552519128185168 ) ) ;
#2263 = CIRCLE ( 'NONE', #688, 1.127285428411933355 ) ;
#2264 = EDGE_LOOP ( 'NONE', ( #353, #770 ) ) ;
#2265 = CARTESIAN_POINT ( 'NONE',  ( -5.000000000000005329, -14.99999999999999822, -338.5000000000000568 ) ) ;
#2266 = CARTESIAN_POINT ( 'NONE',  ( -7.399453520324792422, -1.260936350390797100, -333.8168718789506215 ) ) ;
#2267 = CYLINDRICAL_SURFACE ( 'NONE', #1868, 50.00000000000000000 ) ;
#2268 = VECTOR ( 'NONE', #2916, 1000.000000000000000 ) ;
#2269 = ORIENTED_EDGE ( 'NONE', *, *, #266, .F. ) ;
#2270 = CARTESIAN_POINT ( 'NONE',  ( -3.061616997868386592E-16, -23.50391484076516946, -348.9578767150717908 ) ) ;
#2271 = CARTESIAN_POINT ( 'NONE',  ( 20.65287768296374438, -7.241529872325683095E-14, -338.9495670264251430 ) ) ;
#2272 = AXIS2_PLACEMENT_3D ( 'NONE', #122, #928, #378 ) ;
#2273 = AXIS2_PLACEMENT_3D ( 'NONE', #2862, #2543, #2514 ) ;
#2274 = CARTESIAN_POINT ( 'NONE',  ( 0.000000000000000000, -21.88892678961155980, -334.0963682416403913 ) ) ;
#2275 = CARTESIAN_POINT ( 'NONE',  ( 7.115755634701614873, -2.370728965246162723, -336.8100744285758879 ) ) ;
#2276 = ADVANCED_FACE ( 'NONE', ( #3332 ), #594, .F. ) ;
#2277 = CARTESIAN_POINT ( 'NONE',  ( -13.79576468664931177, 1.445029648755214906E-13, -380.6103366090223403 ) ) ;
#2278 = CARTESIAN_POINT ( 'NONE',  ( 0.000000000000000000, 26.14080198592635185, -337.7142433841773936 ) ) ;
#2279 = CARTESIAN_POINT ( 'NONE',  ( -10.34247639987288991, 19.98545443352985274, -301.2732050408706641 ) ) ;
#2280 = CARTESIAN_POINT ( 'NONE',  ( -23.38237633774817681, 2.452235536229994536E-13, -345.0117091510177261 ) ) ;
#2281 = CARTESIAN_POINT ( 'NONE',  ( -29.99999999999998224, -59.99999999999999289, -194.1064706347662252 ) ) ;
#2282 = CARTESIAN_POINT ( 'NONE',  ( 0.000000000000000000, 19.14206404499947567, -333.6278838779329590 ) ) ;
#2283 = ADVANCED_FACE ( 'NONE', ( #2188 ), #1806, .T. ) ;
#2284 = VERTEX_POINT ( 'NONE', #525 ) ;
#2285 = CARTESIAN_POINT ( 'NONE',  ( 5.000000000000005329, -19.14206404499947212, -333.6278838779330158 ) ) ;
#2286 = CARTESIAN_POINT ( 'NONE',  ( 8.689383628747712862, -15.20075777017613206, -303.4471583535204786 ) ) ;
#2287 = DIRECTION ( 'NONE',  ( 0.000000000000000000, 0.000000000000000000, -1.000000000000000000 ) ) ;
#2288 = CARTESIAN_POINT ( 'NONE',  ( 22.41613585561253075, 4.999999999999926281, -341.4191863349708456 ) ) ;
#2289 = ORIENTED_EDGE ( 'NONE', *, *, #1137, .T. ) ;
#2290 = CARTESIAN_POINT ( 'NONE',  ( 21.88892678961155980, -7.642477941322712294E-14, -334.0963682416403913 ) ) ;
#2291 = DIRECTION ( 'NONE',  ( -0.000000000000000000, 0.3401339700489968698, 0.9403769895200053686 ) ) ;
#2292 = DIRECTION ( 'NONE',  ( 0.000000000000000000, -0.9403769895200053686, 0.3401339700489969253 ) ) ;
#2293 = DIRECTION ( 'NONE',  ( -0.9403769895200101425, 3.283308710386597788E-15, 0.3401339700489838247 ) ) ;
#2294 = CARTESIAN_POINT ( 'NONE',  ( 7.232868261500160045, 1.997757692037740229, -337.5374592461585053 ) ) ;
#2295 = CARTESIAN_POINT ( 'NONE',  ( 3.061616997868386592E-16, 15.64014409436185638, -338.4918484924057793 ) ) ;
#2296 = CARTESIAN_POINT ( 'NONE',  ( 7.077025040432681990, -2.483319714968891478, -335.6685027116423043 ) ) ;
#2297 = CARTESIAN_POINT ( 'NONE',  ( -20.82815769973551667, 2.184695334930927727E-13, -339.0188788894475920 ) ) ;
#2298 = CARTESIAN_POINT ( 'NONE',  ( -27.64246599057346288, 2.895394624970797141E-13, -352.9922958199715026 ) ) ;
#2299 = DIRECTION ( 'NONE',  ( 1.058960698355015044E-14, 1.000000000000000000, 4.165439777017872756E-17 ) ) ;
#2300 = ORIENTED_EDGE ( 'NONE', *, *, #2017, .T. ) ;
#2301 = CARTESIAN_POINT ( 'NONE',  ( 5.000000000000005329, -28.35094872480814487, -344.3384610673687689 ) ) ;
#2302 = CARTESIAN_POINT ( 'NONE',  ( -2.370475751650082064, -7.115838780199428726, -335.1892604406060059 ) ) ;
#2303 = CIRCLE ( 'NONE', #2069, 1.127285428411933355 ) ;
#2304 = CARTESIAN_POINT ( 'NONE',  ( -40.00000000000000000, 49.39730102783496335, -248.0774406985227358 ) ) ;
#2305 = CARTESIAN_POINT ( 'NONE',  ( 18.65238951158443115, 4.999999999999938716, -338.6063043901583001 ) ) ;
#2306 = CARTESIAN_POINT ( 'NONE',  ( 0.000000000000000000, -28.23531764672898348, -351.3018813774303908 ) ) ;
#2307 = VERTEX_POINT ( 'NONE', #1648 ) ;
#2308 = CARTESIAN_POINT ( 'NONE',  ( 20.37346398396780955, -5.000000000000075495, -333.7390229158967259 ) ) ;
#2309 = DIRECTION ( 'NONE',  ( -1.460819769243627377E-16, 0.000000000000000000, -1.000000000000000000 ) ) ;
#2310 = CARTESIAN_POINT ( 'NONE',  ( 0.000000000000000000, -23.52621183349084433, -334.7882220044681389 ) ) ;
#2311 = CARTESIAN_POINT ( 'NONE',  ( -40.00000000000000000, -0.3271344438929733589, -258.3350428043144120 ) ) ;
#2312 = CARTESIAN_POINT ( 'NONE',  ( 7.071067811865484387, 2.499999999999976907, -336.0000000000000000 ) ) ;
#2313 = CARTESIAN_POINT ( 'NONE',  ( 0.000000000000000000, -20.37346398396783442, -333.7390229158967259 ) ) ;
#2314 = CARTESIAN_POINT ( 'NONE',  ( -13.16209729858248778, 11.54717798955607044, -304.3291594198823304 ) ) ;
#2315 = CARTESIAN_POINT ( 'NONE',  ( -27.12167573721348290, 5.000000000000289546, -339.6567022317279907 ) ) ;
#2316 = CARTESIAN_POINT ( 'NONE',  ( -28.54861166973126174, 5.000000000000303757, -346.0525470957490484 ) ) ;
#2317 = ORIENTED_EDGE ( 'NONE', *, *, #868, .T. ) ;
#2318 = ADVANCED_FACE ( 'NONE', ( #1403 ), #2901, .T. ) ;
#2319 = CARTESIAN_POINT ( 'NONE',  ( 0.000000000000000000, -20.37346398396783442, -333.7390229158967259 ) ) ;
#2320 = FACE_OUTER_BOUND ( 'NONE', #1207, .T. ) ;
#2321 = CARTESIAN_POINT ( 'NONE',  ( 5.000000000000005329, 23.52621183349084788, -334.7882220044681389 ) ) ;
#2322 = CARTESIAN_POINT ( 'NONE',  ( 20.53366848166273684, -7.199908202150098821E-14, -338.9121152687107497 ) ) ;
#2323 = CARTESIAN_POINT ( 'NONE',  ( 40.00000000000000000, -0.3271344438929733589, -258.3350428043144120 ) ) ;
#2324 = EDGE_LOOP ( 'NONE', ( #1727, #3237, #167, #2614 ) ) ;
#2325 = VECTOR ( 'NONE', #675, 1000.000000000000227 ) ;
#2326 = DIRECTION ( 'NONE',  ( -0.3401339700489968698, 3.562714227398105491E-15, 0.9403769895200053686 ) ) ;
#2327 = AXIS2_PLACEMENT_3D ( 'NONE', #3354, #3391, #2555 ) ;
#2328 = DIRECTION ( 'NONE',  ( -0.000000000000000000, 0.3401339700489968698, 0.9403769895200053686 ) ) ;
#2329 = FACE_OUTER_BOUND ( 'NONE', #1940, .T. ) ;
#2330 = AXIS2_PLACEMENT_3D ( 'NONE', #1649, #3364, #3602 ) ;
#2331 = DIRECTION ( 'NONE',  ( 1.000000000000000000, 0.000000000000000000, 0.000000000000000000 ) ) ;
#2332 = CARTESIAN_POINT ( 'NONE',  ( -7.500000000000000000, 9.184850993605147944E-16, -340.0000000000000000 ) ) ;
#2333 = CIRCLE ( 'NONE', #3211, 2.500000000000009770 ) ;
#2334 = CARTESIAN_POINT ( 'NONE',  ( -14.22908935030163136, 10.20320776999495571, -304.6556114562029620 ) ) ;
#2335 = CARTESIAN_POINT ( 'NONE',  ( -28.23531764672904032, -4.999999999999709566, -351.3018813773695115 ) ) ;
#2336 = CARTESIAN_POINT ( 'NONE',  ( -20.53366848166367475, 5.000000000000219380, -338.9121152687107497 ) ) ;
#2337 = CARTESIAN_POINT ( 'NONE',  ( 27.12167573721353619, -9.469482471462222858E-14, -339.6567022317279907 ) ) ;
#2338 = ORIENTED_EDGE ( 'NONE', *, *, #3341, .T. ) ;
#2339 = CARTESIAN_POINT ( 'NONE',  ( -3.061616997868386592E-16, -21.14486282628767100, -339.2759833987219054 ) ) ;
#2340 = DIRECTION ( 'NONE',  ( 2.985723184547612772E-16, 0.000000000000000000, 1.000000000000000000 ) ) ;
#2341 = CARTESIAN_POINT ( 'NONE',  ( 5.000000000000005329, 24.95112436346223461, -336.0136030578399868 ) ) ;
#2342 = DIRECTION ( 'NONE',  ( -1.460819769243627377E-16, 0.000000000000000000, -1.000000000000000000 ) ) ;
#2343 = ORIENTED_EDGE ( 'NONE', *, *, #3192, .T. ) ;
#2344 = EDGE_CURVE ( 'NONE', #1490, #619, #2497, .T. ) ;
#2345 = ORIENTED_EDGE ( 'NONE', *, *, #493, .F. ) ;
#2346 = DIRECTION ( 'NONE',  ( 1.000000000000000000, 0.000000000000000000, 0.000000000000000000 ) ) ;
#2347 = CARTESIAN_POINT ( 'NONE',  ( 0.000000000000000000, 25.29152351677343802, -352.1419608948490350 ) ) ;
#2348 = DIRECTION ( 'NONE',  ( -1.000000000000000000, 3.491481338843133355E-15, -0.000000000000000000 ) ) ;
#2349 = EDGE_CURVE ( 'NONE', #3321, #3450, #313, .T. ) ;
#2350 = CARTESIAN_POINT ( 'NONE',  ( 28.49011611213813921, -5.000000000000103917, -349.5327445574391731 ) ) ;
#2351 = LINE ( 'NONE', #1183, #3087 ) ;
#2352 = CARTESIAN_POINT ( 'NONE',  ( 2.312240507928001954, 17.35629269939223818, -302.4207576648312852 ) ) ;
#2353 = CARTESIAN_POINT ( 'NONE',  ( 14.99999999999998224, -5.000000000000058620, -338.5000000000000568 ) ) ;
#2354 = CARTESIAN_POINT ( 'NONE',  ( -15.00000000000005151, -4.999999999999848121, -333.5000000000000000 ) ) ;
#2355 = CARTESIAN_POINT ( 'NONE',  ( -23.53851726282114853, 5.000000000000251354, -346.3552519128185168 ) ) ;
#2356 = CARTESIAN_POINT ( 'NONE',  ( 20.37346398396783442, -7.113356930763307496E-14, -333.7390229158967259 ) ) ;
#2357 = VERTEX_POINT ( 'NONE', #329 ) ;
#2358 = CARTESIAN_POINT ( 'NONE',  ( 5.000000000000005329, -20.37346398396783442, -333.7390229158967259 ) ) ;
#2359 = CARTESIAN_POINT ( 'NONE',  ( -1.986727745646947652, -7.232685591739737241, -337.5261802899252075 ) ) ;
#2360 = FACE_OUTER_BOUND ( 'NONE', #482, .T. ) ;
#2361 = APPROVAL_DATE_TIME ( #697, #848 ) ;
#2362 = ORIENTED_EDGE ( 'NONE', *, *, #1967, .T. ) ;
#2363 = ORIENTED_EDGE ( 'NONE', *, *, #71, .F. ) ;
#2364 = CARTESIAN_POINT ( 'NONE',  ( -40.00000000000000000, -436.9884380328770703, -168.2566363886434146 ) ) ;
#2365 = CARTESIAN_POINT ( 'NONE',  ( 5.000000000000005329, 15.64014409436185638, -338.4918484924057793 ) ) ;
#2366 = DIRECTION ( 'NONE',  ( 0.000000000000000000, 0.000000000000000000, -1.000000000000000000 ) ) ;
#2367 = CARTESIAN_POINT ( 'NONE',  ( -22.49762171998673566, -0.3271344438929744691, -305.8350428043144120 ) ) ;
#2368 = ADVANCED_FACE ( 'NONE', ( #3 ), #2267, .T. ) ;
#2369 = DIRECTION ( 'NONE',  ( 1.000000000000000000, 0.000000000000000000, -0.000000000000000000 ) ) ;
#2370 = CARTESIAN_POINT ( 'NONE',  ( -5.675468088092589625, 16.56416303056389339, -302.7306145759297920 ) ) ;
#2371 = CARTESIAN_POINT ( 'NONE',  ( 26.14080198592635185, -9.127012231626220238E-14, -337.7142433841773936 ) ) ;
#2372 = CARTESIAN_POINT ( 'NONE',  ( -21.76568028555526624, -4.999999999999777955, -340.1474355323161376 ) ) ;
#2373 = CARTESIAN_POINT ( 'NONE',  ( -20.82815769973545983, 5.000000000000222933, -339.0188788894475920 ) ) ;
#2374 = CARTESIAN_POINT ( 'NONE',  ( 17.50000000000000355, 0.000000000000000000, -325.0000000000000000 ) ) ;
#2375 = VERTEX_POINT ( 'NONE', #279 ) ;
#2376 = CARTESIAN_POINT ( 'NONE',  ( 19.14206404499947567, -6.683415940004637855E-14, -333.6278838779329590 ) ) ;
#2377 = DIRECTION ( 'NONE',  ( 0.000000000000000000, 0.000000000000000000, 1.000000000000000000 ) ) ;
#2378 = FACE_OUTER_BOUND ( 'NONE', #1848, .T. ) ;
#2379 = PERSON_AND_ORGANIZATION ( #15, #2917 ) ;
#2380 = ORIENTED_EDGE ( 'NONE', *, *, #3239, .T. ) ;
#2381 = DIRECTION ( 'NONE',  ( 1.000000000000000000, -3.491481338843133355E-15, 0.000000000000000000 ) ) ;
#2382 = CARTESIAN_POINT ( 'NONE',  ( 0.000000000000000000, 24.95112436346223461, -336.0136030578399868 ) ) ;
#2383 = FACE_OUTER_BOUND ( 'NONE', #3589, .T. ) ;
#2384 = CARTESIAN_POINT ( 'NONE',  ( -20.80029005909904782, -8.586685663631373089, -305.1126646178114470 ) ) ;
#2385 = VECTOR ( 'NONE', #2226, 999.9999999999998863 ) ;
#2386 = CARTESIAN_POINT ( 'NONE',  ( -5.000000000000005329, -20.79747242897318316, -339.0045997728645943 ) ) ;
#2387 = VECTOR ( 'NONE', #1462, 1000.000000000000000 ) ;
#2388 = CARTESIAN_POINT ( 'NONE',  ( 22.41613585557912813, -5.000000000000084377, -341.4191863349708456 ) ) ;
#2389 = CARTESIAN_POINT ( 'NONE',  ( -23.52621183349090117, -4.999999999999759304, -334.7882220044681389 ) ) ;
#2390 = AXIS2_PLACEMENT_3D ( 'NONE', #320, #2819, #1436 ) ;
#2391 = CARTESIAN_POINT ( 'NONE',  ( -22.41613585559585786, -4.999999999999770850, -341.4191863349708456 ) ) ;
#2392 = EDGE_CURVE ( 'NONE', #1044, #751, #2731, .T. ) ;
#2393 = CARTESIAN_POINT ( 'NONE',  ( -29.99999999999998224, -42.75083609907515125, -194.1064706347662252 ) ) ;
#2394 = VERTEX_POINT ( 'NONE', #882 ) ;
#2395 = CARTESIAN_POINT ( 'NONE',  ( 22.82280726803817572, 4.999999999999925393, -342.5446931419174916 ) ) ;
#2396 = CARTESIAN_POINT ( 'NONE',  ( -7.457650956019432620, -0.8102418687662359398, -338.3706768075588798 ) ) ;
#2397 = ADVANCED_FACE ( 'NONE', ( #1191 ), #1996, .F. ) ;
#2398 = CARTESIAN_POINT ( 'NONE',  ( 5.000000000000005329, 19.14206404499947212, -333.6278838779330158 ) ) ;
#2399 = APPROVAL_STATUS ( 'not_yet_approved' ) ;
#2400 = EDGE_LOOP ( 'NONE', ( #1354, #1800, #692, #2722, #365 ) ) ;
#2401 = CARTESIAN_POINT ( 'NONE',  ( -7.683536712995822526, -15.73307438761431243, -303.2681483207319388 ) ) ;
#2402 = CARTESIAN_POINT ( 'NONE',  ( 5.000000000000005329, 21.76568028555520939, -340.1474355323161376 ) ) ;
#2403 = DIRECTION ( 'NONE',  ( -0.000000000000000000, -0.000000000000000000, 1.000000000000000000 ) ) ;
#2404 = DIRECTION ( 'NONE',  ( -1.000000000000000000, 3.491481338843133355E-15, -0.000000000000000000 ) ) ;
#2405 = CARTESIAN_POINT ( 'NONE',  ( 0.000000000000000000, -21.88892678961155980, -334.0963682416403913 ) ) ;
#2406 = CARTESIAN_POINT ( 'NONE',  ( 13.89581167136134354, 10.69801923458390291, -304.5478980760161107 ) ) ;
#2407 = CARTESIAN_POINT ( 'NONE',  ( 20.37346398396783442, -7.113356930763307496E-14, -333.7390229158967259 ) ) ;
#2408 = CARTESIAN_POINT ( 'NONE',  ( -24.95112436346228790, -4.999999999999743316, -336.0136030578399868 ) ) ;
#2409 = CARTESIAN_POINT ( 'NONE',  ( -22.82280726805832316, 2.393623787290550153E-13, -342.5446931419174916 ) ) ;
#2410 = CARTESIAN_POINT ( 'NONE',  ( 22.35129248582374828, 2.609705793039030386, -305.7456410453991680 ) ) ;
#2411 = ORIENTED_EDGE ( 'NONE', *, *, #2767, .T. ) ;
#2412 = CARTESIAN_POINT ( 'NONE',  ( -7.180724595698581680, 2.167037107928914796, -337.2571093796918831 ) ) ;
#2413 = DIRECTION ( 'NONE',  ( 0.000000000000000000, 0.000000000000000000, -1.000000000000000000 ) ) ;
#2414 = CARTESIAN_POINT ( 'NONE',  ( 5.000000000000005329, 22.82280726805832316, -342.5446931419174916 ) ) ;
#2415 = PERSON_AND_ORGANIZATION_ROLE ( 'creator' ) ;
#2416 = EDGE_LOOP ( 'NONE', ( #2945, #601 ) ) ;
#2417 = EDGE_CURVE ( 'NONE', #3111, #1466, #1724, .T. ) ;
#2418 = CARTESIAN_POINT ( 'NONE',  ( 1.112743330889166993, 7.418559296685272919, -338.2446839541957502 ) ) ;
#2419 = CARTESIAN_POINT ( 'NONE',  ( -5.000000000000005329, 24.95112436346223461, -336.0136030578399868 ) ) ;
#2420 = CARTESIAN_POINT ( 'NONE',  ( 7.099330285687291742, 2.418817029414801478, -335.3471498800074073 ) ) ;
#2421 = CARTESIAN_POINT ( 'NONE',  ( -7.156094404863184266, 2.246025503066508389, -334.8900880369690185 ) ) ;
#2422 = CARTESIAN_POINT ( 'NONE',  ( 0.000000000000000000, -23.10099649808227440, -334.5516039357306681 ) ) ;
#2423 = CARTESIAN_POINT ( 'NONE',  ( 20.65287768296282422, -5.000000000000077272, -338.9495670264251430 ) ) ;
#2424 = CARTESIAN_POINT ( 'NONE',  ( -23.38237633774817681, 2.452235536229994536E-13, -345.0117091510177261 ) ) ;
#2425 = CARTESIAN_POINT ( 'NONE',  ( -2.584160145757682159, 22.35421891611652612, -300.0700155887576557 ) ) ;
#2426 = ORIENTED_EDGE ( 'NONE', *, *, #2493, .T. ) ;
#2427 = CARTESIAN_POINT ( 'NONE',  ( -14.99999999999997335, 2.500000000000158984, -336.0000000000000000 ) ) ;
#2428 = CARTESIAN_POINT ( 'NONE',  ( 5.000000000000005329, 28.49011611213813921, -349.5327445574391731 ) ) ;
#2429 = PERSON_AND_ORGANIZATION ( #15, #2917 ) ;
#2430 = ORIENTED_EDGE ( 'NONE', *, *, #132, .F. ) ;
#2431 = ORIENTED_EDGE ( 'NONE', *, *, #518, .T. ) ;
#2432 = ADVANCED_FACE ( 'NONE', ( #3072 ), #1691, .T. ) ;
#2433 = DIRECTION ( 'NONE',  ( 1.000000000000000000, 0.000000000000000000, 0.000000000000000000 ) ) ;
#2434 = CARTESIAN_POINT ( 'NONE',  ( -5.000000000000005329, 20.53366848166273684, -338.9121152687107497 ) ) ;
#2435 = CARTESIAN_POINT ( 'NONE',  ( -2.499918148647007232, 7.071096750684853660, -336.1656450400020049 ) ) ;
#2436 = CARTESIAN_POINT ( 'NONE',  ( -7.316214998771870093, 1.654384361406459503, -334.1186491745422131 ) ) ;
#2437 = CIRCLE ( 'NONE', #2273, 2.500000000000002220 ) ;
#2438 = CARTESIAN_POINT ( 'NONE',  ( 0.000000000000000000, -26.14080198592635185, -337.7142433841773936 ) ) ;
#2439 = CARTESIAN_POINT ( 'NONE',  ( 15.00000000000000000, -5.237222008264700033E-14, -333.5000000000000000 ) ) ;
#2440 = AXIS2_PLACEMENT_3D ( 'NONE', #2904, #969, #405 ) ;
#2441 = CARTESIAN_POINT ( 'NONE',  ( -27.64246599057351261, -4.999999999999714895, -352.9922958199715595 ) ) ;
#2442 = CARTESIAN_POINT ( 'NONE',  ( 20.14522653822063347, 10.04775527763700005, -304.6929058956176846 ) ) ;
#2443 = AXIS2_PLACEMENT_3D ( 'NONE', #3091, #2796, #1429 ) ;
#2444 = ORIENTED_EDGE ( 'NONE', *, *, #1774, .F. ) ;
#2445 = AXIS2_PLACEMENT_3D ( 'NONE', #3336, #2807, #3320 ) ;
#2446 = CIRCLE ( 'NONE', #2622, 2.500000000000009770 ) ;
#2447 = CARTESIAN_POINT ( 'NONE',  ( 7.500000000000000000, -1.080908319495375888E-19, -333.5000000000000000 ) ) ;
#2448 = CARTESIAN_POINT ( 'NONE',  ( 5.000000000000005329, 14.99999999999999822, -338.5000000000000568 ) ) ;
#2449 = VERTEX_POINT ( 'NONE', #2304 ) ;
#2450 = CIRCLE ( 'NONE', #1053, 2.500000000000009770 ) ;
#2451 = AXIS2_PLACEMENT_3D ( 'NONE', #1984, #3097, #1731 ) ;
#2452 = ORIENTED_EDGE ( 'NONE', *, *, #3124, .F. ) ;
#2453 = CARTESIAN_POINT ( 'NONE',  ( -17.34146204876986630, -2.609401527870902626, -305.7931804795664448 ) ) ;
#2454 = CARTESIAN_POINT ( 'NONE',  ( 3.061616997868386592E-16, 21.14486282628767100, -339.2759833987219054 ) ) ;
#2455 = CARTESIAN_POINT ( 'NONE',  ( -40.00000000000000000, 41.25000000000000000, -108.2566363886432868 ) ) ;
#2456 = CARTESIAN_POINT ( 'NONE',  ( -5.849816627723638085, -21.73865633397505803, -300.7361497188318253 ) ) ;
#2457 = CARTESIAN_POINT ( 'NONE',  ( -5.000000000000005329, -24.95112436346223461, -336.0136030578399868 ) ) ;
#2458 = CARTESIAN_POINT ( 'NONE',  ( 23.31181146317005926, -8.169891639768560927E-14, -350.2139333800129180 ) ) ;
#2459 = ADVANCED_FACE ( 'NONE', ( #3409 ), #54, .T. ) ;
#2460 = LINE ( 'NONE', #3099, #2385 ) ;
#2461 = CARTESIAN_POINT ( 'NONE',  ( -1.471154964794363584, 22.46423048100912823, -300.0101032013830036 ) ) ;
#2462 = EDGE_LOOP ( 'NONE', ( #3233, #3487 ) ) ;
#2463 = CARTESIAN_POINT ( 'NONE',  ( 0.000000000000000000, -15.00000000000000000, -336.0000000000000000 ) ) ;
#2464 = CARTESIAN_POINT ( 'NONE',  ( 3.061616997868386592E-16, 23.31181146317005926, -350.2139333800129180 ) ) ;
#2465 = ORIENTED_EDGE ( 'NONE', *, *, #1071, .T. ) ;
#2466 = ORIENTED_EDGE ( 'NONE', *, *, #1156, .T. ) ;
#2467 = CARTESIAN_POINT ( 'NONE',  ( -9.165175645250632996, -14.91880173132706844, -303.5394708757959847 ) ) ;
#2468 = CARTESIAN_POINT ( 'NONE',  ( -5.000000000000005329, 26.14080198592635185, -337.7142433841773936 ) ) ;
#2469 = CARTESIAN_POINT ( 'NONE',  ( -0.1639837195683850612, 7.500000000000001776, -333.5000000000000000 ) ) ;
#2470 = CARTESIAN_POINT ( 'NONE',  ( 2.948786150088559044, -22.31838844950043921, -300.4377928968163474 ) ) ;
#2471 = CARTESIAN_POINT ( 'NONE',  ( 5.000000000000005329, -22.94058104297341671, -351.2916259697266241 ) ) ;
#2472 = CARTESIAN_POINT ( 'NONE',  ( 20.53366848166275105, 4.999999999999933387, -338.9121152687107497 ) ) ;
#2473 = EDGE_CURVE ( 'NONE', #3034, #1027, #2157, .T. ) ;
#2474 = CARTESIAN_POINT ( 'NONE',  ( 15.72797534188303459, 4.999999999999951150, -333.4918484924627364 ) ) ;
#2475 = CARTESIAN_POINT ( 'NONE',  ( 0.000000000000000000, -14.84206532663331579, -381.0318422364381377 ) ) ;
#2476 = DIRECTION ( 'NONE',  ( 0.000000000000000000, 0.000000000000000000, -1.000000000000000000 ) ) ;
#2477 = EDGE_CURVE ( 'NONE', #1228, #3489, #869, .T. ) ;
#2478 = ORIENTED_EDGE ( 'NONE', *, *, #1184, .F. ) ;
#2479 = DIRECTION ( 'NONE',  ( 1.000000000000000000, -3.491481338843133355E-15, 0.000000000000000000 ) ) ;
#2480 = CARTESIAN_POINT ( 'NONE',  ( 5.000000000000005329, 22.94058104297341671, -351.2916259697266241 ) ) ;
#2481 = ORIENTED_EDGE ( 'NONE', *, *, #2344, .T. ) ;
#2482 = ORIENTED_EDGE ( 'NONE', *, *, #91, .T. ) ;
#2483 = CARTESIAN_POINT ( 'NONE',  ( -3.061616997868386592E-16, -20.65287768296374438, -338.9495670264251430 ) ) ;
#2484 = CARTESIAN_POINT ( 'NONE',  ( -17.50000000000000355, 2.143131898507868643E-15, -325.0000000000000000 ) ) ;
#2485 = CARTESIAN_POINT ( 'NONE',  ( 0.000000000000000000, 15.72797534188301682, -333.4918484924627364 ) ) ;
#2486 = CARTESIAN_POINT ( 'NONE',  ( -2.244874639541758921, 7.156462959000692514, -334.8874908831914468 ) ) ;
#2487 = CARTESIAN_POINT ( 'NONE',  ( -7.115643076942291145, 2.371063325451814752, -335.1909302670339343 ) ) ;
#2488 = CARTESIAN_POINT ( 'NONE',  ( 5.000000000000005329, -22.27970408794294954, -334.2073279480806605 ) ) ;
#2489 = CARTESIAN_POINT ( 'NONE',  ( 16.63131480189445810, 4.999999999999946709, -338.4971743906191932 ) ) ;
#2490 = CARTESIAN_POINT ( 'NONE',  ( 22.27970408794388391, 4.999999999999928946, -334.2073279480806605 ) ) ;
#2491 = CARTESIAN_POINT ( 'NONE',  ( -23.38237633774817681, 2.452235536229994536E-13, -345.0117091510177261 ) ) ;
#2492 = CARTESIAN_POINT ( 'NONE',  ( 3.061616997868386592E-16, 20.65287768296374438, -338.9495670264251430 ) ) ;
#2493 = EDGE_CURVE ( 'NONE', #3185, #619, #3490, .T. ) ;
#2494 = AXIS2_PLACEMENT_3D ( 'NONE', #2463, #730, #1850 ) ;
#2495 = CARTESIAN_POINT ( 'NONE',  ( -19.14206404499947567, 2.005024782001256808E-13, -333.6278838779329590 ) ) ;
#2496 = CARTESIAN_POINT ( 'NONE',  ( -20.37346398396783442, 2.134007079229897861E-13, -333.7390229158967259 ) ) ;
#2497 = CIRCLE ( 'NONE', #1394, 1.168479031451811645 ) ;
#2498 = CARTESIAN_POINT ( 'NONE',  ( -5.000000000000005329, 28.35094872480814487, -344.3384610673687689 ) ) ;
#2499 = VERTEX_POINT ( 'NONE', #622 ) ;
#2500 = B_SPLINE_CURVE_WITH_KNOTS ( 'NONE', 3,
 ( #2156, #796, #3518, #1558, #1847, #1916, #216, #1059, #779, #3027, #3266, #727, #1073, #1298, #1314, #2956, #1279, #1867, #457, #763 ),
 .UNSPECIFIED., .F., .F.,
 ( 4, 2, 2, 2, 2, 2, 2, 2, 2, 4 ),
 ( 0.000000000000000000, 0.1601717819196981085, 0.3203435638393962170, 0.3703435638394153573, 0.4203435638394345530, 0.4928006183595052825, 0.5652576728795759564, 0.7101717819197173043, 0.8550858909598586521, 1.000000000000000000 ),
 .UNSPECIFIED. ) ;
#2501 = ORIENTED_EDGE ( 'NONE', *, *, #3295, .F. ) ;
#2502 = CIRCLE ( 'NONE', #3260, 2.500000000000002220 ) ;
#2503 = CIRCLE ( 'NONE', #1164, 17.50000000000000355 ) ;
#2504 = B_SPLINE_CURVE_WITH_KNOTS ( 'NONE', 3,
 ( #3098, #926, #2021, #2241, #1181 ),
 .UNSPECIFIED., .F., .F.,
 ( 4, 1, 4 ),
 ( 0.07072142863696673221, 0.07088498082642750997, 0.07104853301588828773 ),
 .UNSPECIFIED. ) ;
#2505 = CARTESIAN_POINT ( 'NONE',  ( 0.000000000000000000, -19.14206404499947567, -333.6278838779329590 ) ) ;
#2506 = ADVANCED_FACE ( 'NONE', ( #1975 ), #1119, .T. ) ;
#2507 = CARTESIAN_POINT ( 'NONE',  ( 15.83598595466638415, -7.469305738011666307, -305.2979363692957691 ) ) ;
#2508 = DIRECTION ( 'NONE',  ( 1.000000000000000000, 0.000000000000000000, -0.000000000000000000 ) ) ;
#2509 =( GEOMETRIC_REPRESENTATION_CONTEXT ( 3 ) GLOBAL_UNCERTAINTY_ASSIGNED_CONTEXT ( ( #489 ) ) GLOBAL_UNIT_ASSIGNED_CONTEXT ( ( #130, #1726, #2832 ) ) REPRESENTATION_CONTEXT ( 'NONE', 'WORKASPACE' ) );
#2510 = CARTESIAN_POINT ( 'NONE',  ( 7.473257928693723073, 0.6532302928001647579, -333.5812144641946588 ) ) ;
#2511 = CARTESIAN_POINT ( 'NONE',  ( -27.64246599057346643, 2.895394626007218501E-13, -352.9922958199715595 ) ) ;
#2512 = CARTESIAN_POINT ( 'NONE',  ( -5.000000000000005329, -23.38237633774817681, -345.0117091510177261 ) ) ;
#2513 = CARTESIAN_POINT ( 'NONE',  ( 21.14486282628767100, -7.413305567014325325E-14, -339.2759833987219054 ) ) ;
#2514 = DIRECTION ( 'NONE',  ( 0.000000000000000000, 0.000000000000000000, 1.000000000000000000 ) ) ;
#2515 = CARTESIAN_POINT ( 'NONE',  ( 0.000000000000000000, 15.00000000000000000, -333.5000000000000000 ) ) ;
#2516 = CARTESIAN_POINT ( 'NONE',  ( -14.86519035213889595, 16.95331951314064156, -302.5938900634142215 ) ) ;
#2517 = CARTESIAN_POINT ( 'NONE',  ( -23.50391484078621929, 5.000000000000251354, -348.9578767150717340 ) ) ;
#2518 = LINE ( 'NONE', #1954, #3147 ) ;
#2519 = CARTESIAN_POINT ( 'NONE',  ( -29.99999999999999289, -0.3271344438929733589, -258.3350428043144120 ) ) ;
#2520 = ORIENTED_EDGE ( 'NONE', *, *, #2767, .F. ) ;
#2521 = CARTESIAN_POINT ( 'NONE',  ( 0.000000000000000000, -27.64246599057346288, -352.9922958199715026 ) ) ;
#2522 = CARTESIAN_POINT ( 'NONE',  ( 9.172342481956251348, -14.91416310877681894, -303.5409427027427682 ) ) ;
#2523 = CARTESIAN_POINT ( 'NONE',  ( 0.000000000000000000, 26.14080198592635185, -337.7142433841773936 ) ) ;
#2524 = CARTESIAN_POINT ( 'NONE',  ( 7.500000000000000000, 0.000000000000000000, -340.0000000000000000 ) ) ;
#2525 = CARTESIAN_POINT ( 'NONE',  ( -40.00000000000000000, 41.25000000000000000, -28.25663638864329030 ) ) ;
#2526 = CARTESIAN_POINT ( 'NONE',  ( 5.000000000000005329, -18.65238951158535841, -338.6063043901583001 ) ) ;
#2527 = CARTESIAN_POINT ( 'NONE',  ( 26.14080198592635185, -9.127012231626220238E-14, -337.7142433841773936 ) ) ;
#2528 = CARTESIAN_POINT ( 'NONE',  ( 7.071067811865484387, 2.499999999999976907, -336.0000000000000000 ) ) ;
#2529 = DIRECTION ( 'NONE',  ( 0.000000000000000000, 0.9403769895200053686, 0.3401339700489965368 ) ) ;
#2530 = CARTESIAN_POINT ( 'NONE',  ( -3.061616997868386592E-16, -22.94058104297341316, -351.2916259697265673 ) ) ;
#2531 = CARTESIAN_POINT ( 'NONE',  ( -20.65287768296374438, 2.166335727701777961E-13, -338.9495670264251430 ) ) ;
#2532 = CARTESIAN_POINT ( 'NONE',  ( -5.000000000000005329, 14.99999999999999822, -333.5000000000000000 ) ) ;
#2533 = ORIENTED_EDGE ( 'NONE', *, *, #2568, .F. ) ;
#2534 = CARTESIAN_POINT ( 'NONE',  ( -5.000000000000005329, -28.49011611213813921, -349.5327445574391731 ) ) ;
#2535 = CARTESIAN_POINT ( 'NONE',  ( 11.43529940136881073, -13.25896553414850132, -304.0422987128823706 ) ) ;
#2536 = CARTESIAN_POINT ( 'NONE',  ( 0.000000000000000000, 0.000000000000000000, -330.0000000000000000 ) ) ;
#2537 = EDGE_CURVE ( 'NONE', #1605, #2158, #3203, .T. ) ;
#2538 = VERTEX_POINT ( 'NONE', #2065 ) ;
#2539 = CARTESIAN_POINT ( 'NONE',  ( -3.061616997868386592E-16, -20.65287768296374438, -338.9495670264251430 ) ) ;
#2540 = CARTESIAN_POINT ( 'NONE',  ( 20.79747242897318316, -7.292014858065890880E-14, -339.0045997728646512 ) ) ;
#2541 = CARTESIAN_POINT ( 'NONE',  ( -5.000000000000005329, -22.82280726805832316, -342.5446931419174916 ) ) ;
#2542 = CARTESIAN_POINT ( 'NONE',  ( 7.500000000000000000, -2.069764443905614765E-15, -338.5000000000000000 ) ) ;
#2543 = DIRECTION ( 'NONE',  ( -1.000000000000000000, 1.047444401652940007E-14, 0.000000000000000000 ) ) ;
#2544 = CARTESIAN_POINT ( 'NONE',  ( 5.000000000000005329, 23.50391484076517301, -348.9578767150717340 ) ) ;
#2545 = CLOSED_SHELL ( 'NONE', ( #799, #2925, #2215, #2903, #3101, #2011, #2151, #3384, #67, #3158, #781, #3480, #915, #3404, #2725, #3453, #646, #851, #2885, #2990, #803, #2276, #267, #1754, #2318, #1097, #1552, #2037, #784, #1860, #538, #3472, #17, #2432, #561, #2283, #1120, #1407, #1165 ) ) ;
#2546 = CARTESIAN_POINT ( 'NONE',  ( 0.000000000000000000, 0.000000000000000000, -340.0000000000000000 ) ) ;
#2547 = CARTESIAN_POINT ( 'NONE',  ( -25.77854879288995349, 5.000000000000276223, -337.1129459021298089 ) ) ;
#2548 = CARTESIAN_POINT ( 'NONE',  ( 14.99999999999999112, -2.500000000000054179, -336.0000000000000000 ) ) ;
#2549 = CARTESIAN_POINT ( 'NONE',  ( 0.000000000000000000, 27.63585913147470308, -341.1395218688211344 ) ) ;
#2550 = AXIS2_PLACEMENT_3D ( 'NONE', #718, #3452, #1839 ) ;
#2551 = ORIENTED_EDGE ( 'NONE', *, *, #3365, .T. ) ;
#2553 = VECTOR ( 'NONE', #1820, 1000.000000000000000 ) ;
#2552 = CARTESIAN_POINT ( 'NONE',  ( 0.000000000000000000, -25.77854879289000678, -337.1129459021298089 ) ) ;
#2554 = CARTESIAN_POINT ( 'NONE',  ( 17.48632133517637754, -0.8951914404624069510, -305.8350428043144689 ) ) ;
#2555 = DIRECTION ( 'NONE',  ( -0.9403769895200053686, 3.283308710386582405E-15, 0.3401339700489969253 ) ) ;
#2556 = CARTESIAN_POINT ( 'NONE',  ( 21.54248251245784829, 4.999999999999928946, -339.7937097858272182 ) ) ;
#2557 = CARTESIAN_POINT ( 'NONE',  ( 15.00000000000000000, -5.237222008264700033E-14, -336.0000000000000000 ) ) ;
#2558 = VECTOR ( 'NONE', #294, 999.9999999999998863 ) ;
#2559 = ORIENTED_EDGE ( 'NONE', *, *, #400, .F. ) ;
#2560 = CARTESIAN_POINT ( 'NONE',  ( -3.061616997868386592E-16, -23.53851726284230850, -346.3552519128185168 ) ) ;
#2561 = CYLINDRICAL_SURFACE ( 'NONE', #2793, 47.49999999999998579 ) ;
#2562 = TOROIDAL_SURFACE ( 'NONE', #117, -0.04049180243233817256, 1.168479031451811201 ) ;
#2563 = CARTESIAN_POINT ( 'NONE',  ( 0.000000000000000000, -28.23531764672898348, -351.3018813774303908 ) ) ;
#2564 = CARTESIAN_POINT ( 'NONE',  ( 17.50000000000000355, 0.000000000000000000, -325.0000000000000000 ) ) ;
#2565 = CARTESIAN_POINT ( 'NONE',  ( 7.176364652707540870, 2.183355041288640219, -337.2604947335403267 ) ) ;
#2566 = CARTESIAN_POINT ( 'NONE',  ( 5.000000000000005329, 22.94058104297341671, -351.2916259697266241 ) ) ;
#2567 = CARTESIAN_POINT ( 'NONE',  ( 7.494541847109736921, -0.3290103578384171445, -333.5162327372063942 ) ) ;
#2568 = EDGE_CURVE ( 'NONE', #711, #1767, #2030, .T. ) ;
#2569 = CARTESIAN_POINT ( 'NONE',  ( -21.76568028555515610, 5.000000000000232703, -340.1474355323161376 ) ) ;
#2570 = CARTESIAN_POINT ( 'NONE',  ( -15.64014409436180486, 5.000000000000169642, -338.4918484924057793 ) ) ;
#2571 = DIRECTION ( 'NONE',  ( -0.000000000000000000, -1.000000000000000000, -0.000000000000000000 ) ) ;
#2572 = EDGE_LOOP ( 'NONE', ( #3272, #3410, #769, #2177, #699, #1634 ) ) ;
#2573 = CARTESIAN_POINT ( 'NONE',  ( 5.000000000000005329, -19.70304487559264928, -338.7229328805124737 ) ) ;
#2574 = CARTESIAN_POINT ( 'NONE',  ( -29.99999999999997513, -436.9884380328770703, -168.2566363886434146 ) ) ;
#2575 = DIRECTION ( 'NONE',  ( 1.000000000000000000, 0.000000000000000000, 0.000000000000000000 ) ) ;
#2576 = CARTESIAN_POINT ( 'NONE',  ( 21.76568028555520939, -7.630062824390303234E-14, -340.1474355323161376 ) ) ;
#2577 = DIRECTION ( 'NONE',  ( -1.151629670207500049E-16, -1.000000000000000000, 0.000000000000000000 ) ) ;
#2578 = VERTEX_POINT ( 'NONE', #1232 ) ;
#2579 = CARTESIAN_POINT ( 'NONE',  ( 15.72797534188300439, -5.000000000000060396, -333.4918484924627364 ) ) ;
#2580 = CARTESIAN_POINT ( 'NONE',  ( 23.31181146317005926, -8.169891639768560927E-14, -350.2139333800129180 ) ) ;
#2581 = CARTESIAN_POINT ( 'NONE',  ( 0.000000000000000000, -15.72797534188301682, -333.4918484924627364 ) ) ;
#2582 = DIRECTION ( 'NONE',  ( 1.000000000000000000, 0.000000000000000000, 0.000000000000000000 ) ) ;
#2583 = PLANE ( 'NONE',  #3208 ) ;
#2584 = CARTESIAN_POINT ( 'NONE',  ( 0.000000000000000000, 23.52621183349084433, -334.7882220044681389 ) ) ;
#2585 = CARTESIAN_POINT ( 'NONE',  ( 30.00000000000000000, -0.3271344438929733589, -309.1064706347661968 ) ) ;
#2586 = EDGE_CURVE ( 'NONE', #2010, #2962, #985, .T. ) ;
#2587 = CARTESIAN_POINT ( 'NONE',  ( -19.70304487559264572, 2.066846022044879188E-13, -338.7229328805124737 ) ) ;
#2588 = CARTESIAN_POINT ( 'NONE',  ( -24.95112436346218132, 5.000000000000267342, -336.0136030578399868 ) ) ;
#2589 = CARTESIAN_POINT ( 'NONE',  ( 17.49694210585435528, -0.3271344438929733589, -305.8350428043144120 ) ) ;
#2590 = ORIENTED_EDGE ( 'NONE', *, *, #1601, .F. ) ;
#2591 = CARTESIAN_POINT ( 'NONE',  ( -3.061616997868386592E-16, -22.82280726805832316, -342.5446931419174916 ) ) ;
#2592 = CARTESIAN_POINT ( 'NONE',  ( -7.473440368638169851, -0.6510855412196439040, -338.4193470573690661 ) ) ;
#2593 = CARTESIAN_POINT ( 'NONE',  ( 22.50000000000000355, 0.000000000000000000, -325.0000000000000000 ) ) ;
#2594 = CARTESIAN_POINT ( 'NONE',  ( 23.31181146314971997, -5.000000000000087041, -350.2139333800129748 ) ) ;
#2595 = DIRECTION ( 'NONE',  ( -1.000000000000000000, 3.491481338843133355E-15, -0.000000000000000000 ) ) ;
#2596 = ORIENTED_EDGE ( 'NONE', *, *, #2861, .F. ) ;
#2597 = CARTESIAN_POINT ( 'NONE',  ( -3.061616997868386592E-16, -22.94058104297341316, -351.2916259697265673 ) ) ;
#2598 = CARTESIAN_POINT ( 'NONE',  ( -7.500000000000000000, 9.184850993605147944E-16, -330.0000000000000000 ) ) ;
#2599 = CARTESIAN_POINT ( 'NONE',  ( 0.000000000000000000, -16.80894403190034936, -333.4978844596955128 ) ) ;
#2600 = CARTESIAN_POINT ( 'NONE',  ( 25.77854879289000678, -9.000532205287182700E-14, -337.1129459021298089 ) ) ;
#2601 = DIRECTION ( 'NONE',  ( 0.9403769895200053686, -9.849926131159760627E-15, 0.3401339700489965368 ) ) ;
#2602 = CARTESIAN_POINT ( 'NONE',  ( 20.82815769973354136, -5.000000000000079048, -339.0188788894475920 ) ) ;
#2603 = CARTESIAN_POINT ( 'NONE',  ( 7.457720444779996960, -0.8096496035355794652, -333.6291027250697425 ) ) ;
#2604 = CARTESIAN_POINT ( 'NONE',  ( -13.88905397632070127, 10.66172145868999444, -304.5487107496948624 ) ) ;
#2605 = CARTESIAN_POINT ( 'NONE',  ( -28.49011611213813566, 2.984181262418246681E-13, -349.5327445574392300 ) ) ;
#2606 = ADVANCED_FACE ( 'NONE', ( #2378 ), #2051, .T. ) ;
#2607 = CARTESIAN_POINT ( 'NONE',  ( 28.49011611213813566, -9.947270874752517075E-14, -349.5327445574392300 ) ) ;
#2608 = ORIENTED_EDGE ( 'NONE', *, *, #2537, .F. ) ;
#2609 = CARTESIAN_POINT ( 'NONE',  ( 5.000000000000005329, -16.80894403190034936, -333.4978844596955128 ) ) ;
#2610 = CARTESIAN_POINT ( 'NONE',  ( -2.244874639541758921, -7.156462959000692514, -337.1125091168087238 ) ) ;
#2611 = DIRECTION ( 'NONE',  ( 0.000000000000000000, -0.9999405514436270348, 0.01090383320741931950 ) ) ;
#2612 = CYLINDRICAL_SURFACE ( 'NONE', #2680, 2.500000000000001776 ) ;
#2613 = VERTEX_POINT ( 'NONE', #2593 ) ;
#2614 = ORIENTED_EDGE ( 'NONE', *, *, #222, .F. ) ;
#2615 = AXIS2_PLACEMENT_3D ( 'NONE', #1740, #1671, #1689 ) ;
#2616 = EDGE_CURVE ( 'NONE', #2499, #1795, #2848, .T. ) ;
#2617 = DIRECTION ( 'NONE',  ( 1.000000000000000000, 0.000000000000000000, 0.000000000000000000 ) ) ;
#2618 = AXIS2_PLACEMENT_3D ( 'NONE', #839, #1651, #598 ) ;
#2619 = CARTESIAN_POINT ( 'NONE',  ( 0.000000000000000000, -26.14080198592635185, -337.7142433841773936 ) ) ;
#2620 = CARTESIAN_POINT ( 'NONE',  ( -29.99999999999998224, -59.99999999999999289, -194.1064706347662252 ) ) ;
#2621 = AXIS2_PLACEMENT_3D ( 'NONE', #710, #143, #3442 ) ;
#2622 = AXIS2_PLACEMENT_3D ( 'NONE', #136, #100, #1787 ) ;
#2623 = LINE ( 'NONE', #665, #2974 ) ;
#2624 = CARTESIAN_POINT ( 'NONE',  ( 7.232649444526320970, -1.998797828487266726, -334.4633200549643561 ) ) ;
#2625 = AXIS2_PLACEMENT_3D ( 'NONE', #351, #1448, #2577 ) ;
#2626 = CARTESIAN_POINT ( 'NONE',  ( 21.76568028556354761, -5.000000000000081712, -340.1474355323161376 ) ) ;
#2627 = CARTESIAN_POINT ( 'NONE',  ( -15.72797534188301682, 1.647417972118866115E-13, -333.4918484924627364 ) ) ;
#2628 = CARTESIAN_POINT ( 'NONE',  ( -24.48787753505507681, 5.000000000000262013, -335.5118404682566506 ) ) ;
#2629 = DIRECTION ( 'NONE',  ( 1.000000000000000000, -0.000000000000000000, -1.431777657695698783E-16 ) ) ;
#2630 = ORIENTED_EDGE ( 'NONE', *, *, #137, .T. ) ;
#2631 = CARTESIAN_POINT ( 'NONE',  ( -3.061616997868386592E-16, -20.96851650090802721, -339.1156999729153654 ) ) ;
#2632 = CARTESIAN_POINT ( 'NONE',  ( -2.419088263276582662, -7.099237572404718755, -336.6518587451130315 ) ) ;
#2633 = CARTESIAN_POINT ( 'NONE',  ( 15.00000000000000888, 2.499999999999949374, -336.0000000000000000 ) ) ;
#2634 = ORIENTED_EDGE ( 'NONE', *, *, #3222, .F. ) ;
#2635 = CARTESIAN_POINT ( 'NONE',  ( 2.371460781997845491, 7.115517044337234864, -335.1917701288892886 ) ) ;
#2636 = CARTESIAN_POINT ( 'NONE',  ( 2.483836109685246818, -7.076844188694928484, -335.6718387058836015 ) ) ;
#2637 = CARTESIAN_POINT ( 'NONE',  ( -21.65508387998055539, -6.152442166029328696, -305.4818337688077463 ) ) ;
#2638 = CARTESIAN_POINT ( 'NONE',  ( -40.00000000000000000, 41.25000000000000000, -28.25663638864329030 ) ) ;
#2639 = B_SPLINE_CURVE_WITH_KNOTS ( 'NONE', 3,
 ( #1325, #3308, #1881, #758, #193, #229, #470, #3258, #2436, #1033, #1930, #537, #2421, #2487, #3007, #3546, #1054, #1675 ),
 .UNSPECIFIED., .F., .F.,
 ( 4, 2, 2, 2, 2, 2, 2, 2, 4 ),
 ( 0.003937486715539243766, 0.004429387205536726435, 0.004921287695534208237, 0.005413188185531690906, 0.005905088675529173575, 0.006396989165526655377, 0.006888889655524138914, 0.007380790145521620715, 0.007872690635519104252 ),
 .UNSPECIFIED. ) ;
#2640 = CARTESIAN_POINT ( 'NONE',  ( -1.163128017200578457, 17.49955399792095179, -302.3629791564613356 ) ) ;
#2641 = CARTESIAN_POINT ( 'NONE',  ( 18.65238951158536196, -6.543063160430583483E-14, -338.6063043901583001 ) ) ;
#2642 = CARTESIAN_POINT ( 'NONE',  ( -22.41613585559585786, -4.999999999999770850, -341.4191863349708456 ) ) ;
#2643 = CARTESIAN_POINT ( 'NONE',  ( -20.79747242897314408, 5.000000000000222045, -339.0045997728645943 ) ) ;
#2644 = CARTESIAN_POINT ( 'NONE',  ( 21.88892678961155980, -7.642477941322712294E-14, -334.0963682416403913 ) ) ;
#2645 = ORIENTED_EDGE ( 'NONE', *, *, #2836, .T. ) ;
#2646 = CARTESIAN_POINT ( 'NONE',  ( 5.000000000000005329, -16.63131480189348821, -338.4971743906191932 ) ) ;
#2647 = CARTESIAN_POINT ( 'NONE',  ( -40.00000000000000000, 41.25000000000000000, -168.2566363886433010 ) ) ;
#2648 = CARTESIAN_POINT ( 'NONE',  ( 0.000000000000000000, 22.27970408794294954, -334.2073279480806036 ) ) ;
#2649 = ORIENTED_EDGE ( 'NONE', *, *, #1426, .F. ) ;
#2650 = ORIENTED_EDGE ( 'NONE', *, *, #712, .F. ) ;
#2651 = DIRECTION ( 'NONE',  ( 0.000000000000000000, 0.000000000000000000, 1.000000000000000000 ) ) ;
#2652 = CARTESIAN_POINT ( 'NONE',  ( 5.000000000000005329, 26.14080198592635185, -337.7142433841773936 ) ) ;
#2653 = EDGE_CURVE ( 'NONE', #494, #786, #168, .T. ) ;
#2654 = CARTESIAN_POINT ( 'NONE',  ( 1.111372488573631578, -7.418758718853501577, -338.2453377569225381 ) ) ;
#2655 = DIRECTION ( 'NONE',  ( 1.000000000000000000, 0.000000000000000000, 0.000000000000000000 ) ) ;
#2656 = CARTESIAN_POINT ( 'NONE',  ( 27.63585913149480078, -5.000000000000101252, -341.1395218688211344 ) ) ;
#2657 = CARTESIAN_POINT ( 'NONE',  ( -5.000000000000005329, -23.52621183349084788, -334.7882220044681389 ) ) ;
#2658 = CARTESIAN_POINT ( 'NONE',  ( 15.72797534188301682, -5.491393240398750419E-14, -333.4918484924627364 ) ) ;
#2659 = CARTESIAN_POINT ( 'NONE',  ( -20.37346398397106029, -4.999999999999792166, -333.7390229158967259 ) ) ;
#2660 = EDGE_CURVE ( 'NONE', #183, #1635, #1748, .T. ) ;
#2661 = CARTESIAN_POINT ( 'NONE',  ( -20.96851650090808050, -4.999999999999785949, -339.1156999729153654 ) ) ;
#2662 = CARTESIAN_POINT ( 'NONE',  ( 15.00000000000000000, -5.267838178243383820E-14, -338.5000000000000000 ) ) ;
#2663 = VERTEX_POINT ( 'NONE', #991 ) ;
#2664 = CARTESIAN_POINT ( 'NONE',  ( -7.232835886596769903, 1.986187449353504775, -337.5269031520305703 ) ) ;
#2665 = DIRECTION ( 'NONE',  ( 1.000000000000000000, 0.000000000000000000, -0.000000000000000000 ) ) ;
#2666 = CARTESIAN_POINT ( 'NONE',  ( 0.000000000000000000, 27.64246599057346288, -352.9922958199715026 ) ) ;
#2667 = ORIENTED_EDGE ( 'NONE', *, *, #1944, .T. ) ;
#2668 = DIRECTION ( 'NONE',  ( 0.9403769895200053686, -9.849926131159760627E-15, 0.3401339700489965368 ) ) ;
#2669 = CARTESIAN_POINT ( 'NONE',  ( 5.000000000000005329, 18.65238951158535841, -338.6063043901583001 ) ) ;
#2670 = CARTESIAN_POINT ( 'NONE',  ( -40.00000000000000000, -0.3271344438929733589, -258.3350428043144120 ) ) ;
#2671 = FACE_OUTER_BOUND ( 'NONE', #1876, .T. ) ;
#2672 = AXIS2_PLACEMENT_3D ( 'NONE', #3031, #293, #528 ) ;
#2673 = DIRECTION ( 'NONE',  ( 1.000000000000000000, -1.151629670207498570E-16, 4.165439777017856733E-17 ) ) ;
#2674 = CARTESIAN_POINT ( 'NONE',  ( 11.54144680896339814, 13.16690308543356558, -303.8795567975834047 ) ) ;
#2675 = AXIS2_PLACEMENT_3D ( 'NONE', #3190, #2369, #651 ) ;
#2676 = CARTESIAN_POINT ( 'NONE',  ( 23.52621183349081946, -5.000000000000087930, -334.7882220044681389 ) ) ;
#2677 = CARTESIAN_POINT ( 'NONE',  ( -19.14206404499857683, -4.999999999999805489, -333.6278838779330158 ) ) ;
#2678 = CONICAL_SURFACE ( 'NONE', #1752, 2.499999999999986677, 0.04471155042434143273 ) ;
#2679 = CARTESIAN_POINT ( 'NONE',  ( -23.10099649808227440, 2.419700945452174646E-13, -334.5516039357306681 ) ) ;
#2680 = AXIS2_PLACEMENT_3D ( 'NONE', #2557, #2595, #2890 ) ;
#2681 = CARTESIAN_POINT ( 'NONE',  ( 20.96851650090520280, 4.999999999999931610, -339.1156999729153654 ) ) ;
#2682 = CARTESIAN_POINT ( 'NONE',  ( 16.90067790432405204, 14.87098598518292647, -303.3418790605469439 ) ) ;
#2683 = EDGE_CURVE ( 'NONE', #2924, #3001, #2084, .T. ) ;
#2684 = ORIENTED_EDGE ( 'NONE', *, *, #2568, .T. ) ;
#2685 = CARTESIAN_POINT ( 'NONE',  ( 24.48787753505513010, 4.999999999999920064, -335.5118404682566506 ) ) ;
#2686 = DIRECTION ( 'NONE',  ( 1.000000000000000000, 0.000000000000000000, 0.000000000000000000 ) ) ;
#2687 = CARTESIAN_POINT ( 'NONE',  ( 5.000000000000005329, 27.63585913147470308, -341.1395218688211344 ) ) ;
#2688 = PERSON_AND_ORGANIZATION_ROLE ( 'design_owner' ) ;
#2689 = EDGE_LOOP ( 'NONE', ( #3370, #150, #3611, #1075 ) ) ;
#2690 = CARTESIAN_POINT ( 'NONE',  ( -14.84206532663331579, 1.554623823534928012E-13, -381.0318422364381377 ) ) ;
#2691 = CARTESIAN_POINT ( 'NONE',  ( -5.000000000000005329, 23.10099649808227440, -334.5516039357306681 ) ) ;
#2692 = DIRECTION ( 'NONE',  ( -0.2977623364123745953, 3.118894922982412092E-15, 0.9546400321661792088 ) ) ;
#2693 = CARTESIAN_POINT ( 'NONE',  ( 13.62066095250916398, -17.92355659574820592, -302.4582382330751784 ) ) ;
#2694 = CARTESIAN_POINT ( 'NONE',  ( 0.000000000000000000, -24.48787753505513010, -335.5118404682566506 ) ) ;
#2695 = CARTESIAN_POINT ( 'NONE',  ( 9.268949621039048736, 14.85452129969358559, -303.3447893002676210 ) ) ;
#2696 = CARTESIAN_POINT ( 'NONE',  ( 21.88892678961153493, -5.000000000000080824, -334.0963682416404481 ) ) ;
#2697 = CARTESIAN_POINT ( 'NONE',  ( -23.50391484076516946, 2.464966018696967414E-13, -348.9578767150717908 ) ) ;
#2698 = CARTESIAN_POINT ( 'NONE',  ( 10.02199832935715840, 20.15818615491171073, -301.1923700912649338 ) ) ;
#2699 = EDGE_CURVE ( 'NONE', #1094, #3423, #1781, .T. ) ;
#2700 = ORIENTED_EDGE ( 'NONE', *, *, #1433, .T. ) ;
#2701 = CARTESIAN_POINT ( 'NONE',  ( 26.14080198592635185, -9.127012231626220238E-14, -337.7142433841773936 ) ) ;
#2702 = DIRECTION ( 'NONE',  ( -0.000000000000000000, 0.3401339700489968698, 0.9403769895200053686 ) ) ;
#2703 = CARTESIAN_POINT ( 'NONE',  ( -5.000000000000005329, 20.53366848166273684, -338.9121152687107497 ) ) ;
#2704 = PERSON_AND_ORGANIZATION_ROLE ( 'classification_officer' ) ;
#2705 = ORIENTED_EDGE ( 'NONE', *, *, #1345, .F. ) ;
#2706 = EDGE_LOOP ( 'NONE', ( #1895, #2808, #884, #1530 ) ) ;
#2707 = CARTESIAN_POINT ( 'NONE',  ( 1.255692123438577834, 7.395413251493756057, -338.1678714853743486 ) ) ;
#2708 = CARTESIAN_POINT ( 'NONE',  ( 3.061616997868386592E-16, 23.38237633774817681, -345.0117091510177261 ) ) ;
#2709 = CARTESIAN_POINT ( 'NONE',  ( -17.50000000000001776, -0.05442830863205048303, -305.8342911556839567 ) ) ;
#2710 = CARTESIAN_POINT ( 'NONE',  ( 19.35363128904332086, -11.49856400365741926, -304.5072932087566073 ) ) ;
#2711 = CARTESIAN_POINT ( 'NONE',  ( -5.000000000000005329, -19.14206404499947212, -333.6278838779330158 ) ) ;
#2712 = CARTESIAN_POINT ( 'NONE',  ( 21.54248251245784829, 4.999999999999928946, -339.7937097858272182 ) ) ;
#2713 = CARTESIAN_POINT ( 'NONE',  ( -20.65287768296380122, -4.999999999999790390, -338.9495670264251430 ) ) ;
#2714 = DIRECTION ( 'NONE',  ( 1.000000000000000000, 0.000000000000000000, 0.000000000000000000 ) ) ;
#2715 = EDGE_LOOP ( 'NONE', ( #565, #206, #3462 ) ) ;
#2716 = CC_DESIGN_DATE_AND_TIME_ASSIGNMENT ( #462, #2109, ( #664 ) ) ;
#2717 = CARTESIAN_POINT ( 'NONE',  ( -7.076949692383549539, -2.483533386677537091, -336.3299454220032203 ) ) ;
#2718 = CARTESIAN_POINT ( 'NONE',  ( 3.061616997868386592E-16, 21.14486282628767100, -339.2759833987219054 ) ) ;
#2719 = PERSON_AND_ORGANIZATION ( #15, #2917 ) ;
#2720 = ORIENTED_EDGE ( 'NONE', *, *, #1345, .T. ) ;
#2721 = B_SPLINE_CURVE_WITH_KNOTS ( 'NONE', 3,
 ( #2589, #1227, #2047, #1261, #438 ),
 .UNSPECIFIED., .F., .F.,
 ( 4, 1, 4 ),
 ( 0.05451729589638095591, 0.05468084202248382070, 0.05484438814858668548 ),
 .UNSPECIFIED. ) ;
#2722 = ORIENTED_EDGE ( 'NONE', *, *, #2836, .F. ) ;
#2723 = CARTESIAN_POINT ( 'NONE',  ( -15.00000000000000000, 1.571166602479409884E-13, -336.0000000000000000 ) ) ;
#2724 = CARTESIAN_POINT ( 'NONE',  ( 0.000000000000000000, 22.27970408794294954, -334.2073279480806036 ) ) ;
#2725 = ADVANCED_FACE ( 'NONE', ( #2360 ), #2781, .T. ) ;
#2726 = CARTESIAN_POINT ( 'NONE',  ( -2.500081236329201317, 7.071039090489828816, -335.8368349272466276 ) ) ;
#2727 = CARTESIAN_POINT ( 'NONE',  ( -13.02965727887334602, -18.34690118490662059, -302.2849157365334349 ) ) ;
#2728 = AXIS2_PLACEMENT_3D ( 'NONE', #1039, #798, #2413 ) ;
#2729 = CARTESIAN_POINT ( 'NONE',  ( 0.000000000000000000, -15.00000000000000000, -333.5000000000000000 ) ) ;
#2730 = CARTESIAN_POINT ( 'NONE',  ( 16.80894403190034936, -5.868811441304814968E-14, -333.4978844596955128 ) ) ;
#2731 = CIRCLE ( 'NONE', #2443, 2.500000000000009770 ) ;
#2732 = CARTESIAN_POINT ( 'NONE',  ( -24.95112436346223461, 2.613491552945799471E-13, -336.0136030578399868 ) ) ;
#2733 = CARTESIAN_POINT ( 'NONE',  ( 1.504766062716566877, 22.46214103697949938, -300.0112496288104467 ) ) ;
#2734 = CIRCLE ( 'NONE', #48, 7.500000000000000000 ) ;
#2735 = ORIENTED_EDGE ( 'NONE', *, *, #2743, .T. ) ;
#2736 = AXIS2_PLACEMENT_3D ( 'NONE', #3331, #3217, #713 ) ;
#2737 = LINE ( 'NONE', #1061, #3081 ) ;
#2738 = CARTESIAN_POINT ( 'NONE',  ( 3.061616997868386592E-16, 23.50391484076516946, -348.9578767150717908 ) ) ;
#2739 = ORIENTED_EDGE ( 'NONE', *, *, #3567, .T. ) ;
#2740 = EDGE_LOOP ( 'NONE', ( #2140, #2957, #2081, #1579, #126, #50, #2231, #2430 ) ) ;
#2741 = CARTESIAN_POINT ( 'NONE',  ( -13.75842008582924514, -10.82930663555073458, -304.6616132892817745 ) ) ;
#2742 = CARTESIAN_POINT ( 'NONE',  ( -5.000000000000005329, 15.72797534188301860, -333.4918484924627364 ) ) ;
#2743 = EDGE_CURVE ( 'NONE', #2538, #1939, #115, .T. ) ;
#2744 = CARTESIAN_POINT ( 'NONE',  ( -40.00000000000000000, -0.3271344438929733589, -258.3350428043144120 ) ) ;
#2745 = CARTESIAN_POINT ( 'NONE',  ( 22.26478320467400707, -3.266054526168654881, -305.7454582880518501 ) ) ;
#2746 = EDGE_CURVE ( 'NONE', #2284, #3321, #408, .T. ) ;
#2747 = CARTESIAN_POINT ( 'NONE',  ( -5.000000000000005329, -22.94058104297341671, -351.2916259697266241 ) ) ;
#2748 = CARTESIAN_POINT ( 'NONE',  ( 21.54248251245784829, -7.552133738441212931E-14, -339.7937097858272182 ) ) ;
#2749 = CARTESIAN_POINT ( 'NONE',  ( -40.00000000000000000, -0.3271344438929733589, -258.3350428043144120 ) ) ;
#2750 = CARTESIAN_POINT ( 'NONE',  ( 3.061616997868386592E-16, 15.64014409436185638, -338.4918484924057793 ) ) ;
#2751 = ORIENTED_EDGE ( 'NONE', *, *, #582, .T. ) ;
#2752 = CARTESIAN_POINT ( 'NONE',  ( -22.50000000000000355, -0.05450202408331340093, -305.8342916633773143 ) ) ;
#2753 = CARTESIAN_POINT ( 'NONE',  ( 5.000000000000005329, 15.64014409436185638, -338.4918484924057793 ) ) ;
#2754 = VERTEX_POINT ( 'NONE', #1387 ) ;
#2755 = ORIENTED_EDGE ( 'NONE', *, *, #1944, .F. ) ;
#2756 = CARTESIAN_POINT ( 'NONE',  ( -3.061616997868386592E-16, -18.65238951158536196, -338.6063043901583001 ) ) ;
#2757 = LINE ( 'NONE', #2196, #2905 ) ;
#2758 = CARTESIAN_POINT ( 'NONE',  ( -5.000000000000005329, 21.54248251245784829, -339.7937097858272182 ) ) ;
#2759 = CARTESIAN_POINT ( 'NONE',  ( -1.110569868103180813, 7.418872908894456053, -333.7542890222063647 ) ) ;
#2760 = CARTESIAN_POINT ( 'NONE',  ( 16.81896387059179077, -15.01449371756320694, -303.5199150843239977 ) ) ;
#2761 = CC_DESIGN_PERSON_AND_ORGANIZATION_ASSIGNMENT ( #716, #498, ( #3375 ) ) ;
#2762 = CARTESIAN_POINT ( 'NONE',  ( 5.000000000000005329, -20.37346398396783442, -333.7390229158967259 ) ) ;
#2763 = CARTESIAN_POINT ( 'NONE',  ( 22.82280726805832316, -7.999156737611395794E-14, -342.5446931419174916 ) ) ;
#2764 = CARTESIAN_POINT ( 'NONE',  ( 14.44486462097342994, -5.043397526624412437E-14, -382.1299930732095049 ) ) ;
#2765 = CARTESIAN_POINT ( 'NONE',  ( -20.53366848166273684, 2.153849226648939984E-13, -338.9121152687107497 ) ) ;
#2766 = FACE_OUTER_BOUND ( 'NONE', #2572, .T. ) ;
#2767 = EDGE_CURVE ( 'NONE', #1877, #2158, #873, .T. ) ;
#2768 = CARTESIAN_POINT ( 'NONE',  ( -20.37346398396783442, 2.134007079229897861E-13, -333.7390229158967259 ) ) ;
#2769 = FACE_OUTER_BOUND ( 'NONE', #1783, .T. ) ;
#2770 = CARTESIAN_POINT ( 'NONE',  ( 0.000000000000000000, 22.27970408794294954, -334.2073279480806036 ) ) ;
#2771 = ORIENTED_EDGE ( 'NONE', *, *, #2616, .F. ) ;
#2772 = ORIENTED_EDGE ( 'NONE', *, *, #400, .T. ) ;
#2773 = CARTESIAN_POINT ( 'NONE',  ( -5.000000000000005329, -18.65238951158535841, -338.6063043901583001 ) ) ;
#2774 = DIRECTION ( 'NONE',  ( 0.3818257474019906561, -1.338611233242788912E-15, 0.9242343310118442679 ) ) ;
#2775 = CARTESIAN_POINT ( 'NONE',  ( 40.00000000000000000, 0.000000000000000000, 0.000000000000000000 ) ) ;
#2776 = VERTEX_POINT ( 'NONE', #2790 ) ;
#2777 = CARTESIAN_POINT ( 'NONE',  ( -1.526939869761348767, 7.344212301217382333, -337.9862111914884508 ) ) ;
#2778 = CARTESIAN_POINT ( 'NONE',  ( -40.00000000000000000, -436.9884380328770703, -168.2566363886434146 ) ) ;
#2779 = CARTESIAN_POINT ( 'NONE',  ( 5.000000000000005329, -23.53851726284230850, -346.3552519128185168 ) ) ;
#2780 = CARTESIAN_POINT ( 'NONE',  ( 28.35094872482829231, 4.999999999999906741, -344.3384610673687689 ) ) ;
#2781 =( BOUNDED_SURFACE ( )  B_SPLINE_SURFACE ( 3, 3, ( 
 ( #2889, #387, #442, #2872, #1562, #1544, #2648, #147, #937, #426, #2108, #1286, #1528, #1211, #3219, #696, #368, #715, #1835, #2666 ),
 ( #1488, #165, #658, #2398, #1506, #3509, #3149, #641, #2321, #3427, #2341, #3448, #1334, #2960, #2687, #1062, #2179, #2428, #785, #800 ),
 ( #2448, #2753, #1303, #749, #3559, #3538, #3283, #1633, #219, #1317, #1616, #255, #2981, #1010, #2414, #1369, #1906, #512, #240, #2480 ),
 ( #187, #529, #1874, #767, #3523, #731, #1041, #1025, #3015, #2143, #2718, #1851, #2161, #1352, #3269, #1920, #1602, #2738, #2464, #1888 ),
 ( #3574, #1077, #480, #3252, #2193, #2703, #3032, #461, #497, #1584, #203, #1652, #3298, #2127, #3236, #2998, #2262, #3588, #1424, #3068 ),
 ( #2532, #3609, #31, #564, #1667, #49, #2009, #840, #1955, #3122, #822, #617, #3105, #600, #1719, #2498, #3369, #1169, #2844, #1130 ),
 ( #1113, #857, #1685, #2282, #345, #3387, #2770, #1737, #2230, #1148, #1970, #878, #1992, #274, #2549, #1465, #2247, #2825, #895, #3050 ) ),
 .UNSPECIFIED., .T., .F., .F. ) 
 B_SPLINE_SURFACE_WITH_KNOTS ( ( 4, 3, 4 ),
 ( 4, 2, 2, 2, 2, 2, 2, 2, 2, 4 ),
 ( 0.000000000000000000, 0.5000000000000000000, 1.000000000000000000 ),
 ( 0.000000000000000000, 0.1601717819196981085, 0.3203435638393962170, 0.3703435638394153573, 0.4203435638394345530, 0.4928006183595052825, 0.5652576728795759564, 0.7101717819197173043, 0.8550858909598586521, 1.000000000000000000 ),
 .UNSPECIFIED. ) 
 GEOMETRIC_REPRESENTATION_ITEM ( )  RATIONAL_B_SPLINE_SURFACE ( (
 ( 1.000000000000000000, 1.000000000000000000, 1.000000000000000000, 1.000000000000000000, 1.000000000000000000, 1.000000000000000000, 1.000000000000000000, 1.000000000000000000, 1.000000000000000000, 1.000000000000000000, 1.000000000000000000, 1.000000000000000000, 1.000000000000000000, 1.000000000000000000, 1.000000000000000000, 1.000000000000000000, 1.000000000000000000, 1.000000000000000000, 1.000000000000000000, 1.000000000000000000),
 ( 0.3333333333333333703, 0.3333333333333333703, 0.3333333333333333703, 0.3333333333333333703, 0.3333333333333333703, 0.3333333333333333703, 0.3333333333333333703, 0.3333333333333333703, 0.3333333333333333703, 0.3333333333333333703, 0.3333333333333333703, 0.3333333333333333703, 0.3333333333333333703, 0.3333333333333333703, 0.3333333333333333703, 0.3333333333333333703, 0.3333333333333333703, 0.3333333333333333703, 0.3333333333333333703, 0.3333333333333333703),
 ( 0.3333333333333333703, 0.3333333333333333703, 0.3333333333333333703, 0.3333333333333333703, 0.3333333333333333703, 0.3333333333333333703, 0.3333333333333333703, 0.3333333333333333703, 0.3333333333333333703, 0.3333333333333333703, 0.3333333333333333703, 0.3333333333333333703, 0.3333333333333333703, 0.3333333333333333703, 0.3333333333333333703, 0.3333333333333333703, 0.3333333333333333703, 0.3333333333333333703, 0.3333333333333333703, 0.3333333333333333703),
 ( 1.000000000000000000, 1.000000000000000000, 1.000000000000000000, 1.000000000000000000, 1.000000000000000000, 1.000000000000000000, 1.000000000000000000, 1.000000000000000000, 1.000000000000000000, 1.000000000000000000, 1.000000000000000000, 1.000000000000000000, 1.000000000000000000, 1.000000000000000000, 1.000000000000000000, 1.000000000000000000, 1.000000000000000000, 1.000000000000000000, 1.000000000000000000, 1.000000000000000000),
 ( 0.3333333333333333703, 0.3333333333333333703, 0.3333333333333333703, 0.3333333333333333703, 0.3333333333333333703, 0.3333333333333333703, 0.3333333333333333703, 0.3333333333333333703, 0.3333333333333333703, 0.3333333333333333703, 0.3333333333333333703, 0.3333333333333333703, 0.3333333333333333703, 0.3333333333333333703, 0.3333333333333333703, 0.3333333333333333703, 0.3333333333333333703, 0.3333333333333333703, 0.3333333333333333703, 0.3333333333333333703),
 ( 0.3333333333333333703, 0.3333333333333333703, 0.3333333333333333703, 0.3333333333333333703, 0.3333333333333333703, 0.3333333333333333703, 0.3333333333333333703, 0.3333333333333333703, 0.3333333333333333703, 0.3333333333333333703, 0.3333333333333333703, 0.3333333333333333703, 0.3333333333333333703, 0.3333333333333333703, 0.3333333333333333703, 0.3333333333333333703, 0.3333333333333333703, 0.3333333333333333703, 0.3333333333333333703, 0.3333333333333333703),
 ( 1.000000000000000000, 1.000000000000000000, 1.000000000000000000, 1.000000000000000000, 1.000000000000000000, 1.000000000000000000, 1.000000000000000000, 1.000000000000000000, 1.000000000000000000, 1.000000000000000000, 1.000000000000000000, 1.000000000000000000, 1.000000000000000000, 1.000000000000000000, 1.000000000000000000, 1.000000000000000000, 1.000000000000000000, 1.000000000000000000, 1.000000000000000000, 1.000000000000000000) ) ) 
 REPRESENTATION_ITEM ( '' )  SURFACE ( )  );
#2782 = CARTESIAN_POINT ( 'NONE',  ( 28.49011611213818895, 4.999999999999906741, -349.5327445574391731 ) ) ;
#2783 = CARTESIAN_POINT ( 'NONE',  ( -15.00000000000000000, 1.574228219477278389E-13, -338.5000000000000000 ) ) ;
#2784 = CARTESIAN_POINT ( 'NONE',  ( 3.061616997868386592E-16, 23.50391484076516946, -348.9578767150717908 ) ) ;
#2785 = AXIS2_PLACEMENT_3D ( 'NONE', #2064, #92, #917 ) ;
#2786 = CARTESIAN_POINT ( 'NONE',  ( -27.64246599057346288, 2.895394624970797141E-13, -352.9922958199715026 ) ) ;
#2787 = DIRECTION ( 'NONE',  ( -0.000000000000000000, -0.000000000000000000, 1.000000000000000000 ) ) ;
#2788 = TOROIDAL_SURFACE ( 'NONE', #3599, -0.04049180243233817256, 1.168479031451811201 ) ;
#2789 = EDGE_CURVE ( 'NONE', #3111, #1817, #2502, .T. ) ;
#2790 = CARTESIAN_POINT ( 'NONE',  ( 0.000000000000000000, -27.64246599057346643, -352.9922958199715595 ) ) ;
#2791 = ORIENTED_EDGE ( 'NONE', *, *, #3455, .F. ) ;
#2792 = CIRCLE ( 'NONE', #2675, 50.77142783045179897 ) ;
#2793 = AXIS2_PLACEMENT_3D ( 'NONE', #3134, #3074, #2309 ) ;
#2794 = CARTESIAN_POINT ( 'NONE',  ( -5.000000000000005329, -20.37346398396783442, -333.7390229158967259 ) ) ;
#2795 = LINE ( 'NONE', #2484, #1803 ) ;
#2796 = DIRECTION ( 'NONE',  ( 0.3401339700489858231, -3.562714227397984795E-15, -0.9403769895200092543 ) ) ;
#2797 = CARTESIAN_POINT ( 'NONE',  ( -3.061616997868386592E-16, -21.76568028555520939, -340.1474355323161376 ) ) ;
#2798 = CARTESIAN_POINT ( 'NONE',  ( 22.82280726805832316, -7.999156737611395794E-14, -342.5446931419174916 ) ) ;
#2799 = CARTESIAN_POINT ( 'NONE',  ( -3.061616997868386592E-16, -20.79747242897318316, -339.0045997728646512 ) ) ;
#2800 = DIRECTION ( 'NONE',  ( -1.000000000000000000, -0.000000000000000000, 0.000000000000000000 ) ) ;
#2801 = DIRECTION ( 'NONE',  ( 0.000000000000000000, 1.000000000000000000, 0.000000000000000000 ) ) ;
#2802 = CARTESIAN_POINT ( 'NONE',  ( 0.000000000000000000, -13.79576468664931177, -380.6103366090223403 ) ) ;
#2803 = CARTESIAN_POINT ( 'NONE',  ( -29.99999999999999289, -0.3271344438929733589, -258.3350428043144120 ) ) ;
#2804 = CARTESIAN_POINT ( 'NONE',  ( -18.65238951158531577, 5.000000000000200728, -338.6063043901583001 ) ) ;
#2805 = CARTESIAN_POINT ( 'NONE',  ( -30.00000000000000000, -50.05156991562093083, -248.0774406985227358 ) ) ;
#2806 = EDGE_CURVE ( 'NONE', #1305, #1744, #1938, .T. ) ;
#2807 = DIRECTION ( 'NONE',  ( -1.000000000000000000, -0.000000000000000000, -0.000000000000000000 ) ) ;
#2808 = ORIENTED_EDGE ( 'NONE', *, *, #2789, .T. ) ;
#2809 = CARTESIAN_POINT ( 'NONE',  ( 0.000000000000000000, -27.63585913147470308, -341.1395218688211344 ) ) ;
#2810 = CARTESIAN_POINT ( 'NONE',  ( -7.473445264597362581, -0.6510633793448743489, -333.5806376241536100 ) ) ;
#2811 = DIRECTION ( 'NONE',  ( 0.000000000000000000, 0.000000000000000000, 1.000000000000000000 ) ) ;
#2812 = CARTESIAN_POINT ( 'NONE',  ( 21.76568028556354761, -5.000000000000081712, -340.1474355323161376 ) ) ;
#2813 = B_SPLINE_CURVE_WITH_KNOTS ( 'NONE', 3,
 ( #806, #1338, #2453, #3563, #2182, #1925, #788, #3287, #1909, #516, #2741, #243, #3038, #1855, #1355, #2467, #1080, #2401, #533, #3511, #1012, #2963, #466, #1588, #328, #1412, #899, #843, #1151, #860, #1172, #1373, #1118, #2286, #2522, #312, #3090, #2535, #1445, #19, #881, #2218, #586, #2235, #2507, #2829, #567, #1974, #3390, #1392, #2554, #3339 ),
 .UNSPECIFIED., .F., .F.,
 ( 4, 2, 2, 2, 2, 2, 2, 2, 2, 2, 2, 2, 2, 2, 2, 2, 2, 2, 2, 2, 2, 2, 2, 2, 2, 4 ),
 ( 0.000000000000000000, 0.003407330993523818852, 0.005110996490285722206, 0.006814661987047625560, 0.01022199298057145309, 0.01192565847733336945, 0.01362932397409528408, 0.01703665496761909426, 0.01874032046438097940, 0.02044398596114287148, 0.02214765145790475662, 0.02385131695466664870, 0.02725864794819042244, 0.02896231344495231452, 0.03066597894171420313, 0.03407330993523797341, 0.03577697543199986202, 0.03748064092876175063, 0.03918430642552363924, 0.04088797192228553479, 0.04429530291580935364, 0.04599896841257127694, 0.04770263390933320719, 0.05110996490285708155, 0.05281363039961901873, 0.05451729589638095591 ),
 .UNSPECIFIED. ) ;
#2814 = ORIENTED_EDGE ( 'NONE', *, *, #1184, .T. ) ;
#2815 = CARTESIAN_POINT ( 'NONE',  ( 22.27970408794294954, -7.778917105800198260E-14, -334.2073279480806036 ) ) ;
#2816 = FACE_OUTER_BOUND ( 'NONE', #16, .T. ) ;
#2817 = CARTESIAN_POINT ( 'NONE',  ( -3.061616997868386592E-16, -23.50391484076516946, -348.9578767150717908 ) ) ;
#2818 = CARTESIAN_POINT ( 'NONE',  ( 7.344406161070038408, -1.525975079357476005, -337.9869156201566511 ) ) ;
#2819 = DIRECTION ( 'NONE',  ( 0.000000000000000000, 0.000000000000000000, 1.000000000000000000 ) ) ;
#2820 = CARTESIAN_POINT ( 'NONE',  ( 0.000000000000000000, -25.29152351677342025, -352.1419608948490918 ) ) ;
#2821 = CARTESIAN_POINT ( 'NONE',  ( -13.74609510985698257, 17.87183025940147374, -302.2192907105492736 ) ) ;
#2822 = FACE_OUTER_BOUND ( 'NONE', #2400, .T. ) ;
#2823 = CARTESIAN_POINT ( 'NONE',  ( -23.38237633774811997, 5.000000000000250466, -345.0117091510177261 ) ) ;
#2824 = DIRECTION ( 'NONE',  ( 0.000000000000000000, 0.9403769895200064788, -0.3401339700489933726 ) ) ;
#2825 = CARTESIAN_POINT ( 'NONE',  ( 0.000000000000000000, 28.49011611213813566, -349.5327445574392300 ) ) ;
#2826 = ORIENTED_EDGE ( 'NONE', *, *, #3042, .T. ) ;
#2827 = ADVANCED_FACE ( 'NONE', ( #14 ), #1409, .T. ) ;
#2828 = CARTESIAN_POINT ( 'NONE',  ( -5.000000000000005329, -16.63131480189348821, -338.4971743906191932 ) ) ;
#2829 = CARTESIAN_POINT ( 'NONE',  ( 16.50897956765347274, -5.914347900820509096, -305.5169140786492221 ) ) ;
#2830 = DIRECTION ( 'NONE',  ( 0.000000000000000000, 0.000000000000000000, 1.000000000000000000 ) ) ;
#2831 = CARTESIAN_POINT ( 'NONE',  ( 19.70304487559265993, 4.999999999999936051, -338.7229328805124737 ) ) ;
#2832 =( NAMED_UNIT ( * ) SI_UNIT ( $, .STERADIAN. ) SOLID_ANGLE_UNIT ( ) );
#2833 = EDGE_LOOP ( 'NONE', ( #678, #2891, #509 ) ) ;
#2834 = CARTESIAN_POINT ( 'NONE',  ( -3.061616997868386592E-16, -18.65238951158536196, -338.6063043901583001 ) ) ;
#2835 = CARTESIAN_POINT ( 'NONE',  ( 21.76568028555520939, -7.630062824390303234E-14, -340.1474355323161376 ) ) ;
#2836 = EDGE_CURVE ( 'NONE', #2212, #1635, #942, .T. ) ;
#2837 = CARTESIAN_POINT ( 'NONE',  ( -22.94058104297341671, 2.402898318412806900E-13, -351.2916259697266241 ) ) ;
#2838 = MANIFOLD_SOLID_BREP ( 'CirPattern1', #2545 ) ;
#2839 = CARTESIAN_POINT ( 'NONE',  ( -7.473298977483814554, 0.6524295390102727854, -338.4189096026348693 ) ) ;
#2840 = CARTESIAN_POINT ( 'NONE',  ( 5.000000000000005329, 27.64246599057346643, -352.9922958199715026 ) ) ;
#2841 = CARTESIAN_POINT ( 'NONE',  ( 0.000000000000000000, -19.14206404499947567, -333.6278838779329590 ) ) ;
#2842 = CARTESIAN_POINT ( 'NONE',  ( -26.14080198592629500, 5.000000000000278888, -337.7142433841773936 ) ) ;
#2843 = CARTESIAN_POINT ( 'NONE',  ( -19.70304487558940920, 5.000000000000211386, -338.7229328805124737 ) ) ;
#2844 = CARTESIAN_POINT ( 'NONE',  ( -5.000000000000005329, 28.23531764672898348, -351.3018813774303908 ) ) ;
#2845 = AXIS2_PLACEMENT_3D ( 'NONE', #3109, #1723, #2849 ) ;
#2846 = VERTEX_POINT ( 'NONE', #2061 ) ;
#2848 = CIRCLE ( 'NONE', #1280, 47.49999999999998579 ) ;
#2847 = CARTESIAN_POINT ( 'NONE',  ( -3.061616997868386592E-16, -23.38237633774817681, -345.0117091510177261 ) ) ;
#2849 = DIRECTION ( 'NONE',  ( 0.000000000000000000, -0.9403769895200053686, 0.3401339700489965368 ) ) ;
#2850 = DIRECTION ( 'NONE',  ( 1.000000000000000000, -3.491481338843133355E-15, 0.000000000000000000 ) ) ;
#2851 = CARTESIAN_POINT ( 'NONE',  ( 15.00000000000000000, -5.267838178243383820E-14, -338.5000000000000000 ) ) ;
#2852 = AXIS2_PLACEMENT_3D ( 'NONE', #1034, #2673, #156 ) ;
#2853 = ORIENTED_EDGE ( 'NONE', *, *, #1383, .F. ) ;
#2854 = AXIS2_PLACEMENT_3D ( 'NONE', #739, #961, #2655 ) ;
#2855 = CARTESIAN_POINT ( 'NONE',  ( 28.23531764672898348, -9.858308465934990729E-14, -351.3018813774303908 ) ) ;
#2856 = CARTESIAN_POINT ( 'NONE',  ( 7.500000000000000000, 0.000000000000000000, -340.0000000000000000 ) ) ;
#2857 = AXIS2_PLACEMENT_3D ( 'NONE', #1799, #407, #1529 ) ;
#2858 = EDGE_CURVE ( 'NONE', #1490, #3185, #3603, .T. ) ;
#2859 = CARTESIAN_POINT ( 'NONE',  ( 0.000000000000000000, -15.72797534188301682, -333.4918484924627364 ) ) ;
#2860 = CARTESIAN_POINT ( 'NONE',  ( -17.49694210585435528, -0.3271344438929733589, -305.8350428043144120 ) ) ;
#2861 = EDGE_CURVE ( 'NONE', #1370, #1063, #383, .T. ) ;
#2862 = CARTESIAN_POINT ( 'NONE',  ( -15.00000000000000000, 1.571166602479409884E-13, -336.0000000000000000 ) ) ;
#2863 = CARTESIAN_POINT ( 'NONE',  ( 5.000000000000005329, 27.12167573721353619, -339.6567022317279907 ) ) ;
#2864 = CARTESIAN_POINT ( 'NONE',  ( 0.000000000000000000, -27.64246599057346643, -352.9922958199715595 ) ) ;
#2865 = CARTESIAN_POINT ( 'NONE',  ( -15.72797534188296531, 5.000000000000170530, -333.4918484924627364 ) ) ;
#2866 = CIRCLE ( 'NONE', #3562, 2.500000000000009770 ) ;
#2867 = CARTESIAN_POINT ( 'NONE',  ( -22.41613585559574773, 5.000000000000239808, -341.4191863349708456 ) ) ;
#2868 = CARTESIAN_POINT ( 'NONE',  ( 0.000000000000000000, 15.00000000000000000, -338.5000000000000000 ) ) ;
#2869 = EDGE_LOOP ( 'NONE', ( #3406, #548 ) ) ;
#2870 = CARTESIAN_POINT ( 'NONE',  ( 0.000000000000000000, -22.27970408794294954, -334.2073279480806036 ) ) ;
#2871 = CARTESIAN_POINT ( 'NONE',  ( -1.526939869761348767, -7.344212301217382333, -334.0137888085117197 ) ) ;
#2872 = CARTESIAN_POINT ( 'NONE',  ( 0.000000000000000000, 19.14206404499947567, -333.6278838779329590 ) ) ;
#2873 = CARTESIAN_POINT ( 'NONE',  ( 0.000000000000000000, -27.63585913147470308, -341.1395218688211344 ) ) ;
#2874 = VERTEX_POINT ( 'NONE', #1777 ) ;
#2875 = CARTESIAN_POINT ( 'NONE',  ( 23.52621183349081946, -5.000000000000087930, -334.7882220044681389 ) ) ;
#2876 = FACE_OUTER_BOUND ( 'NONE', #734, .T. ) ;
#2877 = CARTESIAN_POINT ( 'NONE',  ( 0.000000000000000000, -23.10099649808227440, -334.5516039357306681 ) ) ;
#2878 = PLANE ( 'NONE',  #3555 ) ;
#2879 = EDGE_CURVE ( 'NONE', #1653, #994, #2721, .T. ) ;
#2880 = CYLINDRICAL_SURFACE ( 'NONE', #1051, 2.500000000000001776 ) ;
#2881 = CARTESIAN_POINT ( 'NONE',  ( 7.500000000000000000, -1.080908319495375888E-19, -333.5000000000000000 ) ) ;
#2882 = CARTESIAN_POINT ( 'NONE',  ( -27.63585913147476347, -4.999999999999714895, -341.1395218688211344 ) ) ;
#2883 = CARTESIAN_POINT ( 'NONE',  ( -21.76568028555515610, 5.000000000000232703, -340.1474355323161376 ) ) ;
#2884 = DIRECTION ( 'NONE',  ( -1.000000000000000000, 1.058960698355016780E-14, 0.000000000000000000 ) ) ;
#2885 = ADVANCED_FACE ( 'NONE', ( #88, #966 ), #401, .T. ) ;
#2886 = ORIENTED_EDGE ( 'NONE', *, *, #694, .T. ) ;
#2887 = CARTESIAN_POINT ( 'NONE',  ( 0.000000000000000000, -21.88892678961155980, -334.0963682416403913 ) ) ;
#2888 = CARTESIAN_POINT ( 'NONE',  ( -2.419117876890835905, -7.099228052002465539, -335.3480475907941241 ) ) ;
#2889 = CARTESIAN_POINT ( 'NONE',  ( 0.000000000000000000, 15.00000000000000000, -333.5000000000000000 ) ) ;
#2890 = DIRECTION ( 'NONE',  ( -3.469446951953611822E-15, -1.000000000000000000, 0.000000000000000000 ) ) ;
#2891 = ORIENTED_EDGE ( 'NONE', *, *, #1636, .T. ) ;
#2892 = CARTESIAN_POINT ( 'NONE',  ( 15.00000000000000000, -5.237222008264700033E-14, -336.0000000000000000 ) ) ;
#2893 = CARTESIAN_POINT ( 'NONE',  ( 5.000000000000005329, -28.54861166975242881, -346.0525470957490484 ) ) ;
#2894 = CARTESIAN_POINT ( 'NONE',  ( 0.8097080880323651586, -7.457714297899737055, -338.3708781628745896 ) ) ;
#2895 = CARTESIAN_POINT ( 'NONE',  ( -22.47586982676988754, -1.823051105747976797, -305.8350428043144689 ) ) ;
#2896 = CARTESIAN_POINT ( 'NONE',  ( 0.000000000000000000, -27.12167573721353619, -339.6567022317279907 ) ) ;
#2897 = CARTESIAN_POINT ( 'NONE',  ( -26.14080198592641224, -4.999999999999732658, -337.7142433841773936 ) ) ;
#2898 = CARTESIAN_POINT ( 'NONE',  ( -18.65238951158536196, 1.956795714133506067E-13, -338.6063043901583001 ) ) ;
#2899 = CARTESIAN_POINT ( 'NONE',  ( 26.14080198592635185, -9.127012231626220238E-14, -337.7142433841773936 ) ) ;
#2900 = ORIENTED_EDGE ( 'NONE', *, *, #3263, .F. ) ;
#2901 =( BOUNDED_SURFACE ( )  B_SPLINE_SURFACE ( 3, 3, ( 
 ( #2515, #9, #3382, #3492, #359, #1269, #1565, #737, #2584, #3117, #2382, #430, #2278, #1824, #1200, #2112, #2004, #890, #1479, #65 ),
 ( #3400, #446, #1840, #2947, #83, #1162, #170, #1461, #2931, #613, #1733, #1547, #2652, #2863, #997, #1291, #2089, #152, #3241, #2840 ),
 ( #3224, #2365, #719, #2669, #703, #1755, #3205, #1856, #909, #1437, #339, #2964, #2402, #3512, #1013, #3470, #2130, #2544, #43, #2566 ),
 ( #1182, #2295, #2022, #974, #3138, #629, #2183, #210, #1031, #3325, #2454, #1639, #502, #1607, #3274, #2708, #1657, #2219, #1081, #1894 ),
 ( #2986, #828, #754, #1322, #3578, #2434, #1099, #517, #1943, #3288, #2197, #2758, #3564, #3304, #485, #789, #191, #1066, #244, #1910 ),
 ( #3019, #2742, #467, #1356, #3543, #1589, #534, #2691, #1048, #1307, #2419, #2169, #2468, #807, #1879, #1926, #3039, #260, #1622, #3593 ),
 ( #1374, #2485, #3527, #2148, #773, #3256, #2724, #3003, #226, #1339, #844, #1708, #2523, #1741, #918, #3340, #1690, #299, #3373, #1959 ) ),
 .UNSPECIFIED., .T., .F., .T. ) 
 B_SPLINE_SURFACE_WITH_KNOTS ( ( 4, 3, 4 ),
 ( 4, 2, 2, 2, 2, 2, 2, 2, 2, 4 ),
 ( 0.000000000000000000, 0.5000000000000000000, 1.000000000000000000 ),
 ( 0.000000000000000000, 0.1601717819196981085, 0.3203435638393962170, 0.3703435638394153573, 0.4203435638394345530, 0.4928006183595052825, 0.5652576728795759564, 0.7101717819197173043, 0.8550858909598586521, 1.000000000000000000 ),
 .UNSPECIFIED. ) 
 GEOMETRIC_REPRESENTATION_ITEM ( )  RATIONAL_B_SPLINE_SURFACE ( (
 ( 1.000000000000000000, 1.000000000000000000, 1.000000000000000000, 1.000000000000000000, 1.000000000000000000, 1.000000000000000000, 1.000000000000000000, 1.000000000000000000, 1.000000000000000000, 1.000000000000000000, 1.000000000000000000, 1.000000000000000000, 1.000000000000000000, 1.000000000000000000, 1.000000000000000000, 1.000000000000000000, 1.000000000000000000, 1.000000000000000000, 1.000000000000000000, 1.000000000000000000),
 ( 0.3333333333333333703, 0.3333333333333333703, 0.3333333333333333703, 0.3333333333333333703, 0.3333333333333333703, 0.3333333333333333703, 0.3333333333333333703, 0.3333333333333333703, 0.3333333333333333703, 0.3333333333333333703, 0.3333333333333333703, 0.3333333333333333703, 0.3333333333333333703, 0.3333333333333333703, 0.3333333333333333703, 0.3333333333333333703, 0.3333333333333333703, 0.3333333333333333703, 0.3333333333333333703, 0.3333333333333333703),
 ( 0.3333333333333333703, 0.3333333333333333703, 0.3333333333333333703, 0.3333333333333333703, 0.3333333333333333703, 0.3333333333333333703, 0.3333333333333333703, 0.3333333333333333703, 0.3333333333333333703, 0.3333333333333333703, 0.3333333333333333703, 0.3333333333333333703, 0.3333333333333333703, 0.3333333333333333703, 0.3333333333333333703, 0.3333333333333333703, 0.3333333333333333703, 0.3333333333333333703, 0.3333333333333333703, 0.3333333333333333703),
 ( 1.000000000000000000, 1.000000000000000000, 1.000000000000000000, 1.000000000000000000, 1.000000000000000000, 1.000000000000000000, 1.000000000000000000, 1.000000000000000000, 1.000000000000000000, 1.000000000000000000, 1.000000000000000000, 1.000000000000000000, 1.000000000000000000, 1.000000000000000000, 1.000000000000000000, 1.000000000000000000, 1.000000000000000000, 1.000000000000000000, 1.000000000000000000, 1.000000000000000000),
 ( 0.3333333333333333703, 0.3333333333333333703, 0.3333333333333333703, 0.3333333333333333703, 0.3333333333333333703, 0.3333333333333333703, 0.3333333333333333703, 0.3333333333333333703, 0.3333333333333333703, 0.3333333333333333703, 0.3333333333333333703, 0.3333333333333333703, 0.3333333333333333703, 0.3333333333333333703, 0.3333333333333333703, 0.3333333333333333703, 0.3333333333333333703, 0.3333333333333333703, 0.3333333333333333703, 0.3333333333333333703),
 ( 0.3333333333333333703, 0.3333333333333333703, 0.3333333333333333703, 0.3333333333333333703, 0.3333333333333333703, 0.3333333333333333703, 0.3333333333333333703, 0.3333333333333333703, 0.3333333333333333703, 0.3333333333333333703, 0.3333333333333333703, 0.3333333333333333703, 0.3333333333333333703, 0.3333333333333333703, 0.3333333333333333703, 0.3333333333333333703, 0.3333333333333333703, 0.3333333333333333703, 0.3333333333333333703, 0.3333333333333333703),
 ( 1.000000000000000000, 1.000000000000000000, 1.000000000000000000, 1.000000000000000000, 1.000000000000000000, 1.000000000000000000, 1.000000000000000000, 1.000000000000000000, 1.000000000000000000, 1.000000000000000000, 1.000000000000000000, 1.000000000000000000, 1.000000000000000000, 1.000000000000000000, 1.000000000000000000, 1.000000000000000000, 1.000000000000000000, 1.000000000000000000, 1.000000000000000000, 1.000000000000000000) ) ) 
 REPRESENTATION_ITEM ( '' )  SURFACE ( )  );
#2902 = CARTESIAN_POINT ( 'NONE',  ( 5.000000000000005329, -23.10099649808227440, -334.5516039357306681 ) ) ;
#2903 = ADVANCED_FACE ( 'NONE', ( #3179 ), #578, .T. ) ;
#2904 = CARTESIAN_POINT ( 'NONE',  ( 14.80398776736175570, -5.168288821458154270E-14, -381.0180695989224091 ) ) ;
#2905 = VECTOR ( 'NONE', #1030, 1000.000000000000000 ) ;
#2906 = DIRECTION ( 'NONE',  ( -1.000000000000000000, -0.000000000000000000, -0.000000000000000000 ) ) ;
#2907 = CARTESIAN_POINT ( 'NONE',  ( 0.000000000000000000, 25.77854879289000678, -337.1129459021298089 ) ) ;
#2908 = ORIENTED_EDGE ( 'NONE', *, *, #23, .T. ) ;
#2909 = CONICAL_SURFACE ( 'NONE', #2845, 2.499999999999986677, 0.04471155042434143273 ) ;
#2910 = DIRECTION ( 'NONE',  ( 0.000000000000000000, 0.000000000000000000, 1.000000000000000000 ) ) ;
#2911 = AXIS2_PLACEMENT_3D ( 'NONE', #2536, #2287, #900 ) ;
#2912 = CARTESIAN_POINT ( 'NONE',  ( 1.255692123438577834, -7.395413251493756057, -333.8321285146255946 ) ) ;
#2913 = AXIS2_PLACEMENT_3D ( 'NONE', #2519, #2629, #2079 ) ;
#2914 = CYLINDRICAL_SURFACE ( 'NONE', #2854, 7.500000000000000000 ) ;
#2915 = CARTESIAN_POINT ( 'NONE',  ( 15.64014409436184039, -5.000000000000061284, -338.4918484924057793 ) ) ;
#2916 = DIRECTION ( 'NONE',  ( 1.000000000000000000, 0.000000000000000000, 0.000000000000000000 ) ) ;
#2917 = ORGANIZATION ( 'UNSPECIFIED', 'UNSPECIFIED', '' ) ;
#2918 = VECTOR ( 'NONE', #280, 1000.000000000000000 ) ;
#2919 = CARTESIAN_POINT ( 'NONE',  ( 2.882146896500271005, 17.27055421441102112, -302.4551752608249444 ) ) ;
#2920 = CARTESIAN_POINT ( 'NONE',  ( 22.94058104297341671, -5.000000000000086153, -351.2916259697266241 ) ) ;
#2921 = CARTESIAN_POINT ( 'NONE',  ( -21.14486282628772784, -4.999999999999783284, -339.2759833987219054 ) ) ;
#2922 = CARTESIAN_POINT ( 'NONE',  ( -19.14206404500036740, 5.000000000000206057, -333.6278838779330158 ) ) ;
#2923 = CARTESIAN_POINT ( 'NONE',  ( 27.63585913147470308, -9.649008644023728094E-14, -341.1395218688211344 ) ) ;
#2924 = VERTEX_POINT ( 'NONE', #2940 ) ;
#2925 = ADVANCED_FACE ( 'NONE', ( #3421 ), #1520, .T. ) ;
#2926 = CARTESIAN_POINT ( 'NONE',  ( 5.000000000000005329, -22.41613585559580457, -341.4191863349708456 ) ) ;
#2927 = DIRECTION ( 'NONE',  ( -1.000000000000000000, 0.000000000000000000, 3.007417864768909959E-16 ) ) ;
#2928 = CARTESIAN_POINT ( 'NONE',  ( -40.00000000000000000, -42.75083609907515125, -194.1064706347662252 ) ) ;
#2929 = ORIENTED_EDGE ( 'NONE', *, *, #2858, .F. ) ;
#2930 = DIRECTION ( 'NONE',  ( 0.000000000000000000, -1.000000000000000000, 0.000000000000000000 ) ) ;
#2931 = CARTESIAN_POINT ( 'NONE',  ( 5.000000000000005329, 23.52621183349084788, -334.7882220044681389 ) ) ;
#2932 = EDGE_CURVE ( 'NONE', #2394, #2663, #3429, .T. ) ;
#2933 = CARTESIAN_POINT ( 'NONE',  ( 7.115628904975856983, 2.371129462158612977, -335.1907601089787931 ) ) ;
#2934 = FACE_OUTER_BOUND ( 'NONE', #2324, .T. ) ;
#2935 = DIRECTION ( 'NONE',  ( 0.000000000000000000, 0.3401339700489858231, -0.9403769895200092543 ) ) ;
#2936 = CARTESIAN_POINT ( 'NONE',  ( 10.20926875477677420, 14.22466384886296886, -303.5523527330761908 ) ) ;
#2937 = CARTESIAN_POINT ( 'NONE',  ( 27.64246599057346288, -9.651315416569369240E-14, -352.9922958199715026 ) ) ;
#2938 = CARTESIAN_POINT ( 'NONE',  ( -26.14080198592635185, 2.738103669485490906E-13, -337.7142433841773936 ) ) ;
#2939 = CARTESIAN_POINT ( 'NONE',  ( 19.70304487559264572, -6.909897520131613415E-14, -338.7229328805124737 ) ) ;
#2940 = CARTESIAN_POINT ( 'NONE',  ( 30.00000000000001776, -42.75083609907515125, -194.1064706347662252 ) ) ;
#2941 = ORIENTED_EDGE ( 'NONE', *, *, #720, .F. ) ;
#2942 = CARTESIAN_POINT ( 'NONE',  ( 40.00000000000000000, -41.90426888778601722, -168.2566363886433010 ) ) ;
#2943 = CARTESIAN_POINT ( 'NONE',  ( -7.115782248007087141, -2.370657533316068655, -336.8104057079953009 ) ) ;
#2944 = CARTESIAN_POINT ( 'NONE',  ( -30.00000000000000000, -0.3271344438929733589, -258.3350428043144120 ) ) ;
#2945 = ORIENTED_EDGE ( 'NONE', *, *, #379, .F. ) ;
#2946 = FACE_OUTER_BOUND ( 'NONE', #2053, .T. ) ;
#2947 = CARTESIAN_POINT ( 'NONE',  ( 5.000000000000005329, 19.14206404499947212, -333.6278838779330158 ) ) ;
#2948 = CARTESIAN_POINT ( 'NONE',  ( 7.500000000000000000, 0.000000000000000000, -340.0000000000000000 ) ) ;
#2949 = DIRECTION ( 'NONE',  ( -0.000000000000000000, 1.000000000000000000, -0.000000000000000000 ) ) ;
#2950 = CARTESIAN_POINT ( 'NONE',  ( 27.12167573719685976, -5.000000000000100364, -339.6567022317279907 ) ) ;
#2951 = CARTESIAN_POINT ( 'NONE',  ( -5.000000000000005329, -15.72797534188301860, -333.4918484924627364 ) ) ;
#2952 = CARTESIAN_POINT ( 'NONE',  ( 17.50000000000000711, 0.5752867503861577303, -305.8299541794467586 ) ) ;
#2953 = CARTESIAN_POINT ( 'NONE',  ( 27.64246599057346643, -5.000000000000101252, -352.9922958199715595 ) ) ;
#2954 = CARTESIAN_POINT ( 'NONE',  ( -25.77854879289006007, -4.999999999999735323, -337.1129459021298089 ) ) ;
#2955 = CARTESIAN_POINT ( 'NONE',  ( 20.65287768296467874, 4.999999999999933387, -338.9495670264251430 ) ) ;
#2956 = CARTESIAN_POINT ( 'NONE',  ( -28.35094872480814487, 2.969604252336800092E-13, -344.3384610673687689 ) ) ;
#2957 = ORIENTED_EDGE ( 'NONE', *, *, #2172, .F. ) ;
#2958 = CARTESIAN_POINT ( 'NONE',  ( 28.35094872480814487, -9.898680841137003206E-14, -344.3384610673687689 ) ) ;
#2959 = LINE ( 'NONE', #460, #927 ) ;
#2960 = CARTESIAN_POINT ( 'NONE',  ( 5.000000000000005329, 27.12167573721353619, -339.6567022317279907 ) ) ;
#2961 = CALENDAR_DATE ( 2026, 8, 5 ) ;
#2962 = VERTEX_POINT ( 'NONE', #1244 ) ;
#2963 = CARTESIAN_POINT ( 'NONE',  ( -4.517164281855325036, -16.91648058980726788, -302.8443023441301989 ) ) ;
#2964 = CARTESIAN_POINT ( 'NONE',  ( 5.000000000000005329, 21.54248251245784829, -339.7937097858272182 ) ) ;
#2965 = CIRCLE ( 'NONE', #1574, 1.127285428411933355 ) ;
#2966 = CARTESIAN_POINT ( 'NONE',  ( 1.653531354036670287, -7.316401268784489709, -334.1179569567458998 ) ) ;
#2967 = CARTESIAN_POINT ( 'NONE',  ( 22.49762171998673566, -0.3271344438929733589, -305.8350428043144120 ) ) ;
#2968 = EDGE_CURVE ( 'NONE', #3254, #3505, #3550, .T. ) ;
#2969 = CIRCLE ( 'NONE', #45, 2.500000000000002220 ) ;
#2970 = CARTESIAN_POINT ( 'NONE',  ( 0.000000000000000000, -16.80894403190034936, -333.4978844596955128 ) ) ;
#2971 = CARTESIAN_POINT ( 'NONE',  ( 15.14102573838427190, 8.793817111078812587, -304.9539709975151140 ) ) ;
#2972 = CIRCLE ( 'NONE', #635, 2.500000000000002220 ) ;
#2973 = CARTESIAN_POINT ( 'NONE',  ( 16.63131480189253253, -5.000000000000063949, -338.4971743906191932 ) ) ;
#2974 = VECTOR ( 'NONE', #2114, 1000.000000000000000 ) ;
#2975 = CARTESIAN_POINT ( 'NONE',  ( -28.49011611211708583, -4.999999999999706901, -349.5327445574391731 ) ) ;
#2976 = CC_DESIGN_APPROVAL ( #848, ( #993 ) ) ;
#2977 = CARTESIAN_POINT ( 'NONE',  ( 20.46621379612653158, 9.377153186508564886, -304.8383700717096758 ) ) ;
#2978 = EDGE_LOOP ( 'NONE', ( #2482, #1022, #2739, #2649 ) ) ;
#2979 = CARTESIAN_POINT ( 'NONE',  ( 24.48787753505513010, -8.549896744152797769E-14, -335.5118404682566506 ) ) ;
#2980 = DIRECTION ( 'NONE',  ( -1.460819769243627377E-16, 0.000000000000000000, -1.000000000000000000 ) ) ;
#2981 = CARTESIAN_POINT ( 'NONE',  ( 5.000000000000005329, 21.76568028555520939, -340.1474355323161376 ) ) ;
#2982 = ORIENTED_EDGE ( 'NONE', *, *, #3222, .T. ) ;
#2983 = VERTEX_POINT ( 'NONE', #2374 ) ;
#2984 = CARTESIAN_POINT ( 'NONE',  ( -23.10099649808227440, 2.419700945452174646E-13, -334.5516039357306681 ) ) ;
#2985 = DIRECTION ( 'NONE',  ( 0.000000000000000000, 0.000000000000000000, 1.000000000000000000 ) ) ;
#2986 = CARTESIAN_POINT ( 'NONE',  ( -5.000000000000005329, 14.99999999999999822, -338.5000000000000568 ) ) ;
#2987 = DIRECTION ( 'NONE',  ( -0.000000000000000000, -0.000000000000000000, 1.000000000000000000 ) ) ;
#2988 = CARTESIAN_POINT ( 'NONE',  ( 21.23718913203835612, -7.572196075350240640, -305.2988094909165966 ) ) ;
#2989 = DIRECTION ( 'NONE',  ( -1.000000000000000000, 0.000000000000000000, 0.000000000000000000 ) ) ;
#2990 = ADVANCED_FACE ( 'NONE', ( #3479 ), #984, .T. ) ;
#2991 = CARTESIAN_POINT ( 'NONE',  ( 27.12167573719685976, -5.000000000000100364, -339.6567022317279907 ) ) ;
#2992 = B_SPLINE_CURVE_WITH_KNOTS ( 'NONE', 3,
 ( #1784, #1802, #445, #1564, #1531, #391, #373, #3413, #411, #923, #3187, #2635, #134, #2035, #1769, #1492, #3432, #209, #3273, #1306, #1656, #190, #2129, #2707, #2418, #1621, #3526, #3002, #3240, #1321 ),
 .UNSPECIFIED., .F., .F.,
 ( 4, 2, 2, 2, 2, 2, 2, 2, 2, 2, 2, 2, 2, 2, 4 ),
 ( 0.007872893012284352954, 0.008364823544814105685, 0.008856754077343858417, 0.009348684609873611148, 0.009840615142403363880, 0.01082447620746286934, 0.01131640673999269667, 0.01180833727252252399, 0.01230026780505235305, 0.01279219833758218038, 0.01377605940264183676, 0.01426798993517166582, 0.01475992046770149314, 0.01525185100023132220, 0.01574378153276114953 ),
 .UNSPECIFIED. ) ;
#2993 = CARTESIAN_POINT ( 'NONE',  ( -20.53366848166178116, -4.999999999999791278, -338.9121152687107497 ) ) ;
#2994 = DIRECTION ( 'NONE',  ( -1.000000000000000000, 1.047444401652940007E-14, 0.000000000000000000 ) ) ;
#2995 = CARTESIAN_POINT ( 'NONE',  ( -27.12167573721353619, 2.840844741443399644E-13, -339.6567022317279907 ) ) ;
#2996 = CARTESIAN_POINT ( 'NONE',  ( -40.00000000000000000, 436.3341691450922326, -168.2566363886433010 ) ) ;
#2997 = EDGE_CURVE ( 'NONE', #241, #1044, #2500, .T. ) ;
#2998 = CARTESIAN_POINT ( 'NONE',  ( -5.000000000000005329, 23.38237633774817681, -345.0117091510177261 ) ) ;
#2999 = APPROVAL_DATE_TIME ( #2144, #3358 ) ;
#3000 = ORIENTED_EDGE ( 'NONE', *, *, #1678, .F. ) ;
#3001 = VERTEX_POINT ( 'NONE', #2393 ) ;
#3002 = CARTESIAN_POINT ( 'NONE',  ( 0.3299281360716506128, 7.494467136418141884, -338.4835375924282630 ) ) ;
#3003 = CARTESIAN_POINT ( 'NONE',  ( 0.000000000000000000, 23.10099649808227440, -334.5516039357306681 ) ) ;
#3004 = AXIS2_PLACEMENT_3D ( 'NONE', #2620, #1858, #3188 ) ;
#3005 = EDGE_LOOP ( 'NONE', ( #1523, #2634, #2501, #3052 ) ) ;
#3006 = CARTESIAN_POINT ( 'NONE',  ( 7.500000000000000888, 0.1639321870911857881, -333.4999999999998863 ) ) ;
#3007 = CARTESIAN_POINT ( 'NONE',  ( -7.099335218921367208, 2.418804786136148355, -335.3468561163136883 ) ) ;
#3008 = VECTOR ( 'NONE', #3395, 1000.000000000000000 ) ;
#3009 = CARTESIAN_POINT ( 'NONE',  ( 0.000000000000000000, -27.63585913147470308, -341.1395218688211344 ) ) ;
#3010 = CARTESIAN_POINT ( 'NONE',  ( 23.53851726284236534, 4.999999999999922728, -346.3552519128185168 ) ) ;
#3011 = CARTESIAN_POINT ( 'NONE',  ( -21.14486282628772784, -4.999999999999783284, -339.2759833987219054 ) ) ;
#3012 = CARTESIAN_POINT ( 'NONE',  ( 11.31939302488912347, 19.45929754944415890, -301.5194841135365209 ) ) ;
#3013 = ORIENTED_EDGE ( 'NONE', *, *, #1620, .F. ) ;
#3014 = CARTESIAN_POINT ( 'NONE',  ( -7.071067811865485275, -2.499999999999976907, -336.1664495746208559 ) ) ;
#3015 = CARTESIAN_POINT ( 'NONE',  ( 3.061616997868386592E-16, 20.82815769973551667, -339.0188788894475920 ) ) ;
#3016 = ORIENTED_EDGE ( 'NONE', *, *, #155, .F. ) ;
#3017 = ORIENTED_EDGE ( 'NONE', *, *, #1572, .T. ) ;
#3018 = CARTESIAN_POINT ( 'NONE',  ( 22.50000000000000355, 0.000000000000000000, -325.0000000000000000 ) ) ;
#3019 = CARTESIAN_POINT ( 'NONE',  ( -5.000000000000005329, 14.99999999999999822, -333.5000000000000000 ) ) ;
#3020 = CARTESIAN_POINT ( 'NONE',  ( 7.418920582161814714, 1.110245693457044602, -333.7541325118092459 ) ) ;
#3021 = CARTESIAN_POINT ( 'NONE',  ( 1.835895514469169765, -22.42807255083212326, -300.3802594087742932 ) ) ;
#3022 = AXIS2_PLACEMENT_3D ( 'NONE', #1290, #1216, #3170 ) ;
#3023 = CARTESIAN_POINT ( 'NONE',  ( 5.000000000000005329, -21.88892678961155980, -334.0963682416404481 ) ) ;
#3024 = CARTESIAN_POINT ( 'NONE',  ( 21.88892678961155980, -7.642477941322712294E-14, -334.0963682416403913 ) ) ;
#3025 = AXIS2_PLACEMENT_3D ( 'NONE', #955, #1265, #3183 ) ;
#3026 = CARTESIAN_POINT ( 'NONE',  ( 0.000000000000000000, 0.000000000000000000, -325.0000000000000000 ) ) ;
#3027 = CARTESIAN_POINT ( 'NONE',  ( -24.48787753505513010, 2.564969023245435686E-13, -335.5118404682566506 ) ) ;
#3028 = AXIS2_PLACEMENT_3D ( 'NONE', #3162, #125, #654 ) ;
#3029 = VERTEX_POINT ( 'NONE', #1597 ) ;
#3030 = AXIS2_PLACEMENT_3D ( 'NONE', #281, #3113, #590 ) ;
#3031 = CARTESIAN_POINT ( 'NONE',  ( 0.000000000000000000, 0.000000000000000000, -330.0000000000000000 ) ) ;
#3032 = CARTESIAN_POINT ( 'NONE',  ( -5.000000000000005329, 20.65287768296374438, -338.9495670264251430 ) ) ;
#3033 = ORIENTED_EDGE ( 'NONE', *, *, #1074, .F. ) ;
#3034 = VERTEX_POINT ( 'NONE', #2662 ) ;
#3035 = EDGE_CURVE ( 'NONE', #1176, #1319, #2972, .T. ) ;
#3036 = CARTESIAN_POINT ( 'NONE',  ( -21.88892678961155980, 2.292743382396531718E-13, -334.0963682416403913 ) ) ;
#3037 = CARTESIAN_POINT ( 'NONE',  ( -5.000000000000005329, -27.63585913147470308, -341.1395218688211344 ) ) ;
#3038 = CARTESIAN_POINT ( 'NONE',  ( -12.65149326348830172, -12.10381313624033695, -304.3537761505216963 ) ) ;
#3039 = CARTESIAN_POINT ( 'NONE',  ( -5.000000000000005329, 28.54861166975242881, -346.0525470957490484 ) ) ;
#3040 = LINE ( 'NONE', #1658, #609 ) ;
#3041 = CARTESIAN_POINT ( 'NONE',  ( -13.89767337479237952, -17.69841505950073213, -302.5453085270833071 ) ) ;
#3042 = EDGE_CURVE ( 'NONE', #2307, #3423, #285, .T. ) ;
#3043 = CARTESIAN_POINT ( 'NONE',  ( -3.061616997868386592E-16, -16.63131480189349176, -338.4971743906191364 ) ) ;
#3044 = CARTESIAN_POINT ( 'NONE',  ( 23.50391484076516946, -8.236964175657303200E-14, -348.9578767150717908 ) ) ;
#3045 = CARTESIAN_POINT ( 'NONE',  ( 28.35094872482829231, 4.999999999999906741, -344.3384610673687689 ) ) ;
#3046 = CARTESIAN_POINT ( 'NONE',  ( 15.00000000000000000, -5.237222008264700033E-14, -333.5000000000000000 ) ) ;
#3047 = CARTESIAN_POINT ( 'NONE',  ( -9.347681910937570393, 20.46964766022717086, -301.0407192599706718 ) ) ;
#3048 = VERTEX_POINT ( 'NONE', #1421 ) ;
#3049 = FACE_OUTER_BOUND ( 'NONE', #2833, .T. ) ;
#3050 = CARTESIAN_POINT ( 'NONE',  ( 0.000000000000000000, 27.64246599057346288, -352.9922958199715026 ) ) ;
#3051 = ORIENTED_EDGE ( 'NONE', *, *, #964, .F. ) ;
#3052 = ORIENTED_EDGE ( 'NONE', *, *, #1991, .T. ) ;
#3053 = CARTESIAN_POINT ( 'NONE',  ( 0.000000000000000000, -28.35094872480814487, -344.3384610673687689 ) ) ;
#3054 = CARTESIAN_POINT ( 'NONE',  ( -7.500000000000017764, -0.1644949780528680017, -333.5000000000000568 ) ) ;
#3055 = DIRECTION ( 'NONE',  ( 1.000000000000000000, -1.047444401652938902E-14, 0.000000000000000000 ) ) ;
#3056 = EDGE_LOOP ( 'NONE', ( #3168, #238, #2772, #838 ) ) ;
#3057 = CARTESIAN_POINT ( 'NONE',  ( -17.49974608303245205, -0.1089034999013721722, -305.8345727806628815 ) ) ;
#3058 = DIRECTION ( 'NONE',  ( 0.000000000000000000, -0.9403769895200053686, 0.3401339700489969253 ) ) ;
#3059 = CARTESIAN_POINT ( 'NONE',  ( 5.000000000000005329, -22.41613585559580457, -341.4191863349708456 ) ) ;
#3060 = CARTESIAN_POINT ( 'NONE',  ( 24.48787753505513010, 4.999999999999920064, -335.5118404682566506 ) ) ;
#3061 = VECTOR ( 'NONE', #2403, 1000.000000000000000 ) ;
#3062 = EDGE_CURVE ( 'NONE', #514, #3152, #812, .T. ) ;
#3063 = CARTESIAN_POINT ( 'NONE',  ( 22.94058104297347356, 4.999999999999925393, -351.2916259697266241 ) ) ;
#3064 = LINE ( 'NONE', #3315, #1814 ) ;
#3065 = VECTOR ( 'NONE', #2582, 1000.000000000000000 ) ;
#3066 = CARTESIAN_POINT ( 'NONE',  ( -27.64246599057340603, 5.000000000000295763, -352.9922958199715026 ) ) ;
#3067 = CARTESIAN_POINT ( 'NONE',  ( 30.00000000000000711, -0.3271344438929733589, -258.3350428043144120 ) ) ;
#3068 = CARTESIAN_POINT ( 'NONE',  ( -5.000000000000005329, 22.94058104297341671, -351.2916259697266241 ) ) ;
#3069 = ORIENTED_EDGE ( 'NONE', *, *, #222, .T. ) ;
#3070 = CARTESIAN_POINT ( 'NONE',  ( -3.061616997868386592E-16, -15.00000000000000000, -338.5000000000000000 ) ) ;
#3071 = LINE ( 'NONE', #621, #1629 ) ;
#3072 = FACE_OUTER_BOUND ( 'NONE', #2715, .T. ) ;
#3073 = CARTESIAN_POINT ( 'NONE',  ( 20.37346398396783442, -7.113356930763307496E-14, -333.7390229158967259 ) ) ;
#3074 = DIRECTION ( 'NONE',  ( 1.000000000000000000, -0.000000000000000000, -1.431777657695698783E-16 ) ) ;
#3075 = CARTESIAN_POINT ( 'NONE',  ( -5.000000000000005329, -22.41613585559580457, -341.4191863349708456 ) ) ;
#3076 = CARTESIAN_POINT ( 'NONE',  ( 28.49011611213818895, 4.999999999999906741, -349.5327445574391731 ) ) ;
#3077 = ADVANCED_FACE ( 'NONE', ( #2766 ), #1664, .T. ) ;
#3078 = CARTESIAN_POINT ( 'NONE',  ( -40.00000000000000000, 41.25000000000000000, -108.2566363886432868 ) ) ;
#3079 = CARTESIAN_POINT ( 'NONE',  ( 15.00000000000000000, -5.237222008264700033E-14, -336.0000000000000000 ) ) ;
#3080 = CARTESIAN_POINT ( 'NONE',  ( -22.31026498555943505, 3.011788562372532674, -305.7235046754543646 ) ) ;
#3081 = VECTOR ( 'NONE', #441, 1000.000000000000000 ) ;
#3082 = CARTESIAN_POINT ( 'NONE',  ( -23.10099649808223177, 5.000000000000246025, -334.5516039357306681 ) ) ;
#3083 = CARTESIAN_POINT ( 'NONE',  ( -1.380526491630118851E-16, -15.91591124164889948, -381.3771927453105945 ) ) ;
#3084 = CIRCLE ( 'NONE', #929, 395.0841691450921189 ) ;
#3085 = DIRECTION ( 'NONE',  ( 0.000000000000000000, -1.000000000000000000, 0.000000000000000000 ) ) ;
#3086 = VERTEX_POINT ( 'NONE', #2530 ) ;
#3087 = VECTOR ( 'NONE', #1756, 1000.000000000000000 ) ;
#3088 = CIRCLE ( 'NONE', #863, 22.50000000000000355 ) ;
#3089 = CARTESIAN_POINT ( 'NONE',  ( -5.000000000000005329, -15.72797534188301860, -333.4918484924627364 ) ) ;
#3090 = CARTESIAN_POINT ( 'NONE',  ( 10.56044883366602782, -13.96578532937570749, -303.8363911366676007 ) ) ;
#3091 = CARTESIAN_POINT ( 'NONE',  ( -25.29152351677343802, 2.649146471691802778E-13, -352.1419608948490350 ) ) ;
#3092 = LOCAL_TIME ( 19, 32, 0.000000000000000000, #1852 ) ;
#3093 = ORIENTED_EDGE ( 'NONE', *, *, #825, .T. ) ;
#3094 = CARTESIAN_POINT ( 'NONE',  ( -3.061616997868386592E-16, -20.53366848166273684, -338.9121152687107497 ) ) ;
#3095 = DIRECTION ( 'NONE',  ( 1.000000000000000000, -0.000000000000000000, -3.007417864768909959E-16 ) ) ;
#3096 = CARTESIAN_POINT ( 'NONE',  ( -3.061616997868386592E-16, -15.00000000000000000, -338.5000000000000000 ) ) ;
#3097 = DIRECTION ( 'NONE',  ( 1.000000000000000000, 0.000000000000000000, 0.000000000000000000 ) ) ;
#3098 = CARTESIAN_POINT ( 'NONE',  ( 22.49762171998673566, -0.3271344438929733589, -305.8350428043144120 ) ) ;
#3099 = CARTESIAN_POINT ( 'NONE',  ( 3.061616997868366871E-16, 27.64246599057342024, -352.9922958199716163 ) ) ;
#3100 = CARTESIAN_POINT ( 'NONE',  ( 3.061616997868386592E-16, 16.63131480189349176, -338.4971743906191364 ) ) ;
#3101 = ADVANCED_FACE ( 'NONE', ( #1952 ), #171, .T. ) ;
#3102 = DIRECTION ( 'NONE',  ( 0.000000000000000000, 0.000000000000000000, -1.000000000000000000 ) ) ;
#3103 = CARTESIAN_POINT ( 'NONE',  ( -23.31181146317005926, 2.444844257937730616E-13, -350.2139333800129180 ) ) ;
#3104 = DIRECTION ( 'NONE',  ( 0.000000000000000000, 0.000000000000000000, 1.000000000000000000 ) ) ;
#3105 = CARTESIAN_POINT ( 'NONE',  ( -5.000000000000005329, 26.14080198592635185, -337.7142433841773936 ) ) ;
#3106 = ORIENTED_EDGE ( 'NONE', *, *, #3507, .T. ) ;
#3107 = CARTESIAN_POINT ( 'NONE',  ( -5.000000000000005329, -20.65287768296374438, -338.9495670264251430 ) ) ;
#3108 = EDGE_CURVE ( 'NONE', #3505, #1939, #3064, .T. ) ;
#3109 = CARTESIAN_POINT ( 'NONE',  ( 0.000000000000000000, 25.29152351677342025, -352.1419608948490918 ) ) ;
#3110 = CARTESIAN_POINT ( 'NONE',  ( 0.000000000000000000, 23.10099649808227440, -334.5516039357306681 ) ) ;
#3111 = VERTEX_POINT ( 'NONE', #3585 ) ;
#3112 = CARTESIAN_POINT ( 'NONE',  ( 24.95112436346223461, -8.711638509814330823E-14, -336.0136030578399868 ) ) ;
#3113 = DIRECTION ( 'NONE',  ( -1.000000000000000000, -0.000000000000000000, -0.000000000000000000 ) ) ;
#3114 = CARTESIAN_POINT ( 'NONE',  ( 0.000000000000000000, 15.00000000000000000, -336.0000000000000000 ) ) ;
#3115 = CARTESIAN_POINT ( 'NONE',  ( 28.49011611213813566, -9.947270874752517075E-14, -349.5327445574392300 ) ) ;
#3116 = DIRECTION ( 'NONE',  ( 1.000000000000000000, 0.000000000000000000, 0.000000000000000000 ) ) ;
#3117 = CARTESIAN_POINT ( 'NONE',  ( 0.000000000000000000, 24.48787753505513010, -335.5118404682566506 ) ) ;
#3118 = CARTESIAN_POINT ( 'NONE',  ( 0.000000000000000000, -15.00000000000000000, -336.0000000000000000 ) ) ;
#3119 = CARTESIAN_POINT ( 'NONE',  ( -15.64014409436185638, 1.641279754266497743E-13, -338.4918484924057793 ) ) ;
#3120 = B_SPLINE_CURVE_WITH_KNOTS ( 'NONE', 3,
 ( #640, #2107, #2050, #112, #1764, #1190, #657, #2871, #1527, #1487, #954, #2302, #2888, #695, #386, #3218, #3165, #2632, #1247, #2610, #714, #2359, #3447, #3464, #1834, #2083, #1780, #1468, #425, #1819, #1505, #1231 ),
 .UNSPECIFIED., .F., .F.,
 ( 4, 2, 2, 2, 2, 2, 2, 2, 2, 2, 2, 2, 2, 2, 2, 4 ),
 ( 2.724211496924732347E-18, 0.0004920558132678220413, 0.0009841116265356414806, 0.001476167439803460811, 0.001968223253071279925, 0.002952334879606918587, 0.003444390692874662024, 0.003936446506142405460, 0.004428502319410148463, 0.004920558132677892334, 0.005412613945945635337, 0.005904669759213378340, 0.006396725572481122210, 0.006888781385748865213, 0.007380837199016609083, 0.007872893012284352954 ),
 .UNSPECIFIED. ) ;
#3121 = CARTESIAN_POINT ( 'NONE',  ( -23.52621183349078748, 5.000000000000251354, -334.7882220044681389 ) ) ;
#3122 = CARTESIAN_POINT ( 'NONE',  ( -5.000000000000005329, 24.48787753505513010, -335.5118404682566506 ) ) ;
#3123 = ORIENTED_EDGE ( 'NONE', *, *, #1841, .F. ) ;
#3124 = EDGE_CURVE ( 'NONE', #1587, #1384, #755, .T. ) ;
#3125 = CARTESIAN_POINT ( 'NONE',  ( 0.000000000000000000, -19.14206404499947567, -333.6278838779329590 ) ) ;
#3126 = EDGE_CURVE ( 'NONE', #1370, #2874, #846, .T. ) ;
#3127 = CARTESIAN_POINT ( 'NONE',  ( -7.261104810079042515, -1.881551870151539907, -334.3459258250520065 ) ) ;
#3128 = DIRECTION ( 'NONE',  ( 0.9403769895200101425, -9.849926131159798492E-15, 0.3401339700489838247 ) ) ;
#3129 = CARTESIAN_POINT ( 'NONE',  ( 23.53851726284230850, -5.000000000000087930, -346.3552519128185168 ) ) ;
#3130 = CARTESIAN_POINT ( 'NONE',  ( 0.000000000000000000, 16.80894403190034936, -333.4978844596955128 ) ) ;
#3131 = EDGE_CURVE ( 'NONE', #2375, #3355, #2792, .T. ) ;
#3132 = ORIENTED_EDGE ( 'NONE', *, *, #1857, .T. ) ;
#3133 = CARTESIAN_POINT ( 'NONE',  ( 19.14206404499947567, -6.683415940004637855E-14, -333.6278838779329590 ) ) ;
#3134 = CARTESIAN_POINT ( 'NONE',  ( -29.99999999999999289, -0.3271344438929733589, -258.3350428043144120 ) ) ;
#3135 = FACE_OUTER_BOUND ( 'NONE', #3576, .T. ) ;
#3136 = CARTESIAN_POINT ( 'NONE',  ( 7.418547905847500346, -1.112820522980088489, -338.2446465368083182 ) ) ;
#3137 = CARTESIAN_POINT ( 'NONE',  ( 7.395299877323558313, 1.256402643499303862, -338.1674985964925213 ) ) ;
#3138 = CARTESIAN_POINT ( 'NONE',  ( 3.061616997868386592E-16, 19.70304487559264572, -338.7229328805124737 ) ) ;
#3139 = CARTESIAN_POINT ( 'NONE',  ( 0.000000000000000000, -15.72797534188301682, -333.4918484924627364 ) ) ;
#3140 = CARTESIAN_POINT ( 'NONE',  ( -20.53366848166273684, 2.153849226648939984E-13, -338.9121152687107497 ) ) ;
#3141 = CARTESIAN_POINT ( 'NONE',  ( -21.54248251245779500, 5.000000000000230926, -339.7937097858272182 ) ) ;
#3142 = CARTESIAN_POINT ( 'NONE',  ( 28.35094872480814487, -9.898680841137003206E-14, -344.3384610673687689 ) ) ;
#3143 = AXIS2_PLACEMENT_3D ( 'NONE', #3297, #2191, #1583 ) ;
#3144 = ORIENTED_EDGE ( 'NONE', *, *, #599, .T. ) ;
#3145 = AXIS2_PLACEMENT_3D ( 'NONE', #845, #1728, #904 ) ;
#3147 = VECTOR ( 'NONE', #1441, 1000.000000000000000 ) ;
#3146 = CARTESIAN_POINT ( 'NONE',  ( 5.000000000000005329, -27.12167573721353619, -339.6567022317279907 ) ) ;
#3148 = CARTESIAN_POINT ( 'NONE',  ( 1.380526491630118851E-16, 15.91591124164889948, -381.3771927453105945 ) ) ;
#3149 = CARTESIAN_POINT ( 'NONE',  ( 5.000000000000005329, 22.27970408794294954, -334.2073279480806605 ) ) ;
#3150 = CARTESIAN_POINT ( 'NONE',  ( 20.82815769973551667, -7.302728563088887924E-14, -339.0188788894475920 ) ) ;
#3151 = EDGE_CURVE ( 'NONE', #2110, #494, #1225, .T. ) ;
#3152 = VERTEX_POINT ( 'NONE', #2332 ) ;
#3153 = CARTESIAN_POINT ( 'NONE',  ( -30.00000000000001421, -0.3271344438929733589, -309.1064706347661968 ) ) ;
#3154 = CARTESIAN_POINT ( 'NONE',  ( -40.00000000000000000, -41.25000000000000000, -108.2566363886432868 ) ) ;
#3155 = CARTESIAN_POINT ( 'NONE',  ( 5.000000000000005329, -28.49011611213813921, -349.5327445574391731 ) ) ;
#3156 = CARTESIAN_POINT ( 'NONE',  ( 27.64246599057346288, -9.651315416569369240E-14, -352.9922958199715026 ) ) ;
#3157 = CARTESIAN_POINT ( 'NONE',  ( -7.071067811865464847, 2.500000000000026645, -336.0000000000000000 ) ) ;
#3158 = ADVANCED_FACE ( 'NONE', ( #631 ), #1788, .T. ) ;
#3159 = CARTESIAN_POINT ( 'NONE',  ( 0.000000000000000000, -25.77854879289000678, -337.1129459021298089 ) ) ;
#3160 = CARTESIAN_POINT ( 'NONE',  ( -19.70304487559587514, -4.999999999999800160, -338.7229328805124737 ) ) ;
#3161 = CARTESIAN_POINT ( 'NONE',  ( -14.99999999999994849, 5.000000000000162537, -338.5000000000000568 ) ) ;
#3162 = CARTESIAN_POINT ( 'NONE',  ( -40.00000000000000000, 0.000000000000000000, 0.000000000000000000 ) ) ;
#3163 = EDGE_LOOP ( 'NONE', ( #3468, #2684, #809, #3388, #3123, #242 ) ) ;
#3164 = CARTESIAN_POINT ( 'NONE',  ( 5.000000000000005329, -20.82815769973551667, -339.0188788894475920 ) ) ;
#3165 = CARTESIAN_POINT ( 'NONE',  ( -2.483523967424036805, -7.076953499790405999, -336.3301765472186275 ) ) ;
#3166 = CARTESIAN_POINT ( 'NONE',  ( -22.50000000000000355, 2.755455298081545172E-15, -325.0000000000000000 ) ) ;
#3167 = CARTESIAN_POINT ( 'NONE',  ( 0.000000000000000000, 28.35094872480814487, -344.3384610673687689 ) ) ;
#3168 = ORIENTED_EDGE ( 'NONE', *, *, #410, .F. ) ;
#3169 = B_SPLINE_CURVE_WITH_KNOTS ( 'NONE', 3,
 ( #1428, #2, #2250, #3592, #34, #603, #1134, #551, #3127, #1958, #2266, #3353, #2810, #3372, #3054, #53 ),
 .UNSPECIFIED., .F., .F.,
 ( 4, 2, 2, 2, 2, 2, 2, 4 ),
 ( 0.000000000000000000, 0.0004921858394424133854, 0.0009843716788848267708, 0.001476557518327239939, 0.001968743357769653542, 0.002953115036654479879, 0.003445300876096861822, 0.003937486715539243766 ),
 .UNSPECIFIED. ) ;
#3170 = DIRECTION ( 'NONE',  ( 0.000000000000000000, 0.000000000000000000, 1.000000000000000000 ) ) ;
#3171 = CARTESIAN_POINT ( 'NONE',  ( 40.00000000000000000, -41.25000000000000000, -108.2566363886432868 ) ) ;
#3172 = CARTESIAN_POINT ( 'NONE',  ( 2.181927954859213870, -7.176825662856392007, -337.2638977253884605 ) ) ;
#3173 = CARTESIAN_POINT ( 'NONE',  ( 15.00000000000000000, -5.237222008264700033E-14, -336.0000000000000000 ) ) ;
#3174 = CARTESIAN_POINT ( 'NONE',  ( 26.14080198593469362, -5.000000000000096811, -337.7142433841773936 ) ) ;
#3175 = CARTESIAN_POINT ( 'NONE',  ( 7.395101666910332661, -1.257511041591346634, -333.8331890242030795 ) ) ;
#3176 = CARTESIAN_POINT ( 'NONE',  ( -17.50000000000001066, 1.164435773800141183, -305.8258965897822463 ) ) ;
#3177 = CARTESIAN_POINT ( 'NONE',  ( -20.96851650090808050, -4.999999999999785949, -339.1156999729153654 ) ) ;
#3178 = CARTESIAN_POINT ( 'NONE',  ( -15.00000000000000000, 1.574228219477278389E-13, -338.5000000000000000 ) ) ;
#3179 = FACE_OUTER_BOUND ( 'NONE', #717, .T. ) ;
#3180 = ORIENTED_EDGE ( 'NONE', *, *, #1383, .T. ) ;
#3181 = CARTESIAN_POINT ( 'NONE',  ( 5.000000000000005329, -21.88892678961155980, -334.0963682416404481 ) ) ;
#3182 = DIRECTION ( 'NONE',  ( -1.000000000000000000, 1.047444401652940007E-14, 0.000000000000000000 ) ) ;
#3183 = DIRECTION ( 'NONE',  ( -0.9403769895200101425, 3.283308710386597788E-15, 0.3401339700489838247 ) ) ;
#3184 = CARTESIAN_POINT ( 'NONE',  ( 0.000000000000000000, -27.64246599057346288, -352.9922958199715026 ) ) ;
#3185 = VERTEX_POINT ( 'NONE', #910 ) ;
#3186 = ORIENTED_EDGE ( 'NONE', *, *, #186, .T. ) ;
#3187 = CARTESIAN_POINT ( 'NONE',  ( 2.181927954859213870, 7.176825662856392007, -334.7361022746118238 ) ) ;
#3188 = DIRECTION ( 'NONE',  ( 1.000000000000000000, 0.000000000000000000, 0.000000000000000000 ) ) ;
#3189 = CARTESIAN_POINT ( 'NONE',  ( 0.000000000000000000, 14.44486462097342994, -382.1299930732095049 ) ) ;
#3190 = CARTESIAN_POINT ( 'NONE',  ( -40.00000000000000000, -0.3271344438929733589, -258.3350428043144120 ) ) ;
#3191 = CARTESIAN_POINT ( 'NONE',  ( 1.445298579499025626, 17.44263311901240243, -302.3859942507246501 ) ) ;
#3192 = EDGE_CURVE ( 'NONE', #3254, #1336, #2351, .T. ) ;
#3193 = CARTESIAN_POINT ( 'NONE',  ( 27.12167573721353619, -9.469482471462222858E-14, -339.6567022317279907 ) ) ;
#3194 = CARTESIAN_POINT ( 'NONE',  ( -15.72797534188296531, 5.000000000000170530, -333.4918484924627364 ) ) ;
#3195 = CARTESIAN_POINT ( 'NONE',  ( 15.00000000000000000, -5.237222008264700033E-14, -333.5000000000000000 ) ) ;
#3196 = EDGE_LOOP ( 'NONE', ( #161, #439, #1335, #2363, #483, #2166, #2551, #2853, #3590, #3000 ) ) ;
#3197 = CARTESIAN_POINT ( 'NONE',  ( 5.000000000000005329, -23.53851726284230850, -346.3552519128185168 ) ) ;
#3198 = CARTESIAN_POINT ( 'NONE',  ( 22.49762171998673566, -0.3271344438929733589, -305.8350428043144120 ) ) ;
#3199 = VECTOR ( 'NONE', #996, 1000.000000000000000 ) ;
#3200 = DATE_TIME_ROLE ( 'classification_date' ) ;
#3201 = ORIENTED_EDGE ( 'NONE', *, *, #2072, .F. ) ;
#3202 = ORIENTED_EDGE ( 'NONE', *, *, #3281, .T. ) ;
#3203 = CIRCLE ( 'NONE', #2093, 1.168479031451785666 ) ;
#3204 = CYLINDRICAL_SURFACE ( 'NONE', #1521, 395.0841691450910389 ) ;
#3205 = CARTESIAN_POINT ( 'NONE',  ( 5.000000000000005329, 20.65287768296374438, -338.9495670264251430 ) ) ;
#3206 = AXIS2_PLACEMENT_3D ( 'NONE', #505, #2935, #1625 ) ;
#3207 = DIRECTION ( 'NONE',  ( 0.000000000000000000, -0.3401339700489858231, -0.9403769895200092543 ) ) ;
#3208 = AXIS2_PLACEMENT_3D ( 'NONE', #3078, #2801, #1964 ) ;
#3209 = CARTESIAN_POINT ( 'NONE',  ( 17.50000000000000355, 0.000000000000000000, -325.0000000000000000 ) ) ;
#3210 = CARTESIAN_POINT ( 'NONE',  ( -5.000000000000005329, -28.54861166975242881, -346.0525470957490484 ) ) ;
#3211 = AXIS2_PLACEMENT_3D ( 'NONE', #2347, #3207, #1511 ) ;
#3212 = CARTESIAN_POINT ( 'NONE',  ( 17.50000000000000355, 2.227506032191849735E-16, -305.8339162968049436 ) ) ;
#3213 = CARTESIAN_POINT ( 'NONE',  ( 19.70304487559263507, -5.000000000000073719, -338.7229328805124737 ) ) ;
#3214 = CARTESIAN_POINT ( 'NONE',  ( -22.82280726805838000, -4.999999999999766409, -342.5446931419174916 ) ) ;
#3215 = DIRECTION ( 'NONE',  ( 0.9403769895200053686, -9.849926131159757471E-15, 0.3401339700489969253 ) ) ;
#3216 = ORIENTED_EDGE ( 'NONE', *, *, #379, .T. ) ;
#3217 = DIRECTION ( 'NONE',  ( 0.3401339700489968698, -1.187571409132701896E-15, 0.9403769895200053686 ) ) ;
#3218 = CARTESIAN_POINT ( 'NONE',  ( -2.500081236329201317, -7.071039090489828816, -336.1631650727533724 ) ) ;
#3219 = CARTESIAN_POINT ( 'NONE',  ( 0.000000000000000000, 27.63585913147470308, -341.1395218688211344 ) ) ;
#3220 = CALENDAR_DATE ( 2026, 8, 5 ) ;
#3221 = ORIENTED_EDGE ( 'NONE', *, *, #2932, .T. ) ;
#3222 = EDGE_CURVE ( 'NONE', #3540, #2284, #232, .T. ) ;
#3223 = CARTESIAN_POINT ( 'NONE',  ( 30.00000000000000355, -59.99999999999999289, -194.1064706347662252 ) ) ;
#3224 = CARTESIAN_POINT ( 'NONE',  ( 5.000000000000005329, 14.99999999999999822, -338.5000000000000568 ) ) ;
#3225 = LINE ( 'NONE', #2948, #3061 ) ;
#3226 = CARTESIAN_POINT ( 'NONE',  ( 0.000000000000000000, 25.29152351677342025, -352.1419608948490918 ) ) ;
#3227 = CARTESIAN_POINT ( 'NONE',  ( 0.000000000000000000, -23.52621183349084433, -334.7882220044681389 ) ) ;
#3228 = CARTESIAN_POINT ( 'NONE',  ( 15.64014409436184039, -5.000000000000061284, -338.4918484924057793 ) ) ;
#3229 = CARTESIAN_POINT ( 'NONE',  ( -16.80894403190134057, -4.999999999999829470, -333.4978844596955128 ) ) ;
#3230 = CARTESIAN_POINT ( 'NONE',  ( -21.76568028555520939, 2.282895613323720417E-13, -340.1474355323161376 ) ) ;
#3231 = CARTESIAN_POINT ( 'NONE',  ( 22.94058104297341671, -8.040277231354678600E-14, -351.2916259697266241 ) ) ;
#3232 = CARTESIAN_POINT ( 'NONE',  ( 22.12732711187356216, 4.095124674952407062, -305.6301608849369131 ) ) ;
#3233 = ORIENTED_EDGE ( 'NONE', *, *, #510, .F. ) ;
#3234 = CARTESIAN_POINT ( 'NONE',  ( 27.63585913145455564, 4.999999999999909406, -341.1395218688211344 ) ) ;
#3235 = DIRECTION ( 'NONE',  ( 1.000000000000000000, 0.000000000000000000, 0.000000000000000000 ) ) ;
#3236 = CARTESIAN_POINT ( 'NONE',  ( -5.000000000000005329, 22.82280726805832316, -342.5446931419174916 ) ) ;
#3237 = ORIENTED_EDGE ( 'NONE', *, *, #3434, .T. ) ;
#3238 = EDGE_LOOP ( 'NONE', ( #971, #1971, #1149, #1945, #3376, #326 ) ) ;
#3239 = EDGE_CURVE ( 'NONE', #108, #1653, #666, .T. ) ;
#3240 = CARTESIAN_POINT ( 'NONE',  ( 0.1664231518548633937, 7.500000000000001776, -338.5000000000000000 ) ) ;
#3241 = CARTESIAN_POINT ( 'NONE',  ( 5.000000000000005329, 28.23531764672898348, -351.3018813774303908 ) ) ;
#3242 = FACE_OUTER_BOUND ( 'NONE', #549, .T. ) ;
#3243 = CARTESIAN_POINT ( 'NONE',  ( -29.99999999999999645, 49.39730102783496335, -248.0774406985227358 ) ) ;
#3244 = CARTESIAN_POINT ( 'NONE',  ( -5.000000000000005329, -28.23531764672898348, -351.3018813774303908 ) ) ;
#3245 = CARTESIAN_POINT ( 'NONE',  ( 16.80894403189938302, -5.000000000000063949, -333.4978844596955128 ) ) ;
#3246 = AXIS2_PLACEMENT_3D ( 'NONE', #2311, #648, #611 ) ;
#3247 = CARTESIAN_POINT ( 'NONE',  ( -21.76568028555526624, -4.999999999999777955, -340.1474355323161376 ) ) ;
#3248 = CARTESIAN_POINT ( 'NONE',  ( 3.741717672142566453, 22.18988410118657129, -300.1589351783687221 ) ) ;
#3249 = VERTEX_POINT ( 'NONE', #1240 ) ;
#3250 = CARTESIAN_POINT ( 'NONE',  ( 15.00000000000001776, 4.999999999999953815, -333.5000000000000000 ) ) ;
#3251 = CARTESIAN_POINT ( 'NONE',  ( -7.232537154625565456, -1.987273357476311952, -337.5255020129421268 ) ) ;
#3252 = CARTESIAN_POINT ( 'NONE',  ( -5.000000000000005329, 18.65238951158535841, -338.6063043901583001 ) ) ;
#3253 = DIRECTION ( 'NONE',  ( 0.000000000000000000, 0.000000000000000000, 1.000000000000000000 ) ) ;
#3254 = VERTEX_POINT ( 'NONE', #2585 ) ;
#3255 = DIRECTION ( 'NONE',  ( 0.2977623364123745953, -1.039631640994137298E-15, 0.9546400321661792088 ) ) ;
#3256 = CARTESIAN_POINT ( 'NONE',  ( 0.000000000000000000, 21.88892678961155980, -334.0963682416403913 ) ) ;
#3257 = CARTESIAN_POINT ( 'NONE',  ( 3.062697906143066780E-16, 7.500000000000000000, -333.5000000000000000 ) ) ;
#3258 = CARTESIAN_POINT ( 'NONE',  ( -7.344140226754140244, 1.527221928052022504, -334.0140712384081780 ) ) ;
#3259 = CARTESIAN_POINT ( 'NONE',  ( 0.000000000000000000, -28.54861166975242881, -346.0525470957490484 ) ) ;
#3260 = AXIS2_PLACEMENT_3D ( 'NONE', #309, #3085, #2210 ) ;
#3261 = CARTESIAN_POINT ( 'NONE',  ( 25.77854879289000323, -5.000000000000095923, -337.1129459021298089 ) ) ;
#3262 = CONICAL_SURFACE ( 'NONE', #2736, 2.499999999999986677, 0.04471155042434143273 ) ;
#3263 = EDGE_CURVE ( 'NONE', #1817, #2776, #370, .T. ) ;
#3264 = CARTESIAN_POINT ( 'NONE',  ( -22.27970408794300283, -4.999999999999772626, -334.2073279480806605 ) ) ;
#3265 = AXIS2_PLACEMENT_3D ( 'NONE', #2162, #3253, #1585 ) ;
#3266 = CARTESIAN_POINT ( 'NONE',  ( -24.95112436346223461, 2.613491552945799471E-13, -336.0136030578399868 ) ) ;
#3267 = EDGE_LOOP ( 'NONE', ( #2300, #1235 ) ) ;
#3268 = CARTESIAN_POINT ( 'NONE',  ( -7.156482765681332125, -2.244800339858112892, -337.1124953869532987 ) ) ;
#3269 = CARTESIAN_POINT ( 'NONE',  ( 3.061616997868386592E-16, 22.82280726805832316, -342.5446931419174916 ) ) ;
#3270 = APPROVAL_STATUS ( 'not_yet_approved' ) ;
#3271 = ORIENTED_EDGE ( 'NONE', *, *, #266, .T. ) ;
#3272 = ORIENTED_EDGE ( 'NONE', *, *, #1323, .F. ) ;
#3273 = CARTESIAN_POINT ( 'NONE',  ( 2.370652373845708372, 7.115781230624518727, -336.8102959418606019 ) ) ;
#3274 = CARTESIAN_POINT ( 'NONE',  ( 3.061616997868386592E-16, 22.82280726805832316, -342.5446931419174916 ) ) ;
#3275 = CARTESIAN_POINT ( 'NONE',  ( 7.500000000000000000, -1.080908319495375888E-19, -333.5000000000000000 ) ) ;
#3276 = CARTESIAN_POINT ( 'NONE',  ( -9.946627255052687744, -20.23389120928874974, -301.4667916764012716 ) ) ;
#3277 = CARTESIAN_POINT ( 'NONE',  ( -5.000000000000005329, -19.70304487559264928, -338.7229328805124737 ) ) ;
#3278 = CARTESIAN_POINT ( 'NONE',  ( 23.38237633776832425, 4.999999999999923617, -345.0117091510177261 ) ) ;
#3279 = CARTESIAN_POINT ( 'NONE',  ( -23.52621183349084433, 2.464239887709248972E-13, -334.7882220044681389 ) ) ;
#3280 = CARTESIAN_POINT ( 'NONE',  ( 14.86430242000554536, 16.95326870092099014, -302.5937195409173910 ) ) ;
#3281 = EDGE_CURVE ( 'NONE', #220, #3029, #1480, .T. ) ;
#3282 = CARTESIAN_POINT ( 'NONE',  ( -7.260888121906543979, -1.882392654366592311, -337.6531340043035812 ) ) ;
#3283 = CARTESIAN_POINT ( 'NONE',  ( 5.000000000000005329, 20.65287768296374438, -338.9495670264251430 ) ) ;
#3284 = ORIENTED_EDGE ( 'NONE', *, *, #2473, .T. ) ;
#3285 = ORIENTED_EDGE ( 'NONE', *, *, #2997, .F. ) ;
#3286 = CARTESIAN_POINT ( 'NONE',  ( -26.14080198592635185, 2.738103669485490906E-13, -337.7142433841773936 ) ) ;
#3287 = CARTESIAN_POINT ( 'NONE',  ( -15.60479829693988485, -8.001478078457379794, -305.2227405853283244 ) ) ;
#3288 = CARTESIAN_POINT ( 'NONE',  ( -5.000000000000005329, 20.96851650090802721, -339.1156999729153654 ) ) ;
#3289 = DIRECTION ( 'NONE',  ( 0.000000000000000000, 0.000000000000000000, -1.000000000000000000 ) ) ;
#3290 = CARTESIAN_POINT ( 'NONE',  ( -5.126473013173209026, -21.92060761050921869, -300.6434138410345440 ) ) ;
#3291 = CARTESIAN_POINT ( 'NONE',  ( -5.000000000000005329, -21.76568028555520939, -340.1474355323161376 ) ) ;
#3292 = CARTESIAN_POINT ( 'NONE',  ( 19.14206404499947567, -6.683415940004637855E-14, -333.6278838779329590 ) ) ;
#3293 = CARTESIAN_POINT ( 'NONE',  ( -27.64246599057346288, 2.895394624970797141E-13, -352.9922958199715026 ) ) ;
#3294 = CARTESIAN_POINT ( 'NONE',  ( 17.82593076307834323, 13.74828462853281152, -303.7055260760144506 ) ) ;
#3295 = EDGE_CURVE ( 'NONE', #1079, #3540, #1497, .T. ) ;
#3296 = CARTESIAN_POINT ( 'NONE',  ( -15.72797534188301682, 1.647417972118866115E-13, -333.4918484924627364 ) ) ;
#3297 = CARTESIAN_POINT ( 'NONE',  ( 0.000000000000000000, 15.00000000000000000, -336.0000000000000000 ) ) ;
#3298 = CARTESIAN_POINT ( 'NONE',  ( -5.000000000000005329, 21.76568028555520939, -340.1474355323161376 ) ) ;
#3299 = ORIENTED_EDGE ( 'NONE', *, *, #410, .T. ) ;
#3300 = ORIENTED_EDGE ( 'NONE', *, *, #712, .T. ) ;
#3301 = CARTESIAN_POINT ( 'NONE',  ( -5.000000000000005329, -25.77854879289000323, -337.1129459021298089 ) ) ;
#3302 = EDGE_CURVE ( 'NONE', #1801, #2846, #1681, .T. ) ;
#3303 = CARTESIAN_POINT ( 'NONE',  ( 0.000000000000000000, 13.79576468664931177, -380.6103366090223403 ) ) ;
#3304 = CARTESIAN_POINT ( 'NONE',  ( -5.000000000000005329, 22.41613585559580457, -341.4191863349708456 ) ) ;
#3305 = CARTESIAN_POINT ( 'NONE',  ( -27.12167573721353619, 2.840844741443399644E-13, -339.6567022317279907 ) ) ;
#3306 = ORIENTED_EDGE ( 'NONE', *, *, #2131, .F. ) ;
#3307 = CARTESIAN_POINT ( 'NONE',  ( -1.256884741193747157, 7.395210114762850395, -333.8328181234945191 ) ) ;
#3308 = CARTESIAN_POINT ( 'NONE',  ( -7.499999999999984013, 0.1643996105185218382, -333.5000000000000568 ) ) ;
#3309 = CIRCLE ( 'NONE', #2440, 1.168479031451809869 ) ;
#3310 = CARTESIAN_POINT ( 'NONE',  ( 5.000000000000005329, -16.80894403190034936, -333.4978844596955128 ) ) ;
#3311 = CARTESIAN_POINT ( 'NONE',  ( 22.41613585559580102, -7.857168172882340931E-14, -341.4191863349707887 ) ) ;
#3312 = AXIS2_PLACEMENT_3D ( 'NONE', #2944, #113, #1248 ) ;
#3313 = CARTESIAN_POINT ( 'NONE',  ( 28.23531764672898348, -9.858308465934990729E-14, -351.3018813774303908 ) ) ;
#3314 = DIRECTION ( 'NONE',  ( 1.000000000000000000, 0.000000000000000000, 0.000000000000000000 ) ) ;
#3315 = CARTESIAN_POINT ( 'NONE',  ( -40.00000000000000000, -50.05156991562089530, -248.0774406985227358 ) ) ;
#3316 = CIRCLE ( 'NONE', #1751, 17.50000000000000355 ) ;
#3317 = EDGE_LOOP ( 'NONE', ( #2982, #862, #276, #384, #2735, #1250, #3106, #2465, #3299 ) ) ;
#3318 = CIRCLE ( 'NONE', #2857, 395.0841691450910389 ) ;
#3319 = CARTESIAN_POINT ( 'NONE',  ( -22.49841348975342115, -0.2726830186986508586, -305.8350428043143552 ) ) ;
#3320 = DIRECTION ( 'NONE',  ( 0.000000000000000000, 0.000000000000000000, -1.000000000000000000 ) ) ;
#3321 = VERTEX_POINT ( 'NONE', #3532 ) ;
#3322 = ORIENTED_EDGE ( 'NONE', *, *, #1903, .F. ) ;
#3323 = CARTESIAN_POINT ( 'NONE',  ( -5.000000000000005329, -26.14080198592635185, -337.7142433841773936 ) ) ;
#3324 = CARTESIAN_POINT ( 'NONE',  ( 0.000000000000000000, -14.85583796414910829, -380.9937646771664390 ) ) ;
#3325 = CARTESIAN_POINT ( 'NONE',  ( 3.061616997868386592E-16, 20.96851650090802721, -339.1156999729153654 ) ) ;
#3326 = EDGE_CURVE ( 'NONE', #787, #1587, #1458, .T. ) ;
#3327 = CARTESIAN_POINT ( 'NONE',  ( -2.182932671744306941, 7.176494429067424186, -337.2611980970253853 ) ) ;
#3328 = CARTESIAN_POINT ( 'NONE',  ( 11.23731567082452010, -19.54610043807383235, -301.7818905219479007 ) ) ;
#3329 = CARTESIAN_POINT ( 'NONE',  ( -3.061616997868386592E-16, -23.31181146317005926, -350.2139333800129180 ) ) ;
#3330 = CARTESIAN_POINT ( 'NONE',  ( 23.52621183349084788, 4.999999999999922728, -334.7882220044681389 ) ) ;
#3331 = CARTESIAN_POINT ( 'NONE',  ( 25.29152351677342025, -8.830488238972664987E-14, -352.1419608948490918 ) ) ;
#3332 = FACE_OUTER_BOUND ( 'NONE', #2869, .T. ) ;
#3333 = CARTESIAN_POINT ( 'NONE',  ( 3.061616997868386592E-16, 21.14486282628767100, -339.2759833987219054 ) ) ;
#3334 = ORIENTED_EDGE ( 'NONE', *, *, #1089, .F. ) ;
#3335 = CARTESIAN_POINT ( 'NONE',  ( 14.84206532663331579, -5.182079411783093163E-14, -381.0318422364381377 ) ) ;
#3336 = CARTESIAN_POINT ( 'NONE',  ( 40.00000000000000000, -436.9884380328770703, -168.2566363886434146 ) ) ;
#3337 = ORIENTED_EDGE ( 'NONE', *, *, #2233, .T. ) ;
#3338 = CARTESIAN_POINT ( 'NONE',  ( -5.000000000000005329, -15.64014409436185638, -338.4918484924057793 ) ) ;
#3339 = CARTESIAN_POINT ( 'NONE',  ( 17.49694210585435528, -0.3271344438929733589, -305.8350428043144120 ) ) ;
#3340 = CARTESIAN_POINT ( 'NONE',  ( 0.000000000000000000, 28.35094872480814487, -344.3384610673687689 ) ) ;
#3341 = EDGE_CURVE ( 'NONE', #2776, #3086, #1282, .T. ) ;
#3342 = CARTESIAN_POINT ( 'NONE',  ( 15.00000000000000000, -5.237222008264700033E-14, -333.5000000000000000 ) ) ;
#3343 = CARTESIAN_POINT ( 'NONE',  ( -40.00000000000000000, -50.05156991562089530, -248.0774406985227358 ) ) ;
#3344 = CARTESIAN_POINT ( 'NONE',  ( 5.000000000000005329, -26.14080198592635185, -337.7142433841773936 ) ) ;
#3345 = CARTESIAN_POINT ( 'NONE',  ( 22.41613585561253075, 4.999999999999926281, -341.4191863349708456 ) ) ;
#3346 = CARTESIAN_POINT ( 'NONE',  ( -29.99999999999998934, -59.99999999999999289, -217.1790671807750073 ) ) ;
#3347 = CARTESIAN_POINT ( 'NONE',  ( -20.96851650090802721, 2.199397138982489171E-13, -339.1156999729153654 ) ) ;
#3348 = CARTESIAN_POINT ( 'NONE',  ( -11.31376396861645262, 19.46251712520607313, -301.5180008247855881 ) ) ;
#3349 = CARTESIAN_POINT ( 'NONE',  ( -22.82280726805832316, 2.393623787290550153E-13, -342.5446931419174916 ) ) ;
#3350 = CARTESIAN_POINT ( 'NONE',  ( 40.00000000000000000, 0.000000000000000000, 0.000000000000000000 ) ) ;
#3351 = ORIENTED_EDGE ( 'NONE', *, *, #1706, .F. ) ;
#3352 = CARTESIAN_POINT ( 'NONE',  ( 0.000000000000000000, -28.49011611213813566, -349.5327445574392300 ) ) ;
#3353 = CARTESIAN_POINT ( 'NONE',  ( -7.457669515319181208, -0.8100207528668060819, -333.6292683411891176 ) ) ;
#3354 = CARTESIAN_POINT ( 'NONE',  ( 14.84206532663331579, -5.182079411783093163E-14, -381.0318422364381377 ) ) ;
#3355 = VERTEX_POINT ( 'NONE', #451 ) ;
#3356 = CARTESIAN_POINT ( 'NONE',  ( -3.061616997868386592E-16, -20.82815769973551667, -339.0188788894475920 ) ) ;
#3357 = LINE ( 'NONE', #2856, #874 ) ;
#3358 = APPROVAL ( #1026, 'UNSPECIFIED' ) ;
#3359 = CARTESIAN_POINT ( 'NONE',  ( 5.000000000000005329, -20.82815769973551667, -339.0188788894475920 ) ) ;
#3360 = DIRECTION ( 'NONE',  ( 0.000000000000000000, 0.000000000000000000, 1.000000000000000000 ) ) ;
#3361 = CARTESIAN_POINT ( 'NONE',  ( 7.071067811865486163, 2.499999999999976907, -336.1644637277136098 ) ) ;
#3362 = AXIS2_PLACEMENT_3D ( 'NONE', #2723, #753, #1638 ) ;
#3363 = CARTESIAN_POINT ( 'NONE',  ( -22.82280726805832316, 2.393623787290550153E-13, -342.5446931419174916 ) ) ;
#3364 = DIRECTION ( 'NONE',  ( -0.000000000000000000, 0.3401339700489968698, 0.9403769895200053686 ) ) ;
#3365 = EDGE_CURVE ( 'NONE', #3489, #1228, #2734, .T. ) ;
#3366 = CARTESIAN_POINT ( 'NONE',  ( -28.49011611215918904, 5.000000000000303757, -349.5327445574391731 ) ) ;
#3367 = DIRECTION ( 'NONE',  ( 0.000000000000000000, 0.000000000000000000, -1.000000000000000000 ) ) ;
#3368 = AXIS2_PLACEMENT_3D ( 'NONE', #3079, #1087, #871 ) ;
#3369 = CARTESIAN_POINT ( 'NONE',  ( -5.000000000000005329, 28.54861166975242881, -346.0525470957490484 ) ) ;
#3370 = ORIENTED_EDGE ( 'NONE', *, *, #1813, .F. ) ;
#3371 = CARTESIAN_POINT ( 'NONE',  ( -5.000000000000005329, -24.95112436346223461, -336.0136030578399868 ) ) ;
#3372 = CARTESIAN_POINT ( 'NONE',  ( -7.494594090175818124, -0.3276081048423661324, -333.5160775456496367 ) ) ;
#3373 = CARTESIAN_POINT ( 'NONE',  ( 0.000000000000000000, 28.23531764672898348, -351.3018813774303908 ) ) ;
#3374 = CARTESIAN_POINT ( 'NONE',  ( 0.000000000000000000, -25.77854879289000678, -337.1129459021298089 ) ) ;
#3375 = PRODUCT_DEFINITION_FORMATION_WITH_SPECIFIED_SOURCE ( 'ANY', '', #423, .NOT_KNOWN. ) ;
#3376 = ORIENTED_EDGE ( 'NONE', *, *, #2879, .T. ) ;
#3377 = CARTESIAN_POINT ( 'NONE',  ( 16.80894403190034936, -5.868811441304814968E-14, -333.4978844596955128 ) ) ;
#3378 = FACE_OUTER_BOUND ( 'NONE', #1738, .T. ) ;
#3379 = LINE ( 'NONE', #1217, #1103 ) ;
#3380 = CARTESIAN_POINT ( 'NONE',  ( 22.94058104297341316, -8.040277228072378572E-14, -351.2916259697265673 ) ) ;
#3381 = CARTESIAN_POINT ( 'NONE',  ( 7.494464903932169797, 0.3300235594413346019, -338.4835312139910002 ) ) ;
#3382 = CARTESIAN_POINT ( 'NONE',  ( 0.000000000000000000, 16.80894403190034936, -333.4978844596955128 ) ) ;
#3383 = CARTESIAN_POINT ( 'NONE',  ( 3.061616997868386592E-16, 20.96851650090802721, -339.1156999729153654 ) ) ;
#3384 = ADVANCED_FACE ( 'NONE', ( #1861 ), #3531, .T. ) ;
#3385 = CARTESIAN_POINT ( 'NONE',  ( -19.14206404500036740, 5.000000000000206057, -333.6278838779330158 ) ) ;
#3386 = DIRECTION ( 'NONE',  ( -1.366692685318848345E-16, -8.883502454572514738E-16, -1.000000000000000000 ) ) ;
#3387 = CARTESIAN_POINT ( 'NONE',  ( 0.000000000000000000, 21.88892678961155980, -334.0963682416403913 ) ) ;
#3388 = ORIENTED_EDGE ( 'NONE', *, *, #759, .F. ) ;
#3389 = CARTESIAN_POINT ( 'NONE',  ( 0.000000000000000000, -15.72797534188301682, -333.4918484924627364 ) ) ;
#3390 = CARTESIAN_POINT ( 'NONE',  ( 17.31498137700252826, -2.601860169350702634, -305.7839613186024508 ) ) ;
#3391 = DIRECTION ( 'NONE',  ( 0.3401339700489968698, -1.187571409132701896E-15, 0.9403769895200053686 ) ) ;
#3392 = CARTESIAN_POINT ( 'NONE',  ( 23.50391484076517301, -5.000000000000087930, -348.9578767150717340 ) ) ;
#3393 = CARTESIAN_POINT ( 'NONE',  ( 0.000000000000000000, 21.88892678961155980, -334.0963682416403913 ) ) ;
#3394 = EDGE_LOOP ( 'NONE', ( #1170, #2426, #3069, #921 ) ) ;
#3395 = DIRECTION ( 'NONE',  ( 1.000000000000000000, 0.000000000000000000, 0.000000000000000000 ) ) ;
#3396 = CARTESIAN_POINT ( 'NONE',  ( 14.88014288590487588, -5.195374120545628325E-14, -381.0456148739538662 ) ) ;
#3397 = DIRECTION ( 'NONE',  ( 1.000000000000000000, 0.000000000000000000, 0.000000000000000000 ) ) ;
#3398 = CARTESIAN_POINT ( 'NONE',  ( 7.233010142707459345, -1.997283162804973866, -337.5381426985745748 ) ) ;
#3399 = FACE_OUTER_BOUND ( 'NONE', #1618, .T. ) ;
#3400 = CARTESIAN_POINT ( 'NONE',  ( 5.000000000000005329, 14.99999999999999822, -333.5000000000000000 ) ) ;
#3401 = CARTESIAN_POINT ( 'NONE',  ( 0.000000000000000000, -23.10099649808227440, -334.5516039357306681 ) ) ;
#3402 = CARTESIAN_POINT ( 'NONE',  ( -15.00000000000000000, 1.574228219477278389E-13, -338.5000000000000000 ) ) ;
#3403 = CARTESIAN_POINT ( 'NONE',  ( -23.10099649808223177, 5.000000000000246025, -334.5516039357306681 ) ) ;
#3404 = ADVANCED_FACE ( 'NONE', ( #39 ), #521, .T. ) ;
#3405 = CARTESIAN_POINT ( 'NONE',  ( 25.77854879289000678, -9.000532205287182700E-14, -337.1129459021298089 ) ) ;
#3406 = ORIENTED_EDGE ( 'NONE', *, *, #63, .F. ) ;
#3407 = CARTESIAN_POINT ( 'NONE',  ( -3.061616997868386592E-16, -22.94058104297341671, -351.2916259697266241 ) ) ;
#3408 = CARTESIAN_POINT ( 'NONE',  ( -7.071067811865483499, -2.499999999999976907, -336.0000000000000000 ) ) ;
#3409 = FACE_OUTER_BOUND ( 'NONE', #3005, .T. ) ;
#3410 = ORIENTED_EDGE ( 'NONE', *, *, #1057, .T. ) ;
#3411 = CARTESIAN_POINT ( 'NONE',  ( 14.99999999999998224, -5.000000000000057732, -333.5000000000000000 ) ) ;
#3412 = EDGE_CURVE ( 'NONE', #2754, #72, #3316, .T. ) ;
#3413 = CARTESIAN_POINT ( 'NONE',  ( 1.527515467502570612, 7.344083391398342542, -334.0142749160272047 ) ) ;
#3414 = CARTESIAN_POINT ( 'NONE',  ( 5.000000000000005329, -27.64246599057346643, -352.9922958199715026 ) ) ;
#3415 = CARTESIAN_POINT ( 'NONE',  ( 0.000000000000000000, -22.94058104297341671, -351.2916259697266241 ) ) ;
#3416 = CARTESIAN_POINT ( 'NONE',  ( 7.473399111002699158, 0.6513259350904582190, -338.4192183380034180 ) ) ;
#3417 = CARTESIAN_POINT ( 'NONE',  ( -30.00000000000000000, -0.3271344438929733589, -258.3350428043144120 ) ) ;
#3418 = CARTESIAN_POINT ( 'NONE',  ( -16.37531126343592902, 6.199045062734059641, -305.3876267065377306 ) ) ;
#3419 = CARTESIAN_POINT ( 'NONE',  ( -20.53366848166367475, 5.000000000000219380, -338.9121152687107497 ) ) ;
#3420 = CARTESIAN_POINT ( 'NONE',  ( -23.50391484078621929, 5.000000000000251354, -348.9578767150717340 ) ) ;
#3421 = FACE_OUTER_BOUND ( 'NONE', #3519, .T. ) ;
#3422 = CIRCLE ( 'NONE', #2205, 1.127285428411933355 ) ;
#3423 = VERTEX_POINT ( 'NONE', #2001 ) ;
#3425 = AXIS2_PLACEMENT_3D ( 'NONE', #2261, #2229, #3367 ) ;
#3424 = CARTESIAN_POINT ( 'NONE',  ( 0.000000000000000000, -23.52621183349084433, -334.7882220044681389 ) ) ;
#3426 = CARTESIAN_POINT ( 'NONE',  ( 0.000000000000000000, 15.00000000000000000, -336.0000000000000000 ) ) ;
#3427 = CARTESIAN_POINT ( 'NONE',  ( 5.000000000000005329, 24.48787753505513010, -335.5118404682566506 ) ) ;
#3428 = CARTESIAN_POINT ( 'NONE',  ( 0.000000000000000000, 26.14080198592635185, -337.7142433841773936 ) ) ;
#3429 = CIRCLE ( 'NONE', #3028, 50.00000000000000000 ) ;
#3430 = ORIENTED_EDGE ( 'NONE', *, *, #2103, .F. ) ;
#3431 = VECTOR ( 'NONE', #570, 1000.000000000000000 ) ;
#3432 = CARTESIAN_POINT ( 'NONE',  ( 2.483836109685246818, 7.076844188694928484, -336.3281612941164553 ) ) ;
#3433 = LOCAL_TIME ( 19, 32, 0.000000000000000000, #1836 ) ;
#3434 = EDGE_CURVE ( 'NONE', #3185, #1044, #3379, .T. ) ;
#3435 = DIRECTION ( 'NONE',  ( -0.3818257474019906561, 4.004886176730554322E-15, 0.9242343310118442679 ) ) ;
#3436 = CARTESIAN_POINT ( 'NONE',  ( -7.500000000000000000, 9.184850993605147944E-16, -340.0000000000000000 ) ) ;
#3437 = DIRECTION ( 'NONE',  ( -0.000000000000000000, 0.3401339700489968698, 0.9403769895200053686 ) ) ;
#3438 = CARTESIAN_POINT ( 'NONE',  ( 21.14486282628767100, -5.000000000000079936, -339.2759833987219054 ) ) ;
#3439 = CARTESIAN_POINT ( 'NONE',  ( 0.000000000000000000, -23.52621183349084433, -334.7882220044681389 ) ) ;
#3440 = CARTESIAN_POINT ( 'NONE',  ( -17.04817279432926824, 3.992208246284480566, -305.6416024395790032 ) ) ;
#3441 = CARTESIAN_POINT ( 'NONE',  ( -28.54861166975242881, 2.990308346836484971E-13, -346.0525470957490484 ) ) ;
#3442 = DIRECTION ( 'NONE',  ( -1.366692685318848345E-16, 0.000000000000000000, -1.000000000000000000 ) ) ;
#3443 = CARTESIAN_POINT ( 'NONE',  ( -28.23531764672898348, 2.957492539783373721E-13, -351.3018813774303908 ) ) ;
#3444 = ORIENTED_EDGE ( 'NONE', *, *, #2256, .F. ) ;
#3445 = PRODUCT_DEFINITION_SHAPE ( 'NONE', 'NONE',  #664 ) ;
#3446 = CARTESIAN_POINT ( 'NONE',  ( 5.000000000000005329, -20.79747242897318316, -339.0045997728645943 ) ) ;
#3447 = CARTESIAN_POINT ( 'NONE',  ( -1.882202008548183647, -7.260946368618517610, -337.6534181264278232 ) ) ;
#3448 = CARTESIAN_POINT ( 'NONE',  ( 5.000000000000005329, 25.77854879289000323, -337.1129459021298089 ) ) ;
#3449 = CARTESIAN_POINT ( 'NONE',  ( 25.29152351677343802, -8.830488238972688968E-14, -352.1419608948490350 ) ) ;
#3450 = VERTEX_POINT ( 'NONE', #3171 ) ;
#3451 = EDGE_LOOP ( 'NONE', ( #3560, #2380 ) ) ;
#3452 = DIRECTION ( 'NONE',  ( 1.000000000000000000, 0.000000000000000000, -1.431777657695698783E-16 ) ) ;
#3453 = ADVANCED_FACE ( 'NONE', ( #3135 ), #887, .T. ) ;
#3454 = CARTESIAN_POINT ( 'NONE',  ( 0.000000000000000000, 0.000000000000000000, -340.0000000000000000 ) ) ;
#3455 = EDGE_CURVE ( 'NONE', #1877, #2776, #662, .T. ) ;
#3456 = CARTESIAN_POINT ( 'NONE',  ( 14.99999999999999112, -2.500000000000054179, -336.0000000000000000 ) ) ;
#3457 = B_SPLINE_CURVE_WITH_KNOTS ( 'NONE', 3,
 ( #336, #2043, #3381, #3416, #612, #1419, #3137, #1460, #26, #2294, #2565, #1143, #2257, #908, #3361, #2312 ),
 .UNSPECIFIED., .F., .F.,
 ( 4, 2, 2, 2, 2, 2, 2, 4 ),
 ( 2.009363385564645800E-18, 0.0004922104435874251251, 0.0009844208871748480819, 0.001476631330762271039, 0.001968841774349694863, 0.002953262661524540342, 0.003445473105112039844, 0.003937683548699538912 ),
 .UNSPECIFIED. ) ;
#3458 = CARTESIAN_POINT ( 'NONE',  ( 0.000000000000000000, -22.27970408794294954, -334.2073279480806036 ) ) ;
#3459 = CARTESIAN_POINT ( 'NONE',  ( 23.38237633772796897, -5.000000000000087041, -345.0117091510177261 ) ) ;
#3460 = CARTESIAN_POINT ( 'NONE',  ( -22.82280726805826632, 5.000000000000245137, -342.5446931419174916 ) ) ;
#3461 = CARTESIAN_POINT ( 'NONE',  ( 24.48787753505513010, -8.549896744152797769E-14, -335.5118404682566506 ) ) ;
#3462 = ORIENTED_EDGE ( 'NONE', *, *, #2586, .F. ) ;
#3463 = CARTESIAN_POINT ( 'NONE',  ( -3.061616997868386592E-16, -20.82815769973551667, -339.0188788894475920 ) ) ;
#3464 = CARTESIAN_POINT ( 'NONE',  ( -1.652002957196621269, -7.316755619695856083, -337.8834442203571484 ) ) ;
#3465 = CARTESIAN_POINT ( 'NONE',  ( -40.00000000000000000, -41.90426888778601722, -168.2566363886433010 ) ) ;
#3466 = SHAPE_DEFINITION_REPRESENTATION ( #3445, #109 ) ;
#3467 = ORIENTED_EDGE ( 'NONE', *, *, #1049, .F. ) ;
#3468 = ORIENTED_EDGE ( 'NONE', *, *, #964, .T. ) ;
#3469 = CARTESIAN_POINT ( 'NONE',  ( 40.00000000000000000, -0.3271344438929733589, -309.1064706347661968 ) ) ;
#3470 = CARTESIAN_POINT ( 'NONE',  ( 5.000000000000005329, 23.38237633774817681, -345.0117091510177261 ) ) ;
#3471 = CARTESIAN_POINT ( 'NONE',  ( 7.071067811865484387, 2.499999999999976907, -336.0000000000000000 ) ) ;
#3472 = ADVANCED_FACE ( 'NONE', ( #2019 ), #11, .T. ) ;
#3473 = CYLINDRICAL_SURFACE ( 'NONE', #398, 2.500000000000001776 ) ;
#3474 = DIRECTION ( 'NONE',  ( 2.733385370637696691E-16, 8.883502454572514738E-16, 1.000000000000000000 ) ) ;
#3475 = CARTESIAN_POINT ( 'NONE',  ( -6.214241165756010155, 16.36945448157103655, -302.8044578923551740 ) ) ;
#3476 = CARTESIAN_POINT ( 'NONE',  ( 28.23531764672898348, -9.858308465934990729E-14, -351.3018813774303908 ) ) ;
#3477 = CARTESIAN_POINT ( 'NONE',  ( -15.64014409436190967, -4.999999999999841904, -338.4918484924057793 ) ) ;
#3478 = CARTESIAN_POINT ( 'NONE',  ( 20.65287768296374438, -7.241529872325683095E-14, -338.9495670264251430 ) ) ;
#3479 = FACE_OUTER_BOUND ( 'NONE', #256, .T. ) ;
#3480 = ADVANCED_FACE ( 'NONE', ( #2052 ), #2612, .T. ) ;
#3481 = ORIENTED_EDGE ( 'NONE', *, *, #3192, .F. ) ;
#3482 = CARTESIAN_POINT ( 'NONE',  ( 27.12167573721353619, -9.469482471462222858E-14, -339.6567022317279907 ) ) ;
#3483 = FACE_BOUND ( 'NONE', #3267, .T. ) ;
#3484 = CIRCLE ( 'NONE', #337, 50.77142783045179897 ) ;
#3485 = CARTESIAN_POINT ( 'NONE',  ( 30.00000000000000711, -0.3271344438929733589, -258.3350428043144120 ) ) ;
#3486 = APPROVAL_ROLE ( '' ) ;
#3487 = ORIENTED_EDGE ( 'NONE', *, *, #1057, .F. ) ;
#3488 =( BOUNDED_SURFACE ( )  B_SPLINE_SURFACE ( 3, 3, ( 
 ( #1937, #273, #1423, #1385, #2496, #3607, #1112, #420, #363, #670, #382, #689, #894, #634, #1812, #2046, #3441, #2605, #2060, #2298 ),
 ( #1482, #3194, #69, #2922, #1539, #104, #1224, #3403, #3121, #2628, #2588, #1736, #87, #2078, #1760, #1519, #2316, #1464, #1186, #1204 ),
 ( #3161, #2570, #1793, #950, #2843, #2336, #653, #2643, #2373, #343, #930, #3141, #2883, #2867, #3460, #1243, #2355, #3420, #616, #142 ),
 ( #3178, #912, #2025, #2898, #399, #1776, #124, #1260, #1499, #965, #2008, #159, #3230, #1313, #2409, #2424, #491, #2697, #180, #474 ),
 ( #1846, #3477, #1278, #235, #2155, #2993, #2713, #1348, #1596, #2661, #3011, #725, #3247, #2391, #3214, #1297, #3501, #197, #1004, #3534 ),
 ( #3517, #215, #1019, #778, #455, #1036, #3264, #2137, #1901, #1884, #762, #2954, #2120, #1612, #1576, #507, #708, #2975, #1328, #2441 ),
 ( #743, #982, #3553, #1866, #1058, #2099, #2175, #2679, #3279, #1627, #2732, #1830, #2938, #436, #1557, #251, #1072, #576, #1934, #3293 ) ),
 .UNSPECIFIED., .T., .F., .F. ) 
 B_SPLINE_SURFACE_WITH_KNOTS ( ( 4, 3, 4 ),
 ( 4, 2, 2, 2, 2, 2, 2, 2, 2, 4 ),
 ( 0.000000000000000000, 0.5000000000000000000, 1.000000000000000000 ),
 ( 0.000000000000000000, 0.1601717819196981085, 0.3203435638393962170, 0.3703435638394153573, 0.4203435638394345530, 0.4928006183595052825, 0.5652576728795759564, 0.7101717819197173043, 0.8550858909598586521, 1.000000000000000000 ),
 .UNSPECIFIED. ) 
 GEOMETRIC_REPRESENTATION_ITEM ( )  RATIONAL_B_SPLINE_SURFACE ( (
 ( 1.000000000000000000, 1.000000000000000000, 1.000000000000000000, 1.000000000000000000, 1.000000000000000000, 1.000000000000000000, 1.000000000000000000, 1.000000000000000000, 1.000000000000000000, 1.000000000000000000, 1.000000000000000000, 1.000000000000000000, 1.000000000000000000, 1.000000000000000000, 1.000000000000000000, 1.000000000000000000, 1.000000000000000000, 1.000000000000000000, 1.000000000000000000, 1.000000000000000000),
 ( 0.3333333333333333703, 0.3333333333333333703, 0.3333333333333333703, 0.3333333333333333703, 0.3333333333333333703, 0.3333333333333333703, 0.3333333333333333703, 0.3333333333333333703, 0.3333333333333333703, 0.3333333333333333703, 0.3333333333333333703, 0.3333333333333333703, 0.3333333333333333703, 0.3333333333333333703, 0.3333333333333333703, 0.3333333333333333703, 0.3333333333333333703, 0.3333333333333333703, 0.3333333333333333703, 0.3333333333333333703),
 ( 0.3333333333333333703, 0.3333333333333333703, 0.3333333333333333703, 0.3333333333333333703, 0.3333333333333333703, 0.3333333333333333703, 0.3333333333333333703, 0.3333333333333333703, 0.3333333333333333703, 0.3333333333333333703, 0.3333333333333333703, 0.3333333333333333703, 0.3333333333333333703, 0.3333333333333333703, 0.3333333333333333703, 0.3333333333333333703, 0.3333333333333333703, 0.3333333333333333703, 0.3333333333333333703, 0.3333333333333333703),
 ( 1.000000000000000000, 1.000000000000000000, 1.000000000000000000, 1.000000000000000000, 1.000000000000000000, 1.000000000000000000, 1.000000000000000000, 1.000000000000000000, 1.000000000000000000, 1.000000000000000000, 1.000000000000000000, 1.000000000000000000, 1.000000000000000000, 1.000000000000000000, 1.000000000000000000, 1.000000000000000000, 1.000000000000000000, 1.000000000000000000, 1.000000000000000000, 1.000000000000000000),
 ( 0.3333333333333333703, 0.3333333333333333703, 0.3333333333333333703, 0.3333333333333333703, 0.3333333333333333703, 0.3333333333333333703, 0.3333333333333333703, 0.3333333333333333703, 0.3333333333333333703, 0.3333333333333333703, 0.3333333333333333703, 0.3333333333333333703, 0.3333333333333333703, 0.3333333333333333703, 0.3333333333333333703, 0.3333333333333333703, 0.3333333333333333703, 0.3333333333333333703, 0.3333333333333333703, 0.3333333333333333703),
 ( 0.3333333333333333703, 0.3333333333333333703, 0.3333333333333333703, 0.3333333333333333703, 0.3333333333333333703, 0.3333333333333333703, 0.3333333333333333703, 0.3333333333333333703, 0.3333333333333333703, 0.3333333333333333703, 0.3333333333333333703, 0.3333333333333333703, 0.3333333333333333703, 0.3333333333333333703, 0.3333333333333333703, 0.3333333333333333703, 0.3333333333333333703, 0.3333333333333333703, 0.3333333333333333703, 0.3333333333333333703),
 ( 1.000000000000000000, 1.000000000000000000, 1.000000000000000000, 1.000000000000000000, 1.000000000000000000, 1.000000000000000000, 1.000000000000000000, 1.000000000000000000, 1.000000000000000000, 1.000000000000000000, 1.000000000000000000, 1.000000000000000000, 1.000000000000000000, 1.000000000000000000, 1.000000000000000000, 1.000000000000000000, 1.000000000000000000, 1.000000000000000000, 1.000000000000000000, 1.000000000000000000) ) ) 
 REPRESENTATION_ITEM ( '' )  SURFACE ( )  );
#3489 = VERTEX_POINT ( 'NONE', #883 ) ;
#3490 = CIRCLE ( 'NONE', #1337, 1.127285428411933355 ) ;
#3491 = LINE ( 'NONE', #973, #3199 ) ;
#3492 = CARTESIAN_POINT ( 'NONE',  ( 0.000000000000000000, 19.14206404499947567, -333.6278838779329590 ) ) ;
#3493 = AXIS2_PLACEMENT_3D ( 'NONE', #374, #2328, #2292 ) ;
#3494 = DIRECTION ( 'NONE',  ( -1.000000000000000000, 0.000000000000000000, -0.000000000000000000 ) ) ;
#3495 = APPROVAL_PERSON_ORGANIZATION ( #732, #848, #1617 ) ;
#3496 = CARTESIAN_POINT ( 'NONE',  ( 0.000000000000000000, -15.00000000000000000, -333.5000000000000000 ) ) ;
#3497 = CARTESIAN_POINT ( 'NONE',  ( 0.000000000000000000, -19.14206404499947567, -333.6278838779329590 ) ) ;
#3498 = CARTESIAN_POINT ( 'NONE',  ( 8.783106517577373040, 15.14700860716509290, -303.2447590054665056 ) ) ;
#3499 = CARTESIAN_POINT ( 'NONE',  ( 20.37346398396780955, -5.000000000000075495, -333.7390229158967259 ) ) ;
#3500 = CARTESIAN_POINT ( 'NONE',  ( -20.79747242897324000, -4.999999999999788614, -339.0045997728645943 ) ) ;
#3501 = CARTESIAN_POINT ( 'NONE',  ( -23.53851726286347201, -4.999999999999759304, -346.3552519128185168 ) ) ;
#3502 = CARTESIAN_POINT ( 'NONE',  ( 23.53851726284230850, -8.249045546654079343E-14, -346.3552519128185168 ) ) ;
#3503 = CARTESIAN_POINT ( 'NONE',  ( 22.19233861233545824, 3.727070167024609137, -305.6631746946524117 ) ) ;
#3504 = EDGE_CURVE ( 'NONE', #1605, #1877, #2164, .T. ) ;
#3505 = VERTEX_POINT ( 'NONE', #919 ) ;
#3506 = CARTESIAN_POINT ( 'NONE',  ( 23.53851726284236534, 4.999999999999922728, -346.3552519128185168 ) ) ;
#3507 = EDGE_CURVE ( 'NONE', #1336, #3029, #1106, .T. ) ;
#3508 = CYLINDRICAL_SURFACE ( 'NONE', #2494, 2.500000000000002220 ) ;
#3509 = CARTESIAN_POINT ( 'NONE',  ( 5.000000000000005329, 21.88892678961155980, -334.0963682416404481 ) ) ;
#3510 = EDGE_LOOP ( 'NONE', ( #499, #199, #346, #3285, #2700 ) ) ;
#3511 = CARTESIAN_POINT ( 'NONE',  ( -6.135113429574523103, -16.39897685261243510, -303.0340061440771819 ) ) ;
#3512 = CARTESIAN_POINT ( 'NONE',  ( 5.000000000000005329, 22.41613585559580457, -341.4191863349708456 ) ) ;
#3513 = CARTESIAN_POINT ( 'NONE',  ( 7.232806191136947227, 1.986289208847809684, -334.4732544168981576 ) ) ;
#3514 = CARTESIAN_POINT ( 'NONE',  ( -17.50000000000000355, 2.344143960054132761E-15, -305.8339162968049436 ) ) ;
#3515 = CARTESIAN_POINT ( 'NONE',  ( -5.000000000000005329, -27.63585913147470308, -341.1395218688211344 ) ) ;
#3516 = CARTESIAN_POINT ( 'NONE',  ( 22.27970408794294954, -7.778917105800198260E-14, -334.2073279480806036 ) ) ;
#3517 = CARTESIAN_POINT ( 'NONE',  ( -15.00000000000005151, -4.999999999999848121, -333.5000000000000000 ) ) ;
#3518 = CARTESIAN_POINT ( 'NONE',  ( -16.80894403190034936, 1.760643432391578786E-13, -333.4978844596955128 ) ) ;
#3519 = EDGE_LOOP ( 'NONE', ( #638, #914, #802 ) ) ;
#3520 = EDGE_CURVE ( 'NONE', #1928, #1654, #62, .T. ) ;
#3521 = CARTESIAN_POINT ( 'NONE',  ( -7.260629735670994123, 1.883444052320672357, -337.6520562388424764 ) ) ;
#3522 = FACE_OUTER_BOUND ( 'NONE', #1350, .T. ) ;
#3523 = CARTESIAN_POINT ( 'NONE',  ( 3.061616997868386592E-16, 19.70304487559264572, -338.7229328805124737 ) ) ;
#3524 = COORDINATED_UNIVERSAL_TIME_OFFSET ( 1, 0, .AHEAD. ) ;
#3525 = ORIENTED_EDGE ( 'NONE', *, *, #454, .F. ) ;
#3526 = CARTESIAN_POINT ( 'NONE',  ( 0.6510480670827439864, 7.473421348229409844, -338.4192866639411932 ) ) ;
#3527 = CARTESIAN_POINT ( 'NONE',  ( 0.000000000000000000, 16.80894403190034936, -333.4978844596955128 ) ) ;
#3528 = EDGE_CURVE ( 'NONE', #1795, #2499, #292, .T. ) ;
#3529 = CARTESIAN_POINT ( 'NONE',  ( 1.652675295458612581, -7.316609038782377006, -337.8829002339012391 ) ) ;
#3530 = CARTESIAN_POINT ( 'NONE',  ( -12.73120306188519635, -18.55527192023308558, -302.1988352985666211 ) ) ;
#3531 =( BOUNDED_SURFACE ( )  B_SPLINE_SURFACE ( 3, 3, ( 
 ( #2729, #1844, #2970, #3497, #1827, #2405, #1000, #2422, #3227, #2694, #433, #1016, #2438, #2134, #3009, #175, #3259, #760, #741, #231 ),
 ( #488, #2951, #723, #2711, #1569, #1346, #1553, #1592, #2657, #1294, #2457, #1610, #2095, #2173, #3515, #213, #3210, #3548, #3244, #706 ),
 ( #471, #194, #3568, #1272, #3277, #776, #1898, #2386, #2116, #1695, #814, #283, #3291, #3075, #2541, #2512, #1084, #6, #1660, #2747 ),
 ( #3096, #1931, #3043, #591, #1913, #1712, #572, #2799, #302, #3581, #849, #1141, #318, #2222, #2239, #247, #24, #2817, #3329, #1417 ),
 ( #522, #1948, #1360, #2526, #1377, #2254, #1399, #1069, #3359, #1962, #866, #1982, #2200, #3059, #1434, #1123, #2779, #539, #1646, #2471 ),
 ( #2186, #793, #3310, #264, #2762, #3023, #2488, #3597, #1105, #557, #832, #1676, #3344, #1456, #1493, #60, #2893, #3155, #1510, #3414 ),
 ( #2055, #2581, #2599, #334, #924, #2274, #1197, #2877, #2310, #2038, #80, #647, #2619, #1770, #1179, #1158, #943, #119, #2563, #392 ) ),
 .UNSPECIFIED., .T., .F., .F. ) 
 B_SPLINE_SURFACE_WITH_KNOTS ( ( 4, 3, 4 ),
 ( 4, 2, 2, 2, 2, 2, 2, 2, 2, 4 ),
 ( 0.000000000000000000, 0.5000000000000000000, 1.000000000000000000 ),
 ( 0.000000000000000000, 0.1601717819196981085, 0.3203435638393962170, 0.3703435638394153573, 0.4203435638394345530, 0.4928006183595052825, 0.5652576728795759564, 0.7101717819197173043, 0.8550858909598586521, 1.000000000000000000 ),
 .UNSPECIFIED. ) 
 GEOMETRIC_REPRESENTATION_ITEM ( )  RATIONAL_B_SPLINE_SURFACE ( (
 ( 1.000000000000000000, 1.000000000000000000, 1.000000000000000000, 1.000000000000000000, 1.000000000000000000, 1.000000000000000000, 1.000000000000000000, 1.000000000000000000, 1.000000000000000000, 1.000000000000000000, 1.000000000000000000, 1.000000000000000000, 1.000000000000000000, 1.000000000000000000, 1.000000000000000000, 1.000000000000000000, 1.000000000000000000, 1.000000000000000000, 1.000000000000000000, 1.000000000000000000),
 ( 0.3333333333333333703, 0.3333333333333333703, 0.3333333333333333703, 0.3333333333333333703, 0.3333333333333333703, 0.3333333333333333703, 0.3333333333333333703, 0.3333333333333333703, 0.3333333333333333703, 0.3333333333333333703, 0.3333333333333333703, 0.3333333333333333703, 0.3333333333333333703, 0.3333333333333333703, 0.3333333333333333703, 0.3333333333333333703, 0.3333333333333333703, 0.3333333333333333703, 0.3333333333333333703, 0.3333333333333333703),
 ( 0.3333333333333333703, 0.3333333333333333703, 0.3333333333333333703, 0.3333333333333333703, 0.3333333333333333703, 0.3333333333333333703, 0.3333333333333333703, 0.3333333333333333703, 0.3333333333333333703, 0.3333333333333333703, 0.3333333333333333703, 0.3333333333333333703, 0.3333333333333333703, 0.3333333333333333703, 0.3333333333333333703, 0.3333333333333333703, 0.3333333333333333703, 0.3333333333333333703, 0.3333333333333333703, 0.3333333333333333703),
 ( 1.000000000000000000, 1.000000000000000000, 1.000000000000000000, 1.000000000000000000, 1.000000000000000000, 1.000000000000000000, 1.000000000000000000, 1.000000000000000000, 1.000000000000000000, 1.000000000000000000, 1.000000000000000000, 1.000000000000000000, 1.000000000000000000, 1.000000000000000000, 1.000000000000000000, 1.000000000000000000, 1.000000000000000000, 1.000000000000000000, 1.000000000000000000, 1.000000000000000000),
 ( 0.3333333333333333703, 0.3333333333333333703, 0.3333333333333333703, 0.3333333333333333703, 0.3333333333333333703, 0.3333333333333333703, 0.3333333333333333703, 0.3333333333333333703, 0.3333333333333333703, 0.3333333333333333703, 0.3333333333333333703, 0.3333333333333333703, 0.3333333333333333703, 0.3333333333333333703, 0.3333333333333333703, 0.3333333333333333703, 0.3333333333333333703, 0.3333333333333333703, 0.3333333333333333703, 0.3333333333333333703),
 ( 0.3333333333333333703, 0.3333333333333333703, 0.3333333333333333703, 0.3333333333333333703, 0.3333333333333333703, 0.3333333333333333703, 0.3333333333333333703, 0.3333333333333333703, 0.3333333333333333703, 0.3333333333333333703, 0.3333333333333333703, 0.3333333333333333703, 0.3333333333333333703, 0.3333333333333333703, 0.3333333333333333703, 0.3333333333333333703, 0.3333333333333333703, 0.3333333333333333703, 0.3333333333333333703, 0.3333333333333333703),
 ( 1.000000000000000000, 1.000000000000000000, 1.000000000000000000, 1.000000000000000000, 1.000000000000000000, 1.000000000000000000, 1.000000000000000000, 1.000000000000000000, 1.000000000000000000, 1.000000000000000000, 1.000000000000000000, 1.000000000000000000, 1.000000000000000000, 1.000000000000000000, 1.000000000000000000, 1.000000000000000000, 1.000000000000000000, 1.000000000000000000, 1.000000000000000000, 1.000000000000000000) ) ) 
 REPRESENTATION_ITEM ( '' )  SURFACE ( )  );
#3532 = CARTESIAN_POINT ( 'NONE',  ( 40.00000000000000000, -41.25000000000000000, -28.25663638864329030 ) ) ;
#3533 = CARTESIAN_POINT ( 'NONE',  ( 20.79747242897407489, -5.000000000000077272, -339.0045997728645943 ) ) ;
#3534 = CARTESIAN_POINT ( 'NONE',  ( -22.94058104297347356, -4.999999999999765521, -351.2916259697266241 ) ) ;
#3535 = CARTESIAN_POINT ( 'NONE',  ( -3.695922148585341294, 22.19753360642942752, -300.1548143212361879 ) ) ;
#3536 = CARTESIAN_POINT ( 'NONE',  ( -15.00000000000000000, 1.571166602479409884E-13, -333.5000000000000000 ) ) ;
#3537 = DIRECTION ( 'NONE',  ( 0.000000000000000000, 0.000000000000000000, 1.000000000000000000 ) ) ;
#3538 = CARTESIAN_POINT ( 'NONE',  ( 5.000000000000005329, 20.53366848166273684, -338.9121152687107497 ) ) ;
#3539 = APPROVAL_DATE_TIME ( #1875, #892 ) ;
#3540 = VERTEX_POINT ( 'NONE', #642 ) ;
#3541 = ORIENTED_EDGE ( 'NONE', *, *, #599, .F. ) ;
#3542 = AXIS2_PLACEMENT_3D ( 'NONE', #3346, #649, #1772 ) ;
#3543 = CARTESIAN_POINT ( 'NONE',  ( -5.000000000000005329, 20.37346398396783442, -333.7390229158967259 ) ) ;
#3544 = CIRCLE ( 'NONE', #1220, 2.500000000000002220 ) ;
#3545 = CARTESIAN_POINT ( 'NONE',  ( -1.986727745646947652, 7.232685591739737241, -334.4738197100749062 ) ) ;
#3546 = CARTESIAN_POINT ( 'NONE',  ( -7.076908402581285173, 2.483655492520411734, -335.6703503060744538 ) ) ;
#3547 = AXIS2_PLACEMENT_3D ( 'NONE', #2820, #817, #2529 ) ;
#3548 = CARTESIAN_POINT ( 'NONE',  ( -5.000000000000005329, -28.49011611213813921, -349.5327445574391731 ) ) ;
#3549 = DESIGN_CONTEXT ( 'detailed design', #540, 'design' ) ;
#3550 = CIRCLE ( 'NONE', #2621, 50.77142783045179897 ) ;
#3551 = CARTESIAN_POINT ( 'NONE',  ( 26.14080198591807047, 4.999999999999914735, -337.7142433841773936 ) ) ;
#3552 = VECTOR ( 'NONE', #847, 1000.000000000000000 ) ;
#3553 = CARTESIAN_POINT ( 'NONE',  ( -16.80894403190034936, 1.760643432391578786E-13, -333.4978844596955128 ) ) ;
#3554 = AXIS2_PLACEMENT_3D ( 'NONE', #1233, #331, #2342 ) ;
#3555 = AXIS2_PLACEMENT_3D ( 'NONE', #375, #2255, #1494 ) ;
#3556 = CARTESIAN_POINT ( 'NONE',  ( 19.07106012963604158, 11.96128335035849055, -304.2222607866053181 ) ) ;
#3557 = ORIENTED_EDGE ( 'NONE', *, *, #63, .T. ) ;
#3558 = CARTESIAN_POINT ( 'NONE',  ( -29.99999999999999289, -0.3271344438929733589, -258.3350428043144120 ) ) ;
#3559 = CARTESIAN_POINT ( 'NONE',  ( 5.000000000000005329, 19.70304487559264928, -338.7229328805124737 ) ) ;
#3560 = ORIENTED_EDGE ( 'NONE', *, *, #1459, .F. ) ;
#3561 = ORIENTED_EDGE ( 'NONE', *, *, #1386, .T. ) ;
#3562 = AXIS2_PLACEMENT_3D ( 'NONE', #1415, #1710, #372 ) ;
#3563 = CARTESIAN_POINT ( 'NONE',  ( -16.98024163074375892, -4.271149112616146937, -305.6742775040257243 ) ) ;
#3564 = CARTESIAN_POINT ( 'NONE',  ( -5.000000000000005329, 21.76568028555520939, -340.1474355323161376 ) ) ;
#3565 = DIRECTION ( 'NONE',  ( -1.000000000000000000, 0.000000000000000000, 0.000000000000000000 ) ) ;
#3566 = CARTESIAN_POINT ( 'NONE',  ( 5.832145978760414629, -21.74332379611425381, -300.7337841648399035 ) ) ;
#3567 = EDGE_CURVE ( 'NONE', #1635, #183, #2450, .T. ) ;
#3568 = CARTESIAN_POINT ( 'NONE',  ( -5.000000000000005329, -16.63131480189348821, -338.4971743906191932 ) ) ;
#3569 = CARTESIAN_POINT ( 'NONE',  ( 20.96851650090520280, 4.999999999999931610, -339.1156999729153654 ) ) ;
#3570 = CARTESIAN_POINT ( 'NONE',  ( -16.63131480189349176, 1.745099375135343488E-13, -338.4971743906191364 ) ) ;
#3571 = CARTESIAN_POINT ( 'NONE',  ( -15.00000000000000000, 1.571166602479409884E-13, -336.0000000000000000 ) ) ;
#3572 = ORIENTED_EDGE ( 'NONE', *, *, #3608, .F. ) ;
#3573 = LINE ( 'NONE', #1615, #3596 ) ;
#3574 = CARTESIAN_POINT ( 'NONE',  ( -5.000000000000005329, 14.99999999999999822, -338.5000000000000568 ) ) ;
#3575 = EDGE_LOOP ( 'NONE', ( #3017, #116, #2338, #3016 ) ) ;
#3576 = EDGE_LOOP ( 'NONE', ( #3013, #1904, #1414, #2596 ) ) ;
#3577 = CARTESIAN_POINT ( 'NONE',  ( -7.500000000001334044, 4.034058286185506710E-13, -333.4999999999960210 ) ) ;
#3578 = CARTESIAN_POINT ( 'NONE',  ( -5.000000000000005329, 19.70304487559264928, -338.7229328805124737 ) ) ;
#3579 = CARTESIAN_POINT ( 'NONE',  ( 7.395270610160434188, 1.256526009995406312, -333.8326137178917747 ) ) ;
#3580 = CARTESIAN_POINT ( 'NONE',  ( 13.03885951875102656, -18.35095280647665206, -302.2847729428917205 ) ) ;
#3581 = CARTESIAN_POINT ( 'NONE',  ( -3.061616997868386592E-16, -20.96851650090802721, -339.1156999729153654 ) ) ;
#3582 = CARTESIAN_POINT ( 'NONE',  ( 15.00000000000001776, 4.999999999999953815, -333.5000000000000000 ) ) ;
#3583 = CARTESIAN_POINT ( 'NONE',  ( 28.23531764674938316, 4.999999999999906741, -351.3018813774304476 ) ) ;
#3584 = CARTESIAN_POINT ( 'NONE',  ( -40.00000000000000000, 49.39730102783496335, -248.0774406985227358 ) ) ;
#3585 = CARTESIAN_POINT ( 'NONE',  ( 3.061616997868385113E-16, -15.00000000000000000, -338.5000000000000000 ) ) ;
#3586 = CARTESIAN_POINT ( 'NONE',  ( -23.52621183349084433, 2.464239887709248972E-13, -334.7882220044681389 ) ) ;
#3587 = DIRECTION ( 'NONE',  ( 1.000000000000000000, 0.000000000000000000, 0.000000000000000000 ) ) ;
#3588 = CARTESIAN_POINT ( 'NONE',  ( -5.000000000000005329, 23.50391484076517301, -348.9578767150717340 ) ) ;
#3589 = EDGE_LOOP ( 'NONE', ( #2123, #3337 ) ) ;
#3590 = ORIENTED_EDGE ( 'NONE', *, *, #1484, .F. ) ;
#3591 = CARTESIAN_POINT ( 'NONE',  ( 0.000000000000000000, -26.14080198592635185, -337.7142433841773936 ) ) ;
#3592 = CARTESIAN_POINT ( 'NONE',  ( -7.099184890008703341, -2.419241768431615647, -335.3487720871522129 ) ) ;
#3593 = CARTESIAN_POINT ( 'NONE',  ( -5.000000000000005329, 27.64246599057346643, -352.9922958199715026 ) ) ;
#3594 = CARTESIAN_POINT ( 'NONE',  ( 0.000000000000000000, 0.000000000000000000, -325.0000000000000000 ) ) ;
#3595 = CARTESIAN_POINT ( 'NONE',  ( -2.957040484977981443, -22.35354481609197563, -300.4205821121111057 ) ) ;
#3596 = VECTOR ( 'NONE', #1561, 1000.000000000000000 ) ;
#3597 = CARTESIAN_POINT ( 'NONE',  ( 5.000000000000005329, -23.10099649808227440, -334.5516039357306681 ) ) ;
#3598 = CARTESIAN_POINT ( 'NONE',  ( 22.94058104297347356, 4.999999999999925393, -351.2916259697266241 ) ) ;
#3599 = AXIS2_PLACEMENT_3D ( 'NONE', #3335, #1684, #1147 ) ;
#3600 = CARTESIAN_POINT ( 'NONE',  ( 15.72797534188301682, -5.491393240398750419E-14, -333.4918484924627364 ) ) ;
#3601 = CARTESIAN_POINT ( 'NONE',  ( -23.50391484076516946, 2.464966018696967414E-13, -348.9578767150717908 ) ) ;
#3602 = DIRECTION ( 'NONE',  ( 0.000000000000000000, -0.9403769895200101425, 0.3401339700489838247 ) ) ;
#3603 = CIRCLE ( 'NONE', #987, 1.168479031451809869 ) ;
#3604 = AXIS2_PLACEMENT_3D ( 'NONE', #681, #2326, #2668 ) ;
#3605 = ORIENTED_EDGE ( 'NONE', *, *, #898, .T. ) ;
#3606 = CIRCLE ( 'NONE', #1167, 1.168479031451785666 ) ;
#3607 = CARTESIAN_POINT ( 'NONE',  ( -21.88892678961155980, 2.292743382396531718E-13, -334.0963682416403913 ) ) ;
#3608 = EDGE_CURVE ( 'NONE', #3505, #2924, #3318, .T. ) ;
#3609 = CARTESIAN_POINT ( 'NONE',  ( -5.000000000000005329, 15.72797534188301860, -333.4918484924627364 ) ) ;
#3610 = ORIENTED_EDGE ( 'NONE', *, *, #1640, .T. ) ;
#3611 = ORIENTED_EDGE ( 'NONE', *, *, #2172, .T. ) ;
ENDSEC;
END-ISO-10303-21;
